"Дата операции";"Дата платежа";"Номер карты";"Статус";"Сумма операции";"Валюта операции";"Сумма платежа";"Валюта платежа";"Кэшбэк";"Категория";"MCC";"Описание";"Бонусы (включая кэшбэк)";"Округление на инвесткопилку";"Сумма операции с округлением"
"16.02.2026 12:03:17";"16.02.2026";"*1405";"OK";"-10000,00";"RUB";"-10000,00";"RUB";"";"Переводы";"";"Юлия К.";"0,00";"0,00";"-10000,00"
"15.02.2026 00:23:09";"15.02.2026";"*1372";"OK";"100000,00";"RUB";"100000,00";"RUB";"";"Переводы";"";"Между своими счетами";"0,00";"0,00";"100000,00"
"15.02.2026 00:23:08";"15.02.2026";"*1405";"OK";"-100000,00";"RUB";"-100000,00";"RUB";"";"Переводы";"";"Между своими счетами";"0,00";"0,00";"-100000,00"
"15.02.2026 00:22:37";"15.02.2026";"*1372";"OK";"5400,00";"RUB";"5400,00";"RUB";"";"Переводы";"";"Между своими счетами";"0,00";"0,00";"5400,00"
"15.02.2026 00:22:36";"15.02.2026";"*1405";"OK";"-5400,00";"RUB";"-5400,00";"RUB";"";"Переводы";"";"Между своими счетами";"0,00";"0,00";"-5400,00"
"15.02.2026 00:19:56";"15.02.2026";"*4347";"OK";"113189,85";"RUB";"113189,85";"RUB";"";"Переводы";"6536";"Пополнение. WHITE BIRD TO RU MOSCOW RUS";"0,00";"0,00";"113189,85"
"14.02.2026 13:17:08";"14.02.2026";"";"OK";"2000,00";"RUB";"2000,00";"RUB";"";"Переводы";"";"Алексей М.";"0,00";"0,00";"2000,00"
"09.02.2026 12:54:15";"09.02.2026";"*1372";"OK";"-13000,00";"RUB";"-13000,00";"RUB";"";"Переводы";"";"Оксана И.";"0,00";"0,00";"-13000,00"
"09.02.2026 00:15:47";"09.02.2026";"*1372";"OK";"-20000,00";"RUB";"-20000,00";"RUB";"";"Переводы";"";"Юлия К.";"0,00";"0,00";"-20000,00"
"08.02.2026 23:49:21";"09.02.2026";"*1372";"OK";"-640,00";"RUB";"-640,00";"RUB";"";"Связь";"4816";"Antiplagiat";"0,00";"0,00";"-640,00"
"08.02.2026 22:25:21";"09.02.2026";"*1372";"OK";"-10000,00";"RUB";"-10000,00";"RUB";"";"Переводы";"";"Александр Д.";"0,00";"0,00";"-10000,00"
"26.01.2026 00:00:00";"";"";"OK";"-2432,58";"RUB";"-2432,58";"RUB";"";"Услуги банка";"";"Плата по кредитке";"0,00";"0,00";"-2432,58"
"21.01.2026 16:57:30";"21.01.2026";"*1372";"OK";"-1740,00";"RUB";"-1740,00";"RUB";"";"Услуги банка";"";"Комиссия за операцию";"0,00";"0,00";"-1740,00"
"21.01.2026 16:57:30";"21.01.2026";"*1372";"OK";"-50000,00";"RUB";"-50000,00";"RUB";"";"Переводы";"";"Юлия К.";"0,00";"0,00";"-50000,00"
"20.01.2026 09:26:13";"20.01.2026";"*1372";"OK";"-4140,00";"RUB";"-4140,00";"RUB";"";"Сервис";"7372";"BeGet";"0,00";"0,00";"-4140,00"
"16.01.2026 13:10:37";"16.01.2026";"*1372";"OK";"-435,00";"RUB";"-435,00";"RUB";"";"Услуги банка";"";"Комиссия за операцию";"0,00";"0,00";"-435,00"
"16.01.2026 13:10:37";"16.01.2026";"*1372";"OK";"-25000,00";"RUB";"-25000,00";"RUB";"";"Переводы";"";"Юлия К.";"0,00";"0,00";"-25000,00"
"14.01.2026 22:17:25";"15.01.2026";"*1372";"OK";"-334,74";"RUB";"-334,74";"RUB";"";"Цифровые товары";"5816";"FunPay";"0,00";"0,00";"-334,74"
"13.01.2026 16:54:21";"13.01.2026";"*1405";"OK";"-6500,00";"RUB";"-6500,00";"RUB";"";"Переводы";"";"Пополнение Инвесткопилки";"0,00";"0,00";"-6500,00"
"13.01.2026 16:52:13";"13.01.2026";"*1372";"OK";"121995,36";"RUB";"121995,36";"RUB";"";"Переводы";"";"Между своими счетами";"0,00";"0,00";"121995,36"
"13.01.2026 16:52:12";"13.01.2026";"*1405";"OK";"-121995,36";"RUB";"-121995,36";"RUB";"";"Переводы";"";"Между своими счетами";"0,00";"0,00";"-121995,36"
"13.01.2026 16:51:39";"13.01.2026";"*1405";"OK";"-25000,00";"RUB";"-25000,00";"RUB";"";"Переводы";"";"Юлия К.";"0,00";"0,00";"-25000,00"
"13.01.2026 16:40:24";"13.01.2026";"";"OK";"-100000,00";"RUB";"-100000,00";"RUB";"";"Образование";"8220";"ООО ""СЛЁРМ"" / slurm.io";"0,00";"0,00";"-100000,00"
"13.01.2026 16:38:20";"13.01.2026";"*1405";"OK";"-100000,00";"RUB";"-100000,00";"RUB";"";"Образование";"8299";"Слёрм";"0,00";"0,00";"-100000,00"
"13.01.2026 16:02:39";"13.01.2026";"*4347";"OK";"353152,80";"RUB";"353152,80";"RUB";"";"Переводы";"6536";"Пополнение. WHITE BIRD TO RU MOSCOW RUS";"0,00";"0,00";"353152,80"
"08.01.2026 21:46:57";"08.01.2026";"*1372";"OK";"-80000,00";"RUB";"-80000,00";"RUB";"";"Переводы";"";"Алексей М.";"0,00";"0,00";"-80000,00"
"08.01.2026 02:17:21";"08.01.2026";"*1405";"OK";"-20000,00";"RUB";"-20000,00";"RUB";"";"Переводы";"";"Юлия К.";"0,00";"0,00";"-20000,00"
"04.01.2026 23:17:52";"05.01.2026";"";"OK";"13700,00";"RUB";"13700,00";"RUB";"";"Переводы";"";"Вадим Я.";"0,00";"0,00";"13700,00"
"03.01.2026 17:56:58";"03.01.2026";"*1405";"OK";"-16000,00";"RUB";"-16000,00";"RUB";"";"Переводы";"";"Вадим Я.";"0,00";"0,00";"-16000,00"
"30.12.2025 13:12:27";"30.12.2025";"*4347";"OK";"-649,00";"RUB";"-649,00";"RUB";"";"Различные товары";"5999";"WARFAL";"0,00";"51,00";"-700,00"
"30.12.2025 10:58:17";"30.12.2025";"*1372";"OK";"14166,00";"RUB";"14166,00";"RUB";"";"Переводы";"";"Между своими счетами";"0,00";"0,00";"14166,00"
"30.12.2025 10:58:16";"30.12.2025";"*1405";"OK";"-14166,00";"RUB";"-14166,00";"RUB";"";"Переводы";"";"Между своими счетами";"0,00";"0,00";"-14166,00"
"29.12.2025 21:52:03";"30.12.2025";"*1372";"OK";"-4921,00";"RUB";"-4921,00";"RUB";"";"Цифровые товары";"5816";"FunTime";"0,00";"0,00";"-4921,00"
"26.12.2025 22:08:55";"26.12.2025";"";"OK";"-1248,00";"RUB";"-1248,00";"RUB";"";"Услуги банка";"";"Плата за оформление рассрочки в devhands";"0,00";"0,00";"-1248,00"
"26.12.2025 00:00:00";"";"";"OK";"-1295,36";"RUB";"-1295,36";"RUB";"";"Услуги банка";"";"Плата по кредитке";"0,00";"0,00";"-1295,36"
"24.12.2025 15:53:54";"24.12.2025";"*1405";"OK";"-3108,30";"RUB";"-3108,30";"RUB";"";"Переводы";"";"Пополнение брокерского счета";"0,00";"0,00";"-3108,30"
"21.12.2025 09:18:25";"21.12.2025";"*1372";"OK";"-4140,00";"RUB";"-4140,00";"RUB";"";"Сервис";"7372";"BeGet";"0,00";"0,00";"-4140,00"
"20.12.2025 23:27:42";"21.12.2025";"*1372";"OK";"54306,94";"RUB";"54306,94";"RUB";"";"Переводы";"";"Между своими счетами";"0,00";"0,00";"54306,94"
"20.12.2025 23:27:41";"21.12.2025";"*1405";"OK";"-54306,94";"RUB";"-54306,94";"RUB";"";"Переводы";"";"Между своими счетами";"0,00";"0,00";"-54306,94"
"20.12.2025 12:23:03";"20.12.2025";"*1405";"OK";"-1201,48";"RUB";"-1201,48";"RUB";"";"Переводы";"";"Пополнение счета Т-Брокер (подарок)";"0,00";"0,00";"-1201,48"
"20.12.2025 12:23:03";"20.12.2025";"*1405";"OK";"1201,48";"RUB";"1201,48";"RUB";"";"Бонусы";"";"Пополнение счета Т-Брокер (подарок)";"0,00";"0,00";"1201,48"
"20.12.2025 12:22:06";"20.12.2025";"*4347";"OK";"93727,20";"RUB";"93727,20";"RUB";"";"Переводы";"6536";"Пополнение. WHITE BIRD TO RU MOSCOW RUS";"0,00";"0,00";"93727,20"
"18.12.2025 21:44:04";"18.12.2025";"*1372";"OK";"-10000,00";"RUB";"-10000,00";"RUB";"";"Развлечения";"7994";"Heroeswm";"0,00";"0,00";"-10000,00"
"09.12.2025 20:45:59";"09.12.2025";"*1372";"OK";"-377,00";"RUB";"-377,00";"RUB";"";"Услуги банка";"";"Комиссия за операцию";"0,00";"0,00";"-377,00"
"09.12.2025 20:45:59";"09.12.2025";"*1372";"OK";"-3000,00";"RUB";"-3000,00";"RUB";"";"Переводы";"";"Ольга Ц.";"0,00";"0,00";"-3000,00"
"09.12.2025 17:01:06";"09.12.2025";"*1372";"OK";"35000,00";"RUB";"35000,00";"RUB";"";"Переводы";"";"Между своими счетами";"0,00";"0,00";"35000,00"
"09.12.2025 17:01:04";"09.12.2025";"*1405";"OK";"-35000,00";"RUB";"-35000,00";"RUB";"";"Переводы";"";"Между своими счетами";"0,00";"0,00";"-35000,00"
"09.12.2025 16:59:53";"09.12.2025";"*1405";"OK";"-3528,35";"RUB";"-3528,35";"RUB";"";"Переводы";"";"Пополнение брокерского счета";"0,00";"0,00";"-3528,35"
"09.12.2025 16:58:51";"09.12.2025";"*1405";"OK";"-7429,00";"RUB";"-7429,00";"RUB";"";"Переводы";"";"Пополнение брокерского счета";"0,00";"0,00";"-7429,00"
"09.12.2025 16:56:03";"09.12.2025";"*1405";"OK";"-4014,99";"RUB";"-4014,99";"RUB";"";"Переводы";"";"Пополнение брокерского счета";"0,00";"0,00";"-4014,99"
"09.12.2025 16:48:30";"09.12.2025";"*4347";"OK";"45099,60";"RUB";"45099,60";"RUB";"";"Переводы";"6536";"Пополнение. WHITE BIRD TO RU MOSCOW RUS";"0,00";"0,00";"45099,60"
"08.12.2025 10:46:15";"08.12.2025";"*1405";"OK";"-22000,00";"RUB";"-22000,00";"RUB";"";"Переводы";"";"Оксана И.";"0,00";"0,00";"-22000,00"
"08.12.2025 09:46:16";"08.12.2025";"*1372";"OK";"-435,00";"RUB";"-435,00";"RUB";"";"Услуги банка";"";"Комиссия за операцию";"0,00";"0,00";"-435,00"
"08.12.2025 09:46:16";"08.12.2025";"*1372";"OK";"-65000,00";"RUB";"-65000,00";"RUB";"";"Переводы";"";"АНО ДПО ЦПК ""АИС""";"0,00";"0,00";"-65000,00"
"07.12.2025 12:16:43";"07.12.2025";"*1372";"OK";"-40000,00";"RUB";"-40000,00";"RUB";"";"Переводы";"";"Маме на жизнь.";"0,00";"0,00";"-40000,00"
"07.12.2025 12:15:53";"07.12.2025";"*1372";"OK";"13267,00";"RUB";"13267,00";"RUB";"";"Переводы";"";"Между своими счетами";"0,00";"0,00";"13267,00"
"07.12.2025 12:15:52";"07.12.2025";"*1405";"OK";"-13267,00";"RUB";"-13267,00";"RUB";"";"Переводы";"";"Между своими счетами";"0,00";"0,00";"-13267,00"
"26.11.2025 22:08:31";"26.11.2025";"";"OK";"-1248,00";"RUB";"-1248,00";"RUB";"";"Услуги банка";"";"Плата за оформление рассрочки в devhands";"0,00";"0,00";"-1248,00"
"26.11.2025 00:00:00";"";"";"OK";"-998,94";"RUB";"-998,94";"RUB";"";"Услуги банка";"";"Плата по кредитке";"0,00";"0,00";"-998,94"
"23.11.2025 21:21:16";"24.11.2025";"*1405";"OK";"-19000,00";"RUB";"-19000,00";"RUB";"";"Переводы";"";"ДОНГУ ОБУЧЕНИЕ";"0,00";"0,00";"-19000,00"
"22.11.2025 17:04:39";"22.11.2025";"*1405";"OK";"-15000,00";"RUB";"-15000,00";"RUB";"";"Переводы";"";"Маме на жизнь.";"0,00";"0,00";"-15000,00"
"22.11.2025 09:38:19";"22.11.2025";"*1405";"OK";"-41005,15";"RUB";"-41005,15";"RUB";"";"Переводы";"";"Пополнение брокерского счета";"0,00";"0,00";"-41005,15"
"21.11.2025 09:21:52";"21.11.2025";"*1372";"OK";"-4140,00";"RUB";"-4140,00";"RUB";"";"Сервис";"7372";"BeGet";"0,00";"0,00";"-4140,00"
"16.11.2025 20:33:10";"16.11.2025";"*1405";"OK";"-20000,00";"RUB";"-20000,00";"RUB";"";"Переводы";"";"Пополнение Инвесткопилки";"0,00";"0,00";"-20000,00"
"16.11.2025 16:54:00";"16.11.2025";"*1405";"OK";"-25000,00";"RUB";"-25000,00";"RUB";"";"Переводы";"";"Екатерина М.";"0,00";"0,00";"-25000,00"
"16.11.2025 16:41:39";"16.11.2025";"*4347";"OK";"158760,00";"RUB";"158760,00";"RUB";"";"Переводы";"6536";"Пополнение. WHITE BIRD TO RU MOSCOW RUS";"0,00";"0,00";"158760,00"
"15.11.2025 11:38:53";"15.11.2025";"*1405";"OK";"-5000,00";"RUB";"-5000,00";"RUB";"";"Переводы";"";"Екатерина М.";"0,00";"0,00";"-5000,00"
"13.11.2025 14:16:25";"13.11.2025";"*4347";"OK";"-504,18";"RUB";"-504,18";"RUB";"";"Экосистема Яндекс";"3990";"Yandex Cloud";"0,00";"0,00";"-504,18"
"08.11.2025 15:04:20";"08.11.2025";"*1405";"OK";"-5000,00";"RUB";"-5000,00";"RUB";"";"Переводы";"";"Екатерина М.";"0,00";"0,00";"-5000,00"
"08.11.2025 11:33:26";"08.11.2025";"*1372";"OK";"106763,58";"RUB";"106763,58";"RUB";"";"Переводы";"";"Между своими счетами";"0,00";"0,00";"106763,58"
"08.11.2025 11:33:25";"08.11.2025";"*1405";"OK";"-106763,58";"RUB";"-106763,58";"RUB";"";"Переводы";"";"Между своими счетами";"0,00";"0,00";"-106763,58"
"08.11.2025 11:02:56";"08.11.2025";"*4347";"OK";"119511,00";"RUB";"119511,00";"RUB";"";"Переводы";"6536";"Пополнение. WHITE BIRD TO RU MOSCOW RUS";"0,00";"0,00";"119511,00"
"05.11.2025 16:32:04";"05.11.2025";"*1372";"OK";"-25000,00";"RUB";"-25000,00";"RUB";"";"Переводы";"";"Александр Д.";"0,00";"0,00";"-25000,00"
"02.11.2025 17:12:03";"02.11.2025";"*1372";"OK";"-30000,00";"RUB";"-30000,00";"RUB";"";"Переводы";"";"Юлия К.";"0,00";"0,00";"-30000,00"
"02.11.2025 17:11:14";"02.11.2025";"*1372";"OK";"-25000,00";"RUB";"-25000,00";"RUB";"";"Переводы";"";"Александр Д.";"0,00";"0,00";"-25000,00"
"01.11.2025 15:14:44";"01.11.2025";"*4347";"OK";"-1242,87";"RUB";"-1242,87";"RUB";"";"Экосистема Яндекс";"3990";"Yandex Cloud";"0,00";"0,00";"-1242,87"
"01.11.2025 15:08:56";"01.11.2025";"*1372";"OK";"-3000,00";"RUB";"-3000,00";"RUB";"";"Переводы";"";"Ольга Ц.";"0,00";"0,00";"-3000,00"
"01.11.2025 12:17:03";"01.11.2025";"*1405";"OK";"-10000,00";"RUB";"-10000,00";"RUB";"";"Переводы";"";"Екатерина М.";"0,00";"0,00";"-10000,00"
"30.10.2025 09:31:13";"30.10.2025";"*1372";"OK";"-2520,00";"RUB";"-2520,00";"RUB";"";"Сервис";"7372";"BeGet";"0,00";"0,00";"-2520,00"
"26.10.2025 22:08:48";"26.10.2025";"";"OK";"-1248,00";"RUB";"-1248,00";"RUB";"";"Услуги банка";"";"Плата за оформление рассрочки в devhands";"0,00";"0,00";"-1248,00"
"26.10.2025 00:00:00";"";"";"OK";"-6133,89";"RUB";"-6133,89";"RUB";"";"Услуги банка";"";"Плата по кредитке";"0,00";"0,00";"-6133,89"
"26.10.2025 00:00:00";"";"";"OK";"0,00";"RUB";"0,00";"RUB";"";"Бонусы";"";"Зачисление кэшбэка";"0,00";"0,00";"0,00"
"24.10.2025 11:55:27";"24.10.2025";"*1405";"OK";"-4997,95";"RUB";"-4997,95";"RUB";"";"Переводы";"";"Пополнение брокерского счета";"0,00";"0,00";"-4997,95"
"24.10.2025 11:54:47";"24.10.2025";"*1405";"OK";"-4925,39";"RUB";"-4925,39";"RUB";"";"Переводы";"";"Пополнение брокерского счета";"0,00";"0,00";"-4925,39"
"24.10.2025 11:53:35";"24.10.2025";"*1405";"OK";"-5080,20";"RUB";"-5080,20";"RUB";"";"Переводы";"";"Пополнение брокерского счета";"0,00";"0,00";"-5080,20"
"24.10.2025 11:52:22";"24.10.2025";"*1405";"OK";"-1557,76";"RUB";"-1557,76";"RUB";"";"Переводы";"";"Пополнение брокерского счета";"0,00";"0,00";"-1557,76"
"24.10.2025 11:46:37";"24.10.2025";"*1405";"OK";"-10000,00";"RUB";"-10000,00";"RUB";"";"Переводы";"";"Пополнение Инвесткопилки";"0,00";"0,00";"-10000,00"
"24.10.2025 11:44:56";"24.10.2025";"*1405";"OK";"-14000,00";"RUB";"-14000,00";"RUB";"";"Переводы";"";"Долгосрочные сбережения";"0,00";"0,00";"-14000,00"
"24.10.2025 11:42:23";"24.10.2025";"*1372";"OK";"107000,00";"RUB";"107000,00";"RUB";"";"Переводы";"";"Между своими счетами";"0,00";"0,00";"107000,00"
"24.10.2025 11:42:22";"24.10.2025";"*1405";"OK";"-107000,00";"RUB";"-107000,00";"RUB";"";"Переводы";"";"Между своими счетами";"0,00";"0,00";"-107000,00"
"24.10.2025 11:39:08";"24.10.2025";"*4347";"OK";"159445,80";"RUB";"159445,80";"RUB";"";"Переводы";"6536";"Пополнение. WHITE BIRD TO RU MOSCOW RUS";"0,00";"0,00";"159445,80"
"24.10.2025 11:18:38";"24.10.2025";"*1372";"OK";"-9861,00";"RUB";"-9861,00";"RUB";"";"Сервис";"7372";"Timeweb";"0,00";"0,00";"-9861,00"
"19.10.2025 23:19:00";"20.10.2025";"*1372";"OK";"-5000,00";"RUB";"-5000,00";"RUB";"";"Переводы";"";"Екатерина М.";"0,00";"0,00";"-5000,00"
"15.10.2025 16:32:01";"15.10.2025";"*1372";"OK";"-32000,00";"RUB";"-32000,00";"RUB";"";"Образование";"8299";"devhands";"320,00";"0,00";"-32000,00"
"14.10.2025 21:02:31";"14.10.2025";"*1372";"OK";"-1000,00";"RUB";"-1000,00";"RUB";"";"Мобильная связь";"";"МТС +7 916 082-25-22";"0,00";"0,00";"-1000,00"
"14.10.2025 21:01:07";"14.10.2025";"*1372";"OK";"-1000,00";"RUB";"-1000,00";"RUB";"";"Переводы";"";"Александр Д.";"0,00";"0,00";"-1000,00"
"12.10.2025 11:02:59";"12.10.2025";"*1372";"OK";"-5000,00";"RUB";"-5000,00";"RUB";"";"Переводы";"";"Екатерина М.";"0,00";"0,00";"-5000,00"
"10.10.2025 14:50:33";"10.10.2025";"*1372";"OK";"-10,00";"RUB";"-10,00";"RUB";"";"Сервис";"7372";"BeGet";"0,00";"0,00";"-10,00"
"10.10.2025 14:42:30";"10.10.2025";"";"OK";"-1650,00";"RUB";"-1650,00";"RUB";"";"Связь";"4816";"BeGet";"0,00";"0,00";"-1650,00"
"04.10.2025 09:13:19";"04.10.2025";"*1405";"OK";"-395,49";"RUB";"-395,49";"RUB";"";"Переводы";"";"Пополнение брокерского счета";"0,00";"0,00";"-395,49"
"04.10.2025 09:11:16";"04.10.2025";"*1405";"OK";"-8118,39";"RUB";"-8118,39";"RUB";"";"Переводы";"";"Пополнение брокерского счета";"0,00";"0,00";"-8118,39"
"04.10.2025 09:10:13";"04.10.2025";"*1405";"OK";"-10380,90";"RUB";"-10380,90";"RUB";"";"Переводы";"";"Пополнение брокерского счета";"0,00";"0,00";"-10380,90"
"04.10.2025 09:09:22";"04.10.2025";"*1405";"OK";"-10157,89";"RUB";"-10157,89";"RUB";"";"Переводы";"";"Пополнение брокерского счета";"0,00";"0,00";"-10157,89"
"04.10.2025 09:07:55";"04.10.2025";"*1405";"OK";"-4960,84";"RUB";"-4960,84";"RUB";"";"Переводы";"";"Пополнение брокерского счета";"0,00";"0,00";"-4960,84"
"03.10.2025 23:20:55";"04.10.2025";"*1405";"OK";"-5219,00";"RUB";"-5219,00";"RUB";"";"Переводы";"";"Ремзи М.";"0,00";"0,00";"-5219,00"
"03.10.2025 23:03:25";"04.10.2025";"*4347";"OK";"5346,00";"RUB";"5346,00";"RUB";"";"Переводы";"6536";"Пополнение. CARD2CARD AMOBILE MOSKVA RUS";"0,00";"0,00";"5346,00"
"03.10.2025 22:46:15";"04.10.2025";"*4347";"OK";"5283,00";"RUB";"5283,00";"RUB";"";"Переводы";"6536";"Банк ПСБ";"0,00";"0,00";"5283,00"
"03.10.2025 22:42:05";"04.10.2025";"*4347";"OK";"5415,00";"RUB";"5415,00";"RUB";"";"Переводы";"6536";"Пополнение. YM*Ozon Bank Moscow RUS";"0,00";"0,00";"5415,00"
"03.10.2025 22:41:40";"04.10.2025";"*4347";"OK";"5284,00";"RUB";"5284,00";"RUB";"";"Переводы";"6536";"Пополнение. YM*Ozon Bank Moscow RUS";"0,00";"0,00";"5284,00"
"03.10.2025 22:03:53";"04.10.2025";"*4347";"OK";"7155,00";"RUB";"7155,00";"RUB";"";"Переводы";"6536";"Пополнение. CARD2CARD AMOBILE MOSKVA RUS";"0,00";"0,00";"7155,00"
"03.10.2025 21:50:41";"03.10.2025";"*4347";"OK";"6751,00";"RUB";"6751,00";"RUB";"";"Переводы";"";"Сбербанк";"0,00";"0,00";"6751,00"
"03.10.2025 21:31:42";"03.10.2025";"*1405";"OK";"-20000,00";"RUB";"-20000,00";"RUB";"";"Переводы";"";"Пополнение Инвесткопилки";"0,00";"0,00";"-20000,00"
"03.10.2025 21:30:52";"03.10.2025";"*1405";"OK";"-10000,00";"RUB";"-10000,00";"RUB";"";"Переводы";"";"Долгосрочные сбережения";"0,00";"0,00";"-10000,00"
"03.10.2025 21:15:04";"03.10.2025";"*4347";"OK";"6753,00";"RUB";"6753,00";"RUB";"";"Переводы";"";"Сбербанк";"0,00";"0,00";"6753,00"
"03.10.2025 21:13:08";"03.10.2025";"*4347";"OK";"6749,00";"RUB";"6749,00";"RUB";"";"Переводы";"6536";"Пополнение. VTB SaintPetersbu RUS";"0,00";"0,00";"6749,00"
"03.10.2025 20:44:29";"03.10.2025";"*1372";"OK";"15200,00";"RUB";"15200,00";"RUB";"";"Переводы";"";"Между своими счетами";"0,00";"0,00";"15200,00"
"03.10.2025 20:44:28";"03.10.2025";"*1405";"OK";"-15200,00";"RUB";"-15200,00";"RUB";"";"Переводы";"";"Между своими счетами";"0,00";"0,00";"-15200,00"
"03.10.2025 20:36:15";"03.10.2025";"*4347";"OK";"6750,00";"RUB";"6750,00";"RUB";"";"Переводы";"6536";"Пополнение. VTB SaintPetersbu RUS";"0,00";"0,00";"6750,00"
"03.10.2025 20:34:58";"03.10.2025";"*1405";"OK";"6604,00";"RUB";"6604,00";"RUB";"";"Переводы";"";"Павел К.";"0,00";"0,00";"6604,00"
"03.10.2025 20:34:56";"03.10.2025";"*4347";"OK";"6751,00";"RUB";"6751,00";"RUB";"";"Переводы";"6536";"Пополнение. YM*Ozon Bank Moscow RUS";"0,00";"0,00";"6751,00"
"03.10.2025 20:33:12";"03.10.2025";"*4347";"OK";"7024,00";"RUB";"7024,00";"RUB";"";"Переводы";"6536";"Пополнение. YM*Ozon Bank Moscow RUS";"0,00";"0,00";"7024,00"
"03.10.2025 20:32:39";"03.10.2025";"*4347";"OK";"6754,00";"RUB";"6754,00";"RUB";"";"Переводы";"";"Сбербанк";"0,00";"0,00";"6754,00"
"03.10.2025 16:52:45";"03.10.2025";"*1372";"OK";"-3000,00";"RUB";"-3000,00";"RUB";"";"Мобильная связь";"";"МТС +7 915 439-92-54";"0,00";"0,00";"-3000,00"
"03.10.2025 16:52:38";"";"*1405";"FAILED";"-3000,00";"RUB";"-3000,00";"RUB";"";"Мобильная связь";"";"МТС Mobile";"0,00";"0,00";"-3000,00"
"03.10.2025 16:50:45";"03.10.2025";"*1372";"OK";"-3000,00";"RUB";"-3000,00";"RUB";"";"Переводы";"";"Александр Л.";"0,00";"0,00";"-3000,00"
"03.10.2025 15:35:22";"03.10.2025";"*1372";"OK";"-35000,00";"RUB";"-35000,00";"RUB";"";"Переводы";"";"Юлия К.";"0,00";"0,00";"-35000,00"
"01.10.2025 15:42:05";"01.10.2025";"*4347";"OK";"-1202,77";"RUB";"-1202,77";"RUB";"";"Экосистема Яндекс";"3990";"Yandex Cloud";"0,00";"0,00";"-1202,77"
"28.09.2025 11:08:43";"28.09.2025";"*1372";"OK";"-10000,00";"RUB";"-10000,00";"RUB";"";"Переводы";"";"Екатерина М.";"0,00";"0,00";"-10000,00"
"27.09.2025 13:11:36";"27.09.2025";"*1372";"OK";"-14600,00";"RUB";"-14600,00";"RUB";"";"Переводы";"";"Александр Д.";"0,00";"0,00";"-14600,00"
"27.09.2025 13:10:31";"";"*1372";"FAILED";"-14600,00";"RUB";"-14600,00";"RUB";"";"Переводы";"";"Перевод на карту";"0,00";"0,00";"-14600,00"
"27.09.2025 13:04:08";"27.09.2025";"*1405";"OK";"-6000,00";"RUB";"-6000,00";"RUB";"";"Переводы";"";"Долгосрочные сбережения";"0,00";"0,00";"-6000,00"
"26.09.2025 00:00:00";"";"";"OK";"-7060,91";"RUB";"-7060,91";"RUB";"";"Услуги банка";"";"Плата по кредитке";"0,00";"0,00";"-7060,91"
"16.09.2025 18:21:45";"16.09.2025";"*4347";"OK";"-3460,00";"RUB";"-3460,00";"RUB";"";"Сервис";"7372";"Timeweb";"0,00";"0,00";"-3460,00"
"15.09.2025 11:05:06";"15.09.2025";"*4347";"OK";"5000,00";"RUB";"5000,00";"RUB";"";"Переводы";"";"Сбербанк";"0,00";"0,00";"5000,00"
"08.09.2025 10:39:27";"08.09.2025";"*4347";"OK";"-500,00";"RUB";"-500,00";"RUB";"";"Цифровые товары";"5818";"Sponsr";"0,00";"0,00";"-500,00"
"01.09.2025 14:24:44";"01.09.2025";"*4347";"OK";"-1242,85";"RUB";"-1242,85";"RUB";"";"Экосистема Яндекс";"3990";"Yandex Cloud";"0,00";"0,00";"-1242,85"
"31.08.2025 09:24:48";"31.08.2025";"*1372";"OK";"7300,00";"RUB";"7300,00";"RUB";"";"Переводы";"";"Между своими счетами";"0,00";"0,00";"7300,00"
"31.08.2025 09:24:47";"31.08.2025";"*1405";"OK";"-7300,00";"RUB";"-7300,00";"RUB";"";"Переводы";"";"Между своими счетами";"0,00";"0,00";"-7300,00"
"31.08.2025 09:16:01";"31.08.2025";"*1405";"OK";"-6000,00";"RUB";"-6000,00";"RUB";"";"Переводы";"";"Долгосрочные сбережения";"0,00";"0,00";"-6000,00"
"31.08.2025 09:08:32";"31.08.2025";"*4347";"OK";"-680,00";"RUB";"-680,00";"RUB";"";"Сервис";"7372";"YM*win10tweaker";"0,00";"0,00";"-680,00"
"26.08.2025 00:00:00";"";"";"OK";"-5182,68";"RUB";"-5182,68";"RUB";"";"Услуги банка";"";"Плата по кредитке";"0,00";"0,00";"-5182,68"
"17.08.2025 13:39:56";"17.08.2025";"*1372";"OK";"15000,00";"RUB";"15000,00";"RUB";"";"Переводы";"";"Между своими счетами";"0,00";"0,00";"15000,00"
"17.08.2025 13:39:54";"17.08.2025";"*1405";"OK";"-15000,00";"RUB";"-15000,00";"RUB";"";"Переводы";"";"Между своими счетами";"0,00";"0,00";"-15000,00"
"17.08.2025 13:38:53";"17.08.2025";"*1405";"OK";"36700,00";"RUB";"36700,00";"RUB";"";"Переводы";"";"Кира К.";"0,00";"0,00";"36700,00"
"17.08.2025 06:18:26";"17.08.2025";"*4347";"OK";"-3460,00";"RUB";"-3460,00";"RUB";"";"Сервис";"7372";"Timeweb";"0,00";"0,00";"-3460,00"
"16.08.2025 18:17:45";"16.08.2025";"*1405";"OK";"-4557,64";"RUB";"-4557,64";"RUB";"";"Переводы";"";"Пополнение брокерского счета";"0,00";"0,00";"-4557,64"
"15.08.2025 18:59:09";"15.08.2025";"*1372";"OK";"2326,90";"RUB";"2326,90";"RUB";"";"Турагентства";"4722";"Купибилет";"0,00";"0,00";"2326,90"
"10.08.2025 00:28:58";"11.08.2025";"*1372";"OK";"-3735,50";"RUB";"-3735,50";"RUB";"";"Турагентства";"4722";"Купибилет";"0,00";"0,00";"-3735,50"
"10.08.2025 00:28:44";"11.08.2025";"*1372";"OK";"-112,50";"RUB";"-112,50";"RUB";"";"Турагентства";"4722";"Купибилет";"0,00";"0,00";"-112,50"
"10.08.2025 00:21:01";"11.08.2025";"*1372";"OK";"-2659,00";"RUB";"-2659,00";"RUB";"";"Турагентства";"4722";"Купибилет";"0,00";"0,00";"-2659,00"
"10.08.2025 00:16:04";"11.08.2025";"*1372";"OK";"-6510,00";"RUB";"-6510,00";"RUB";"";"Турагентства";"4722";"Купибилет";"0,00";"0,00";"-6510,00"
"10.08.2025 00:15:22";"11.08.2025";"*1372";"OK";"-290,00";"RUB";"-290,00";"RUB";"";"Турагентства";"4722";"Купибилет";"0,00";"0,00";"-290,00"
"08.08.2025 10:38:57";"08.08.2025";"*4347";"OK";"-500,00";"RUB";"-500,00";"RUB";"";"Цифровые товары";"5818";"Sponsr";"0,00";"0,00";"-500,00"
"05.08.2025 13:45:45";"05.08.2025";"*1372";"OK";"-870,00";"RUB";"-870,00";"RUB";"";"Услуги банка";"";"Комиссия за операцию";"0,00";"0,00";"-870,00"
"05.08.2025 13:45:45";"05.08.2025";"*1372";"OK";"-120000,00";"RUB";"-120000,00";"RUB";"";"Переводы";"";"Юлия К.";"0,00";"0,00";"-120000,00"
"01.08.2025 14:54:38";"01.08.2025";"*4347";"OK";"-1242,87";"RUB";"-1242,87";"RUB";"";"Экосистема Яндекс";"3990";"Yandex Cloud";"0,00";"0,00";"-1242,87"
"28.07.2025 12:33:38";"28.07.2025";"*1405";"OK";"5784,00";"RUB";"5784,00";"RUB";"";"Переводы";"";"Андрей Б.";"0,00";"0,00";"5784,00"
"28.07.2025 11:54:11";"28.07.2025";"*1405";"OK";"4859,00";"RUB";"4859,00";"RUB";"";"Переводы";"";"Сейдирза А.";"0,00";"0,00";"4859,00"
"28.07.2025 11:51:44";"28.07.2025";"*1405";"OK";"-16826,33";"RUB";"-16826,33";"RUB";"";"Переводы";"";"Пополнение брокерского счета";"0,00";"0,00";"-16826,33"
"28.07.2025 11:48:26";"28.07.2025";"*1405";"OK";"-35000,00";"RUB";"-35000,00";"RUB";"";"Переводы";"";"Екатерина М.";"0,00";"0,00";"-35000,00"
"28.07.2025 11:34:46";"28.07.2025";"*4347";"OK";"6074,00";"RUB";"6074,00";"RUB";"";"Переводы";"6536";"Пополнение. VTB SANKT-PETERBU RUS";"0,00";"0,00";"6074,00"
"28.07.2025 11:32:59";"28.07.2025";"*1405";"OK";"6750,00";"RUB";"6750,00";"RUB";"";"Переводы";"";"Екатерина С.";"0,00";"0,00";"6750,00"
"28.07.2025 11:32:45";"28.07.2025";"*1405";"OK";"7424,00";"RUB";"7424,00";"RUB";"";"Переводы";"";"Павел К.";"0,00";"0,00";"7424,00"
"28.07.2025 11:32:24";"28.07.2025";"*1405";"OK";"7485,00";"RUB";"7485,00";"RUB";"";"Переводы";"";"Анастасия Р.";"0,00";"0,00";"7485,00"
"28.07.2025 11:18:29";"28.07.2025";"*1372";"OK";"19370,88";"RUB";"19370,88";"RUB";"";"Переводы";"";"Между своими счетами";"0,00";"0,00";"19370,88"
"28.07.2025 11:18:29";"28.07.2025";"*1405";"OK";"-19370,88";"RUB";"-19370,88";"RUB";"";"Переводы";"";"Между своими счетами";"0,00";"0,00";"-19370,88"
"28.07.2025 11:16:43";"28.07.2025";"*4347";"OK";"6000,00";"RUB";"6000,00";"RUB";"";"Переводы";"";"Сбербанк";"0,00";"0,00";"6000,00"
"28.07.2025 11:14:13";"28.07.2025";"*4347";"OK";"11753,00";"RUB";"11753,00";"RUB";"";"Переводы";"";"Сбербанк";"0,00";"0,00";"11753,00"
"28.07.2025 11:13:17";"28.07.2025";"*4347";"OK";"6075,00";"RUB";"6075,00";"RUB";"";"Переводы";"6536";"Пополнение. PEREVOD NA KARTU MIR MOSCOW RUS";"0,00";"0,00";"6075,00"
"28.07.2025 11:13:00";"28.07.2025";"*4347";"OK";"6885,00";"RUB";"6885,00";"RUB";"";"Переводы";"6536";"Пополнение. YM*Ozon Bank Moscow RUS";"0,00";"0,00";"6885,00"
"28.07.2025 11:11:08";"28.07.2025";"*4347";"OK";"6435,00";"RUB";"6435,00";"RUB";"";"Переводы";"6536";"Пополнение. C2C R-ONLINE MIR ANDRO MOSCOW RUS";"0,00";"0,00";"6435,00"
"28.07.2025 11:10:43";"28.07.2025";"*1405";"OK";"6984,00";"RUB";"6984,00";"RUB";"";"Переводы";"";"Никита С.";"0,00";"0,00";"6984,00"
"26.07.2025 11:02:59";"26.07.2025";"*1372";"OK";"-5000,00";"RUB";"-5000,00";"RUB";"";"Переводы";"";"Екатерина М.";"0,00";"0,00";"-5000,00"
"26.07.2025 00:00:00";"";"";"OK";"-170,88";"RUB";"-170,88";"RUB";"";"Услуги банка";"";"Плата по кредитке";"0,00";"0,00";"-170,88"
"24.07.2025 10:32:58";"24.07.2025";"*1372";"OK";"-3000,00";"RUB";"-3000,00";"RUB";"";"Переводы";"";"Алексей Р.";"0,00";"0,00";"-3000,00"
"24.07.2025 03:53:23";"24.07.2025";"*1372";"OK";"-1200,00";"RUB";"-1200,00";"RUB";"";"Переводы";"";"Александр Д.";"0,00";"0,00";"-1200,00"
"22.07.2025 21:29:48";"22.07.2025";"*1372";"OK";"-5000,00";"RUB";"-5000,00";"RUB";"";"Переводы";"";"Екатерина М.";"0,00";"0,00";"-5000,00"
"17.07.2025 18:20:34";"17.07.2025";"*4347";"OK";"-3460,00";"RUB";"-3460,00";"RUB";"";"Сервис";"7372";"Timeweb";"0,00";"0,00";"-3460,00"
"10.07.2025 19:59:43";"10.07.2025";"*1405";"OK";"-10000,00";"RUB";"-10000,00";"RUB";"";"Переводы";"";"Екатерина М.";"0,00";"0,00";"-10000,00"
"09.07.2025 15:43:52";"09.07.2025";"*1405";"OK";"-25000,00";"RUB";"-25000,00";"RUB";"";"Переводы";"";"Юлия К.";"0,00";"0,00";"-25000,00"
"08.07.2025 10:40:24";"08.07.2025";"*4347";"OK";"-500,00";"RUB";"-500,00";"RUB";"";"Цифровые товары";"5818";"Sponsr";"0,00";"0,00";"-500,00"
"05.07.2025 18:31:32";"05.07.2025";"*4347";"OK";"1202,77";"RUB";"1202,77";"RUB";"";"Экосистема Яндекс";"3990";"Yandex Cloud";"0,00";"0,00";"1202,77"
"05.07.2025 18:11:49";"05.07.2025";"*1405";"OK";"-1990,00";"RUB";"-1990,00";"RUB";"";"Другое";"";"Подписка Pro";"0,00";"0,00";"-1990,00"
"03.07.2025 22:02:15";"04.07.2025";"*1372";"OK";"-5000,00";"RUB";"-5000,00";"RUB";"";"Переводы";"";"Екатерина М.";"0,00";"0,00";"-5000,00"
"03.07.2025 01:44:34";"03.07.2025";"*1405";"OK";"-3000,00";"RUB";"-3000,00";"RUB";"";"Переводы";"";"Александр Л.";"0,00";"0,00";"-3000,00"
"03.07.2025 01:42:15";"03.07.2025";"*1405";"OK";"-30000,00";"RUB";"-30000,00";"RUB";"";"Переводы";"";"Александр Л.";"0,00";"0,00";"-30000,00"
"02.07.2025 22:44:33";"03.07.2025";"*4347";"OK";"-14850,00";"RUB";"-14850,00";"RUB";"";"Образование";"8299";"Высшая Школа Экономики";"0,00";"0,00";"-14850,00"
"02.07.2025 22:37:50";"03.07.2025";"*1372";"OK";"15089,00";"RUB";"15089,00";"RUB";"";"Переводы";"";"Между своими счетами";"0,00";"0,00";"15089,00"
"02.07.2025 22:37:49";"03.07.2025";"*1405";"OK";"-15089,00";"RUB";"-15089,00";"RUB";"";"Переводы";"";"Между своими счетами";"0,00";"0,00";"-15089,00"
"02.07.2025 22:20:16";"03.07.2025";"*1405";"OK";"1560,00";"RUB";"1560,00";"RUB";"";"Переводы";"";"Андрей Б.";"0,00";"0,00";"1560,00"
"02.07.2025 22:14:09";"03.07.2025";"";"OK";"100000,00";"RUB";"100000,00";"RUB";"";"Переводы";"";"Андрей К.";"0,00";"0,00";"100000,00"
"02.07.2025 13:13:12";"02.07.2025";"*1372";"OK";"-5000,00";"RUB";"-5000,00";"RUB";"";"Переводы";"";"Екатерина М.";"0,00";"0,00";"-5000,00"
"01.07.2025 16:22:00";"01.07.2025";"*4347";"OK";"-1202,77";"RUB";"-1202,77";"RUB";"";"Экосистема Яндекс";"3990";"Yandex Cloud";"0,00";"0,00";"-1202,77"
"01.07.2025 16:03:25";"01.07.2025";"*4347";"OK";"-1202,77";"RUB";"-1202,77";"RUB";"";"Экосистема Яндекс";"3990";"Yandex Cloud";"0,00";"0,00";"-1202,77"
"26.06.2025 00:00:00";"";"";"OK";"-89,00";"RUB";"-89,00";"RUB";"";"Услуги банка";"";"Плата по кредитке";"0,00";"0,00";"-89,00"
"25.06.2025 10:04:16";"25.06.2025";"*1372";"OK";"-10000,00";"RUB";"-10000,00";"RUB";"";"Переводы";"";"Екатерина М.";"0,00";"0,00";"-10000,00"
"21.06.2025 21:30:31";"21.06.2025";"*1405";"OK";"-1200,00";"RUB";"-1200,00";"RUB";"";"Переводы";"";"Александр Д.";"0,00";"0,00";"-1200,00"
"21.06.2025 21:24:42";"21.06.2025";"*1405";"OK";"-1000,00";"RUB";"-1000,00";"RUB";"";"Переводы";"";"Александр Д.";"0,00";"0,00";"-1000,00"
"17.06.2025 06:17:03";"17.06.2025";"*4347";"OK";"-3460,00";"RUB";"-3460,00";"RUB";"";"Сервис";"7372";"Timeweb";"0,00";"0,00";"-3460,00"
"14.06.2025 12:45:14";"14.06.2025";"*1405";"OK";"-17000,00";"RUB";"-17000,00";"RUB";"";"Переводы";"";"Екатерина М.";"0,00";"0,00";"-17000,00"
"08.06.2025 20:27:15";"08.06.2025";"*4347";"OK";"-500,00";"RUB";"-500,00";"RUB";"";"Цифровые товары";"5818";"Sponsr";"0,00";"0,00";"-500,00"
"08.06.2025 15:33:37";"08.06.2025";"*1405";"OK";"-20000,00";"RUB";"-20000,00";"RUB";"";"Переводы";"6012";"Перевод на карту";"0,00";"0,00";"-20000,00"
"07.06.2025 13:16:02";"07.06.2025";"*1405";"OK";"20200,00";"RUB";"20200,00";"RUB";"";"Переводы";"";"Анна Г.";"0,00";"0,00";"20200,00"
"06.06.2025 11:48:09";"06.06.2025";"*1405";"OK";"-4000,00";"RUB";"-4000,00";"RUB";"";"Переводы";"";"Александр Л.";"0,00";"0,00";"-4000,00"
"06.06.2025 11:45:35";"06.06.2025";"*1372";"OK";"35739,33";"RUB";"35739,33";"RUB";"";"Переводы";"";"Между своими счетами";"0,00";"0,00";"35739,33"
"06.06.2025 11:45:34";"06.06.2025";"*1405";"OK";"-35739,33";"RUB";"-35739,33";"RUB";"";"Переводы";"";"Между своими счетами";"0,00";"0,00";"-35739,33"
"06.06.2025 11:42:48";"06.06.2025";"*1405";"OK";"-11000,00";"RUB";"-11000,00";"RUB";"";"Переводы";"";"Екатерина М.";"0,00";"0,00";"-11000,00"
"06.06.2025 11:42:09";"06.06.2025";"*1405";"OK";"-22000,00";"RUB";"-22000,00";"RUB";"";"Переводы";"";"Юлия К.";"0,00";"0,00";"-22000,00"
"06.06.2025 11:13:31";"06.06.2025";"*1405";"OK";"96521,00";"RUB";"96521,00";"RUB";"";"Переводы";"";"Михаил Ж.";"0,00";"0,00";"96521,00"
"01.06.2025 15:03:47";"01.06.2025";"*4347";"OK";"-1242,87";"RUB";"-1242,87";"RUB";"";"Экосистема Яндекс";"3990";"Yandex Cloud";"0,00";"0,00";"-1242,87"
"30.05.2025 23:42:54";"31.05.2025";"*1372";"OK";"-4992,71";"RUB";"-4992,71";"RUB";"";"Турагентства";"4722";"Tutu.ru";"0,00";"0,00";"-4992,71"
"30.05.2025 23:29:26";"31.05.2025";"*4347";"OK";"-7902,00";"RUB";"-7902,00";"RUB";"";"Турагентства";"4722";"Купибилет";"0,00";"0,00";"-7902,00"
"29.05.2025 20:23:03";"29.05.2025";"*4347";"OK";"3577,90";"RUB";"3577,90";"RUB";"";"Турагентства";"4722";"Tutu.ru";"0,00";"0,00";"3577,90"
"28.05.2025 17:25:26";"28.05.2025";"*4347";"OK";"2533,20";"RUB";"2533,20";"RUB";"";"Турагентства";"4722";"Tutu.ru";"0,00";"0,00";"2533,20"
"28.05.2025 02:20:19";"28.05.2025";"*1405";"OK";"-5000,00";"RUB";"-5000,00";"RUB";"";"Переводы";"";"Екатерина М.";"0,00";"0,00";"-5000,00"
"26.05.2025 00:00:00";"";"";"OK";"-746,62";"RUB";"-746,62";"RUB";"";"Услуги банка";"";"Плата по кредитке";"0,00";"0,00";"-746,62"
"21.05.2025 12:41:20";"21.05.2025";"*1405";"OK";"-5000,00";"RUB";"-5000,00";"RUB";"";"Переводы";"";"Екатерина М.";"0,00";"0,00";"-5000,00"
"17.05.2025 18:27:30";"17.05.2025";"*4347";"OK";"-3460,00";"RUB";"-3460,00";"RUB";"";"Связь";"4816";"Timeweb";"0,00";"0,00";"-3460,00"
"17.05.2025 12:30:40";"17.05.2025";"*1405";"OK";"-15000,00";"RUB";"-15000,00";"RUB";"";"Переводы";"";"Юлия К.";"0,00";"0,00";"-15000,00"
"14.05.2025 16:00:23";"14.05.2025";"*4347";"OK";"-14850,00";"RUB";"-14850,00";"RUB";"";"Образование";"8299";"Высшая Школа Экономики";"0,00";"0,00";"-14850,00"
"13.05.2025 20:20:49";"13.05.2025";"*1405";"OK";"-5000,00";"RUB";"-5000,00";"RUB";"";"Переводы";"";"Екатерина М.";"0,00";"0,00";"-5000,00"
"12.05.2025 22:02:18";"13.05.2025";"*1405";"OK";"-2000,00";"RUB";"-2000,00";"RUB";"";"Переводы";"";"Иван О.";"0,00";"0,00";"-2000,00"
"11.05.2025 15:20:45";"11.05.2025";"*1405";"OK";"745,00";"RUB";"745,00";"RUB";"";"Переводы";"";"Турсунбой И.";"0,00";"0,00";"745,00"
"11.05.2025 15:14:12";"11.05.2025";"";"OK";"5095,00";"RUB";"5095,00";"RUB";"";"Переводы";"";"Кристина М.";"0,00";"0,00";"5095,00"
"11.05.2025 14:58:02";"11.05.2025";"";"OK";"50000,00";"RUB";"50000,00";"RUB";"";"Переводы";"";"Дарья К.";"0,00";"0,00";"50000,00"
"11.05.2025 14:41:20";"11.05.2025";"*4347";"OK";"-4000,00";"RUB";"-4000,00";"RUB";"";"Связь";"4816";"DSWorks";"0,00";"0,00";"-4000,00"
"07.05.2025 23:27:54";"08.05.2025";"*1405";"OK";"-5000,00";"RUB";"-5000,00";"RUB";"";"Переводы";"";"Екатерина М.";"0,00";"0,00";"-5000,00"
"06.05.2025 18:44:47";"07.05.2025";"*4347";"OK";"-2943,13";"RUB";"-2943,13";"RUB";"";"Турагентства";"4722";"Tutu.ru";"0,00";"0,00";"-2943,13"
"06.05.2025 18:39:16";"07.05.2025";"*4347";"OK";"-4192,61";"RUB";"-4192,61";"RUB";"";"Турагентства";"4722";"Tutu.ru";"0,00";"0,00";"-4192,61"
"04.05.2025 20:36:11";"04.05.2025";"*1372";"OK";"9378,10";"RUB";"9378,10";"RUB";"";"Переводы";"";"Между своими счетами";"0,00";"0,00";"9378,10"
"04.05.2025 20:36:10";"04.05.2025";"*1405";"OK";"-9378,10";"RUB";"-9378,10";"RUB";"";"Переводы";"";"Между своими счетами";"0,00";"0,00";"-9378,10"
"04.05.2025 20:35:53";"04.05.2025";"*1372";"OK";"2600,00";"RUB";"2600,00";"RUB";"";"Переводы";"";"Между своими счетами";"0,00";"0,00";"2600,00"
"04.05.2025 20:35:52";"04.05.2025";"*1405";"OK";"-2600,00";"RUB";"-2600,00";"RUB";"";"Переводы";"";"Между своими счетами";"0,00";"0,00";"-2600,00"
"04.05.2025 20:35:33";"04.05.2025";"*1372";"OK";"30000,00";"RUB";"30000,00";"RUB";"";"Переводы";"";"Между своими счетами";"0,00";"0,00";"30000,00"
"04.05.2025 20:35:32";"04.05.2025";"*1405";"OK";"-30000,00";"RUB";"-30000,00";"RUB";"";"Переводы";"";"Между своими счетами";"0,00";"0,00";"-30000,00"
"04.05.2025 20:35:00";"04.05.2025";"*1405";"OK";"-16000,00";"RUB";"-16000,00";"RUB";"";"Переводы";"";"Александр Л.";"0,00";"0,00";"-16000,00"
"04.05.2025 20:29:56";"04.05.2025";"";"OK";"2345,00";"RUB";"2345,00";"RUB";"";"Переводы";"";"Мая А.";"0,00";"0,00";"2345,00"
"04.05.2025 20:20:21";"04.05.2025";"";"OK";"5028,00";"RUB";"5028,00";"RUB";"";"Переводы";"";"Сергей Б.";"0,00";"0,00";"5028,00"
"04.05.2025 20:04:11";"04.05.2025";"";"OK";"35000,00";"RUB";"35000,00";"RUB";"";"Переводы";"";"Виталий З.";"0,00";"0,00";"35000,00"
"04.05.2025 19:43:11";"04.05.2025";"*4347";"OK";"-50000,00";"RUB";"-50000,00";"RUB";"";"Образование";"8299";"devhands";"0,00";"0,00";"-50000,00"
"04.05.2025 19:25:09";"04.05.2025";"";"OK";"43000,00";"RUB";"43000,00";"RUB";"";"Переводы";"";"Ирина П.";"0,00";"0,00";"43000,00"
"04.05.2025 19:04:27";"04.05.2025";"*1405";"OK";"37788,00";"RUB";"37788,00";"RUB";"";"Переводы";"";"Арслан А.";"0,00";"0,00";"37788,00"
"04.05.2025 01:22:49";"04.05.2025";"*1372";"OK";"-30000,00";"RUB";"-30000,00";"RUB";"";"Переводы";"";"Юлия К.";"0,00";"0,00";"-30000,00"
"03.05.2025 12:14:57";"03.05.2025";"*1405";"OK";"-8795,91";"RUB";"-8795,91";"RUB";"";"Переводы";"";"Пополнение брокерского счета";"0,00";"0,00";"-8795,91"
"03.05.2025 12:14:00";"03.05.2025";"*1405";"OK";"-4113,91";"RUB";"-4113,91";"RUB";"";"Переводы";"";"Пополнение брокерского счета";"0,00";"0,00";"-4113,91"
"03.05.2025 12:12:54";"03.05.2025";"*1405";"OK";"-2785,74";"RUB";"-2785,74";"RUB";"";"Переводы";"";"Пополнение брокерского счета";"0,00";"0,00";"-2785,74"
"01.05.2025 23:26:00";"02.05.2025";"*1405";"OK";"-4000,00";"RUB";"-4000,00";"RUB";"";"Переводы";"";"Владимир Т.";"0,00";"0,00";"-4000,00"
"01.05.2025 15:34:24";"01.05.2025";"*4347";"OK";"-1113,68";"RUB";"-1113,68";"RUB";"";"Экосистема Яндекс";"3990";"Yandex Cloud";"0,00";"0,00";"-1113,68"
"30.04.2025 17:24:52";"30.04.2025";"*4347";"OK";"-37250,00";"RUB";"-37250,00";"RUB";"";"Образование";"8299";"Высшая Школа Экономики";"0,00";"0,00";"-37250,00"
"27.04.2025 22:53:33";"28.04.2025";"*1405";"OK";"-5000,00";"RUB";"-5000,00";"RUB";"";"Переводы";"";"Екатерина М.";"0,00";"0,00";"-5000,00"
"26.04.2025 00:00:00";"";"";"OK";"-5768,01";"RUB";"-5768,01";"RUB";"";"Услуги банка";"";"Плата по кредитке";"0,00";"0,00";"-5768,01"
"24.04.2025 00:33:59";"24.04.2025";"*1405";"OK";"-4000,00";"RUB";"-4000,00";"RUB";"";"Переводы";"";"Игорь П.";"0,00";"0,00";"-4000,00"
"23.04.2025 15:21:18";"23.04.2025";"*1405";"OK";"-2000,00";"RUB";"-2000,00";"RUB";"";"Мобильная связь";"";"МТС +7 915 439-92-54";"0,00";"0,00";"-2000,00"
"23.04.2025 15:20:42";"23.04.2025";"*1405";"OK";"-1800,00";"RUB";"-1800,00";"RUB";"";"Мобильная связь";"";"МТС +7 916 082-25-22";"0,00";"0,00";"-1800,00"
"21.04.2025 19:39:05";"21.04.2025";"";"OK";"10046,00";"RUB";"10046,00";"RUB";"";"Переводы";"";"Субхонуддин Р.";"0,00";"0,00";"10046,00"
"21.04.2025 19:35:52";"21.04.2025";"*1405";"OK";"-30000,00";"RUB";"-30000,00";"RUB";"";"Переводы";"";"Александр Л.";"0,00";"0,00";"-30000,00"
"21.04.2025 19:31:55";"21.04.2025";"*1405";"OK";"25000,00";"RUB";"25000,00";"RUB";"";"Переводы";"";"Анастасия Г.";"0,00";"0,00";"25000,00"
"21.04.2025 19:28:53";"21.04.2025";"*1405";"OK";"-17600,00";"RUB";"-17600,00";"RUB";"";"Переводы";"";"ДОНГУ ОБУЧЕНИЕ";"0,00";"0,00";"-17600,00"
"21.04.2025 19:20:08";"21.04.2025";"";"OK";"17935,00";"RUB";"17935,00";"RUB";"";"Переводы";"";"Семен К.";"0,00";"0,00";"17935,00"
"21.04.2025 19:18:27";"21.04.2025";"*1405";"OK";"51965,00";"RUB";"51965,00";"RUB";"";"Переводы";"";"Никита З.";"0,00";"0,00";"51965,00"
"17.04.2025 18:25:29";"17.04.2025";"*4347";"OK";"-3460,00";"RUB";"-3460,00";"RUB";"";"Связь";"4816";"Timeweb";"0,00";"0,00";"-3460,00"
"17.04.2025 16:10:13";"17.04.2025";"*1405";"OK";"-5000,00";"RUB";"-5000,00";"RUB";"";"Переводы";"";"Екатерина М.";"0,00";"0,00";"-5000,00"
"17.04.2025 14:20:12";"17.04.2025";"*4347";"OK";"15000,00";"RUB";"15000,00";"RUB";"";"Переводы";"6536";"Пополнение. ALIFMOBI6 MOSKVA RUS";"0,00";"0,00";"15000,00"
"17.04.2025 14:14:54";"17.04.2025";"*4347";"OK";"4755,04";"RUB";"4755,04";"RUB";"";"Переводы";"6536";"Пополнение. ALIFMOBI6 MOSKVA RUS";"0,00";"0,00";"4755,04"
"04.04.2025 23:09:18";"05.04.2025";"*1405";"OK";"-25000,00";"RUB";"-25000,00";"RUB";"";"Переводы";"";"Юлия К.";"0,00";"0,00";"-25000,00"
"02.04.2025 16:49:17";"02.04.2025";"*1372";"OK";"5170,00";"RUB";"5170,00";"RUB";"";"Турагентства";"4722";"Купибилет";"0,00";"0,00";"5170,00"
"01.04.2025 21:34:19";"01.04.2025";"*4347";"OK";"-1150,79";"RUB";"-1150,79";"RUB";"";"Экосистема Яндекс";"3990";"Yandex Cloud";"0,00";"0,00";"-1150,79"
"31.03.2025 14:46:50";"31.03.2025";"*4347";"OK";"-37250,00";"RUB";"-37250,00";"RUB";"";"Образование";"8299";"Высшая Школа Экономики";"0,00";"0,00";"-37250,00"
"31.03.2025 13:45:38";"31.03.2025";"*1405";"OK";"-1000,00";"RUB";"-1000,00";"RUB";"";"Переводы";"";"Иван О.";"0,00";"0,00";"-1000,00"
"31.03.2025 13:30:54";"31.03.2025";"*1405";"OK";"13154,00";"RUB";"13154,00";"RUB";"";"Переводы";"";"Анастасия Е.";"0,00";"0,00";"13154,00"
"31.03.2025 13:26:26";"31.03.2025";"*1372";"OK";"20000,00";"RUB";"20000,00";"RUB";"";"Переводы";"";"Между своими счетами";"0,00";"0,00";"20000,00"
"31.03.2025 13:26:25";"31.03.2025";"*1405";"OK";"-20000,00";"RUB";"-20000,00";"RUB";"";"Переводы";"";"Между своими счетами";"0,00";"0,00";"-20000,00"
"31.03.2025 13:22:49";"31.03.2025";"*1405";"OK";"73600,00";"RUB";"73600,00";"RUB";"";"Переводы";"";"Михаил С.";"0,00";"0,00";"73600,00"
"30.03.2025 17:04:39";"30.03.2025";"*4347";"OK";"-260,00";"RUB";"-260,00";"RUB";"";"Такси";"3990";"Яндекс Такси";"0,00";"0,00";"-260,00"
"26.03.2025 00:00:00";"";"";"OK";"0,00";"RUB";"0,00";"RUB";"";"Бонусы";"";"Зачисление кэшбэка";"0,00";"0,00";"0,00"
"26.03.2025 00:00:00";"";"";"OK";"-541,46";"RUB";"-541,46";"RUB";"";"Услуги банка";"";"Плата по кредитке";"0,00";"0,00";"-541,46"
"17.03.2025 17:24:48";"17.03.2025";"*4347";"OK";"-3460,00";"RUB";"-3460,00";"RUB";"";"Связь";"4816";"Timeweb";"0,00";"0,00";"-3460,00"
"15.03.2025 12:27:00";"15.03.2025";"*1405";"OK";"-2000,00";"RUB";"-2000,00";"RUB";"";"Переводы";"";"Александр Д.";"0,00";"0,00";"-2000,00"
"15.03.2025 12:25:53";"15.03.2025";"*1405";"OK";"-7000,00";"RUB";"-7000,00";"RUB";"";"Переводы";"";"Гагик Д.";"0,00";"0,00";"-7000,00"
"13.03.2025 22:20:16";"15.03.2025";"*1372";"OK";"-5170,00";"RUB";"-5170,00";"RUB";"";"Турагентства";"4722";"Купибилет";"0,00";"0,00";"-5170,00"
"13.03.2025 22:20:13";"14.03.2025";"*1372";"OK";"-168,00";"RUB";"-168,00";"RUB";"";"Турагентства";"4722";"Купибилет";"0,00";"0,00";"-168,00"
"13.03.2025 22:13:53";"14.03.2025";"*1372";"OK";"-3830,70";"RUB";"-3830,70";"RUB";"";"Турагентства";"4722";"Tutu.ru";"0,00";"0,00";"-3830,70"
"11.03.2025 15:50:59";"11.03.2025";"*1405";"OK";"-10000,00";"RUB";"-10000,00";"RUB";"";"Переводы";"";"Александр Д.";"0,00";"0,00";"-10000,00"
"04.03.2025 17:39:18";"04.03.2025";"*1372";"OK";"3499,67";"RUB";"3499,67";"RUB";"";"Турагентства";"4722";"Купибилет";"0,00";"0,00";"3499,67"
"04.03.2025 17:37:52";"04.03.2025";"*1372";"OK";"1869,00";"RUB";"1869,00";"RUB";"";"Турагентства";"4722";"Купибилет";"0,00";"0,00";"1869,00"
"03.03.2025 07:09:59";"03.03.2025";"*1405";"OK";"-22683,85";"RUB";"-22683,85";"RUB";"";"Переводы";"";"Пополнение брокерского счета";"0,00";"0,00";"-22683,85"
"02.03.2025 20:42:03";"02.03.2025";"*1405";"OK";"-2500,00";"RUB";"-2500,00";"RUB";"";"Мобильная связь";"";"МТС +7 916 082-25-22";"0,00";"0,00";"-2500,00"
"02.03.2025 20:28:16";"02.03.2025";"*1405";"OK";"-11161,99";"RUB";"-11161,99";"RUB";"";"Переводы";"";"Пополнение брокерского счета";"0,00";"0,00";"-11161,99"
"02.03.2025 20:25:59";"02.03.2025";"*1405";"OK";"-7475,87";"RUB";"-7475,87";"RUB";"";"Переводы";"";"Пополнение брокерского счета";"0,00";"0,00";"-7475,87"
"02.03.2025 20:22:52";"02.03.2025";"";"OK";"30000,00";"RUB";"30000,00";"RUB";"";"Переводы";"";"Александр Л.";"0,00";"0,00";"30000,00"
"02.03.2025 20:21:03";"02.03.2025";"*1405";"OK";"-10812,34";"RUB";"-10812,34";"RUB";"";"Переводы";"";"Пополнение брокерского счета";"0,00";"0,00";"-10812,34"
"02.03.2025 20:18:54";"02.03.2025";"*1405";"OK";"-22000,00";"RUB";"-22000,00";"RUB";"";"Переводы";"";"Юлия К.";"0,00";"0,00";"-22000,00"
"02.03.2025 20:18:31";"02.03.2025";"*1372";"OK";"30000,00";"RUB";"30000,00";"RUB";"";"Переводы";"";"Между своими счетами";"0,00";"0,00";"30000,00"
"02.03.2025 20:18:31";"02.03.2025";"*1405";"OK";"-30000,00";"RUB";"-30000,00";"RUB";"";"Переводы";"";"Между своими счетами";"0,00";"0,00";"-30000,00"
"02.03.2025 20:16:42";"02.03.2025";"";"OK";"100000,00";"RUB";"100000,00";"RUB";"";"Переводы";"";"Александр Л.";"0,00";"0,00";"100000,00"
"02.03.2025 14:40:47";"03.03.2025";"*1372";"OK";"-9836,84";"RUB";"-9836,84";"RUB";"";"Турагентства";"4722";"Купибилет";"0,00";"0,00";"-9836,84"
"02.03.2025 14:40:34";"03.03.2025";"*1372";"OK";"-2853,16";"RUB";"-2853,16";"RUB";"";"Турагентства";"4722";"Купибилет";"0,00";"0,00";"-2853,16"
"02.03.2025 14:40:01";"03.03.2025";"*1372";"OK";"-4598,60";"RUB";"-4598,60";"RUB";"";"Турагентства";"4722";"Tutu.ru";"0,00";"0,00";"-4598,60"
"01.03.2025 15:57:21";"01.03.2025";"*4347";"OK";"-697,17";"RUB";"-697,17";"RUB";"";"Экосистема Яндекс";"3990";"Yandex Cloud";"0,00";"0,00";"-697,17"
"28.02.2025 18:29:40";"28.02.2025";"*4347";"OK";"-1960,00";"RUB";"-1960,00";"RUB";"";"Связь";"4816";"Timeweb";"0,00";"0,00";"-1960,00"
"28.02.2025 12:24:49";"28.02.2025";"*1372";"OK";"-37250,00";"RUB";"-37250,00";"RUB";"";"Образование";"8299";"Высшая Школа Экономики";"372,00";"0,00";"-37250,00"
"15.02.2025 18:10:30";"15.02.2025";"*4347";"OK";"-4000,00";"RUB";"-4000,00";"RUB";"";"Связь";"4816";"DSWorks";"0,00";"0,00";"-4000,00"
"13.02.2025 15:47:43";"13.02.2025";"";"OK";"20,90";"RUB";"20,90";"RUB";"";"Транспорт";"4121";"Пополнение от организации";"0,00";"0,00";"20,90"
"13.02.2025 15:47:35";"13.02.2025";"";"OK";"-20,90";"RUB";"-20,90";"RUB";"";"Такси";"4121";"Яндекс Такси";"0,00";"0,00";"-20,90"
"13.02.2025 11:06:07";"13.02.2025";"*1405";"OK";"-650,00";"RUB";"-650,00";"RUB";"";"Переводы";"";"Александр Д.";"0,00";"0,00";"-650,00"
"13.02.2025 11:05:45";"13.02.2025";"*1405";"OK";"-650,00";"RUB";"-650,00";"RUB";"";"Переводы";"";"Александр Д.";"0,00";"0,00";"-650,00"
"13.02.2025 10:20:12";"13.02.2025";"*1405";"OK";"-2500,00";"RUB";"-2500,00";"RUB";"";"Мобильная связь";"";"МТС +7 916 082-25-22";"0,00";"0,00";"-2500,00"
"11.02.2025 16:09:06";"11.02.2025";"*1372";"OK";"-32500,00";"RUB";"-32500,00";"RUB";"";"Образование";"8220";"Высшая Школа Экономики";"325,00";"0,00";"-32500,00"
"10.02.2025 16:12:42";"10.02.2025";"*1405";"OK";"-1500,00";"RUB";"-1500,00";"RUB";"";"Мобильная связь";"";"МТС +7 915 439-92-54";"0,00";"0,00";"-1500,00"
"10.02.2025 09:45:21";"10.02.2025";"*4347";"OK";"-10000,00";"RUB";"-10000,00";"RUB";"";"Образование";"8220";"Высшая Школа Экономики";"0,00";"0,00";"-10000,00"
"08.02.2025 16:26:40";"08.02.2025";"*4347";"OK";"-90000,00";"RUB";"-90000,00";"RUB";"";"Образование";"8220";"Высшая Школа Экономики";"0,00";"0,00";"-90000,00"
"07.02.2025 15:33:13";"07.02.2025";"*4347";"OK";"-10640,00";"RUB";"-10640,00";"RUB";"";"Различные услуги";"7277";"Y.M*Geolang";"0,00";"0,00";"-10640,00"
"07.02.2025 13:01:10";"07.02.2025";"*1405";"OK";"109670,00";"RUB";"109670,00";"RUB";"";"Переводы";"";"Андрей К.";"0,00";"0,00";"109670,00"
"04.02.2025 18:52:55";"04.02.2025";"*1405";"OK";"-30000,00";"RUB";"-30000,00";"RUB";"";"Переводы";"";"Юлия К.";"0,00";"0,00";"-30000,00"
"04.02.2025 18:52:13";"04.02.2025";"";"OK";"4500,00";"RUB";"4500,00";"RUB";"";"Переводы";"";"Александр Л.";"0,00";"0,00";"4500,00"
"04.02.2025 18:48:15";"04.02.2025";"*1405";"OK";"-35000,00";"RUB";"-35000,00";"RUB";"";"Переводы";"";"Александр Л.";"0,00";"0,00";"-35000,00"
"04.02.2025 18:38:33";"04.02.2025";"*1405";"OK";"73810,00";"RUB";"73810,00";"RUB";"";"Переводы";"";"Андрей Г.";"0,00";"0,00";"73810,00"
"29.01.2025 06:24:08";"29.01.2025";"*4347";"OK";"-1960,00";"RUB";"-1960,00";"RUB";"";"Связь";"4816";"Timeweb";"0,00";"0,00";"-1960,00"
"22.01.2025 10:00:56";"22.01.2025";"*1405";"OK";"-20000,00";"RUB";"-20000,00";"RUB";"";"Переводы";"6012";"Перевод на карту";"0,00";"0,00";"-20000,00"
"08.01.2025 22:06:19";"09.01.2025";"*4347";"OK";"-3000,00";"RUB";"-3000,00";"RUB";"";"Образование";"8299";"Stepik";"0,00";"0,00";"-3000,00"
"08.01.2025 21:51:36";"08.01.2025";"*1405";"OK";"-47000,00";"RUB";"-47000,00";"RUB";"";"Переводы";"";"Дмитрий В.";"0,00";"0,00";"-47000,00"
"08.01.2025 19:37:38";"08.01.2025";"*1405";"OK";"-7000,00";"RUB";"-7000,00";"RUB";"";"Переводы";"";"Никита Ч.";"0,00";"0,00";"-7000,00"
"03.01.2025 17:19:03";"03.01.2025";"*1405";"OK";"-9606,24";"RUB";"-9606,24";"RUB";"";"Переводы";"";"Пополнение брокерского счета";"0,00";"0,00";"-9606,24"
"03.01.2025 17:18:16";"03.01.2025";"*1405";"OK";"-1947,83";"RUB";"-1947,83";"RUB";"";"Переводы";"";"Пополнение брокерского счета";"0,00";"0,00";"-1947,83"
"03.01.2025 17:13:05";"03.01.2025";"*1405";"OK";"-5125,33";"RUB";"-5125,33";"RUB";"";"Переводы";"";"Пополнение брокерского счета";"0,00";"0,00";"-5125,33"
"03.01.2025 17:10:37";"03.01.2025";"*1405";"OK";"-25,00";"RUB";"-25,00";"RUB";"";"Переводы";"";"Пополнение брокерского счета";"0,00";"0,00";"-25,00"
"03.01.2025 17:06:23";"03.01.2025";"*1405";"OK";"-10353,47";"RUB";"-10353,47";"RUB";"";"Переводы";"";"Пополнение брокерского счета";"0,00";"0,00";"-10353,47"
"03.01.2025 17:04:45";"03.01.2025";"*1405";"OK";"-5796,54";"RUB";"-5796,54";"RUB";"";"Переводы";"";"Пополнение брокерского счета";"0,00";"0,00";"-5796,54"
"03.01.2025 17:02:26";"03.01.2025";"*1405";"OK";"-5169,87";"RUB";"-5169,87";"RUB";"";"Переводы";"";"Пополнение брокерского счета";"0,00";"0,00";"-5169,87"
"02.01.2025 09:00:49";"02.01.2025";"*4347";"OK";"-500,00";"RUB";"-500,00";"RUB";"";"Госуслуги";"9311";"Федеральная Налоговая Служба";"0,00";"0,00";"-500,00"
"01.01.2025 22:19:03";"02.01.2025";"*1405";"OK";"-3000,00";"RUB";"-3000,00";"RUB";"";"Переводы";"";"Вадим Я.";"0,00";"0,00";"-3000,00"
"29.12.2024 18:21:27";"29.12.2024";"*4347";"OK";"-1960,00";"RUB";"-1960,00";"RUB";"";"Связь";"4816";"Timeweb";"0,00";"0,00";"-1960,00"
"11.12.2024 17:35:43";"11.12.2024";"*4347";"OK";"-60000,00";"RUB";"-60000,00";"RUB";"";"Образование";"8220";"Высшая Школа Экономики";"0,00";"0,00";"-60000,00"
"11.12.2024 16:15:08";"11.12.2024";"*1405";"OK";"3109,00";"RUB";"3109,00";"RUB";"";"Переводы";"";"Александр Т.";"0,00";"0,00";"3109,00"
"11.12.2024 16:05:30";"11.12.2024";"";"OK";"120000,00";"RUB";"120000,00";"RUB";"";"Переводы";"";"Альбина Р.";"0,00";"0,00";"120000,00"
"06.12.2024 20:12:28";"06.12.2024";"*1405";"OK";"-10000,00";"RUB";"-10000,00";"RUB";"";"Переводы";"";"Марина К.";"0,00";"0,00";"-10000,00"
"06.12.2024 16:38:48";"06.12.2024";"*1405";"OK";"-13000,00";"RUB";"-13000,00";"RUB";"";"Переводы";"";"ООО ""АКАДЕМИЯ ДПО""";"0,00";"0,00";"-13000,00"
"04.12.2024 19:31:17";"04.12.2024";"*1405";"OK";"-22000,00";"RUB";"-22000,00";"RUB";"";"Переводы";"";"Александр Л.";"0,00";"0,00";"-22000,00"
"04.12.2024 17:08:54";"04.12.2024";"*1405";"OK";"102893,00";"RUB";"102893,00";"RUB";"";"Переводы";"";"Вадим П.";"0,00";"0,00";"102893,00"
"01.12.2024 09:00:51";"01.12.2024";"*4347";"OK";"-500,00";"RUB";"-500,00";"RUB";"";"Госуслуги";"9311";"Федеральная Налоговая Служба";"0,00";"0,00";"-500,00"
"30.11.2024 10:05:44";"01.12.2024";"*1405";"OK";"-20000,00";"RUB";"-20000,00";"RUB";"";"Переводы";"";"ДОНГУ ОБУЧЕНИЕ";"0,00";"0,00";"-20000,00"
"30.11.2024 09:58:25";"30.11.2024";"";"OK";"20000,00";"RUB";"20000,00";"RUB";"";"Переводы";"";"Александр Л.";"0,00";"0,00";"20000,00"
"30.11.2024 07:22:02";"30.11.2024";"*4347";"OK";"-1862,00";"RUB";"-1862,00";"RUB";"";"Связь";"4816";"Timeweb";"0,00";"0,00";"-1862,00"
"14.11.2024 17:40:25";"14.11.2024";"*1405";"OK";"-3356,00";"RUB";"-3356,00";"RUB";"";"Переводы";"";"Федеральная Налоговая Служба";"0,00";"0,00";"-3356,00"
"14.11.2024 15:06:03";"14.11.2024";"*1405";"OK";"-5000,00";"RUB";"-5000,00";"RUB";"";"Переводы";"";"Пополнение брокерского счета";"0,00";"0,00";"-5000,00"
"14.11.2024 15:04:22";"14.11.2024";"*1405";"OK";"-5000,00";"RUB";"-5000,00";"RUB";"";"Переводы";"";"Пополнение брокерского счета";"0,00";"0,00";"-5000,00"
"12.11.2024 01:55:16";"12.11.2024";"*1405";"OK";"-25000,00";"RUB";"-25000,00";"RUB";"";"Переводы";"";"Юлия К.";"0,00";"0,00";"-25000,00"
"11.11.2024 11:14:09";"11.11.2024";"*4347";"OK";"-989,00";"RUB";"-989,00";"RUB";"";"Сервис";"7361";"Hh Career Service";"0,00";"0,00";"-989,00"
"11.11.2024 11:12:52";"11.11.2024";"*4347";"OK";"-989,00";"RUB";"-989,00";"RUB";"";"Сервис";"7361";"Hh Career Service";"0,00";"0,00";"-989,00"
"07.11.2024 22:25:59";"08.11.2024";"*4347";"OK";"-3500,00";"RUB";"-3500,00";"RUB";"";"НКО";"3990";"Yandex Cloud";"0,00";"0,00";"-3500,00"
"04.11.2024 11:31:31";"04.11.2024";"*4347";"OK";"-100,00";"RUB";"-100,00";"RUB";"";"Связь";"4816";"Cloud.Ru";"0,00";"0,00";"-100,00"
"04.11.2024 11:29:41";"04.11.2024";"*4347";"OK";"-166,00";"RUB";"-166,00";"RUB";"";"Связь";"4816";"Cloud.Ru";"0,00";"0,00";"-166,00"
"04.11.2024 11:04:52";"04.11.2024";"*4347";"OK";"-12017,96";"RUB";"-12017,96";"RUB";"";"Маркетплейсы";"5300";"Ozon.ru";"0,00";"0,00";"-12017,96"
"04.11.2024 10:52:12";"04.11.2024";"";"OK";"11704,61";"RUB";"11704,61";"RUB";"";"Переводы";"";"Александр Л.";"0,00";"0,00";"11704,61"
"04.11.2024 10:43:00";"04.11.2024";"";"OK";"48230,00";"RUB";"48230,00";"RUB";"";"Переводы";"";"Ярослав Я.";"0,00";"0,00";"48230,00"
"02.11.2024 07:43:46";"02.11.2024";"*1405";"OK";"-18455,00";"RUB";"-18455,00";"RUB";"";"Переводы";"";"Александр Л.";"0,00";"0,00";"-18455,00"
"26.10.2024 22:53:28";"27.10.2024";"*1405";"OK";"-35000,00";"RUB";"-35000,00";"RUB";"";"Переводы";"";"Александр Л.";"0,00";"0,00";"-35000,00"
"15.10.2024 09:09:44";"15.10.2024";"*4347";"OK";"-22507,00";"RUB";"-22507,00";"RUB";"";"Авиабилеты";"4511";"Купибилет";"0,00";"0,00";"-22507,00"
"14.10.2024 16:14:06";"14.10.2024";"*1405";"OK";"-23000,00";"RUB";"-23000,00";"RUB";"";"Переводы";"";"Юлия К.";"0,00";"0,00";"-23000,00"
"14.10.2024 14:19:22";"14.10.2024";"";"OK";"98955,00";"RUB";"98955,00";"RUB";"";"Переводы";"";"Александр Д.";"0,00";"0,00";"98955,00"
"09.10.2024 10:59:01";"09.10.2024";"*4347";"OK";"-260,00";"RUB";"-260,00";"RUB";"";"Цветы";"5992";"Autolike29";"0,00";"0,00";"-260,00"
"07.10.2024 10:25:51";"07.10.2024";"";"OK";"-2000,00";"RUB";"-2000,00";"RUB";"";"Связь";"4814";"МТС";"0,00";"0,00";"-2000,00"
"27.09.2024 22:12:31";"28.09.2024";"*4347";"OK";"-3897,86";"RUB";"-3897,86";"RUB";"";"Ж/д билеты";"4112";"Tutu.ru";"0,00";"0,00";"-3897,86"
"27.09.2024 22:00:20";"28.09.2024";"*4347";"OK";"-9165,00";"RUB";"-9165,00";"RUB";"";"Турагентства";"4722";"Купибилет";"0,00";"0,00";"-9165,00"
"27.09.2024 10:09:53";"27.09.2024";"*1405";"OK";"-19200,00";"RUB";"-19200,00";"RUB";"";"Переводы";"";"Ольга П.";"0,00";"0,00";"-19200,00"
"22.09.2024 19:03:06";"22.09.2024";"*4347";"OK";"-10800,00";"RUB";"-10800,00";"RUB";"";"Образование";"8299";"Школково";"0,00";"0,00";"-10800,00"
"16.09.2024 22:00:14";"17.09.2024";"*4347";"OK";"-2000,00";"RUB";"-2000,00";"RUB";"";"Связь";"4816";"Cloud.Ru";"0,00";"0,00";"-2000,00"
"16.09.2024 14:53:53";"16.09.2024";"*4347";"OK";"-2850,00";"RUB";"-2850,00";"RUB";"";"Связь";"4816";"Timeweb";"0,00";"0,00";"-2850,00"
"15.09.2024 11:36:43";"15.09.2024";"";"OK";"5000,00";"RUB";"5000,00";"RUB";"";"Переводы";"";"Светлана К.";"0,00";"0,00";"5000,00"
"14.09.2024 22:59:01";"15.09.2024";"";"OK";"50,00";"RUB";"50,00";"RUB";"";"Переводы";"";"Светлана К.";"0,00";"0,00";"50,00"
"01.09.2024 14:36:27";"01.09.2024";"*4347";"OK";"-9251,00";"RUB";"-9251,00";"RUB";"";"Маркетплейсы";"5300";"WILDBERRIES";"0,00";"0,00";"-9251,00"
"01.09.2024 14:30:53";"01.09.2024";"*1405";"OK";"-21000,00";"RUB";"-21000,00";"RUB";"";"Переводы";"";"Юлия К.";"0,00";"0,00";"-21000,00"
"01.09.2024 13:15:23";"01.09.2024";"*1405";"OK";"71204,00";"RUB";"71204,00";"RUB";"";"Переводы";"";"Вадим Д.";"0,00";"0,00";"71204,00"
"28.08.2024 21:52:41";"28.08.2024";"*1405";"OK";"-400,00";"RUB";"-400,00";"RUB";"";"Переводы";"";"Клиенту Т-Банка";"0,00";"0,00";"-400,00"
"21.08.2024 23:55:03";"22.08.2024";"*1405";"OK";"-400,00";"RUB";"-400,00";"RUB";"";"Переводы";"";"Марина К.";"0,00";"0,00";"-400,00"
"20.08.2024 05:58:44";"21.08.2024";"*4347";"OK";"-4575,60";"RUB";"-4575,60";"RUB";"";"Ж/д билеты";"4112";"Федеральная пассажирская компания";"0,00";"0,00";"-4575,60"
"20.08.2024 05:37:23";"20.08.2024";"*4347";"OK";"-565,00";"RUB";"-565,00";"RUB";"";"Такси";"3990";"Яндекс Такси";"0,00";"0,00";"-565,00"
"20.08.2024 03:24:49";"21.08.2024";"*4347";"OK";"-466,60";"RUB";"-466,60";"RUB";"";"Турагентства";"4722";"Tutu.ru";"0,00";"0,00";"-466,60"
"19.08.2024 14:12:11";"19.08.2024";"*1405";"OK";"-1000,00";"RUB";"-1000,00";"RUB";"";"Переводы";"";"Юлия К.";"0,00";"0,00";"-1000,00"
"07.08.2024 16:34:06";"07.08.2024";"*1405";"OK";"-1500,00";"RUB";"-1500,00";"RUB";"";"Переводы";"";"Алимардон М.";"0,00";"0,00";"-1500,00"
"03.08.2024 17:32:44";"03.08.2024";"*4347";"OK";"10117,00";"RUB";"10117,00";"RUB";"";"Переводы";"";"Сбербанк";"0,00";"0,00";"10117,00"
"30.07.2024 06:03:23";"30.07.2024";"*1405";"OK";"-21000,00";"RUB";"-21000,00";"RUB";"";"Переводы";"";"Александр Л.";"0,00";"0,00";"-21000,00"
"22.07.2024 22:53:55";"23.07.2024";"*1405";"OK";"-75,00";"RUB";"-75,00";"RUB";"";"Услуги банка";"";"Комиссия за операцию";"0,00";"0,00";"-75,00"
"22.07.2024 22:53:55";"23.07.2024";"*1405";"OK";"-5000,00";"RUB";"-5000,00";"RUB";"";"Переводы";"";"Василий К.";"0,00";"0,00";"-5000,00"
"22.07.2024 14:16:24";"22.07.2024";"*1405";"OK";"-20000,00";"RUB";"-20000,00";"RUB";"";"Переводы";"";"Александр Д.";"0,00";"0,00";"-20000,00"
"17.07.2024 19:22:51";"17.07.2024";"*1405";"OK";"-8000,00";"RUB";"-8000,00";"RUB";"";"Переводы";"";"Александр Л.";"0,00";"0,00";"-8000,00"
"17.07.2024 16:52:11";"17.07.2024";"*1405";"OK";"-198,00";"RUB";"-198,00";"RUB";"";"Услуги банка";"";"Комиссия за операцию";"0,00";"0,00";"-198,00"
"17.07.2024 16:52:11";"17.07.2024";"*1405";"OK";"-19200,00";"RUB";"-19200,00";"RUB";"";"Переводы";"";"Артур П.";"0,00";"0,00";"-19200,00"
"17.07.2024 16:51:41";"";"";"FAILED";"-19200,00";"RUB";"-19200,00";"RUB";"";"Переводы";"";"Артур П.";"0,00";"0,00";"-19200,00"
"15.07.2024 10:37:14";"15.07.2024";"*4347";"OK";"-599,00";"RUB";"-599,00";"RUB";"";"Такси";"3990";"Яндекс Такси";"0,00";"0,00";"-599,00"
"13.07.2024 13:47:56";"13.07.2024";"*1405";"OK";"-25000,00";"RUB";"-25000,00";"RUB";"";"Переводы";"";"Маме на жизнь.";"0,00";"0,00";"-25000,00"
"13.07.2024 13:21:35";"13.07.2024";"*4347";"OK";"-18005,00";"RUB";"-18005,00";"RUB";"";"Турагентства";"4722";"Купибилет";"0,00";"0,00";"-18005,00"
"13.07.2024 13:21:06";"14.07.2024";"*4347";"OK";"-1529,00";"RUB";"-1529,00";"RUB";"";"Турагентства";"4722";"Купибилет";"0,00";"0,00";"-1529,00"
"13.07.2024 13:15:31";"13.07.2024";"*4347";"OK";"32065,00";"RUB";"32065,00";"RUB";"";"Переводы";"6536";"Пополнение. CARD2CARD AMOBILE MOSKVA RUS";"0,00";"0,00";"32065,00"
"13.07.2024 12:43:10";"13.07.2024";"*1405";"OK";"64915,00";"RUB";"64915,00";"RUB";"";"Переводы";"";"Шохрат Б.";"0,00";"0,00";"64915,00"
"13.07.2024 12:42:41";"13.07.2024";"*1405";"OK";"10073,00";"RUB";"10073,00";"RUB";"";"Переводы";"";"Егор К.";"0,00";"0,00";"10073,00"
"12.07.2024 20:24:09";"12.07.2024";"*1405";"OK";"-40000,00";"RUB";"-40000,00";"RUB";"";"Переводы";"";"Анна Л.";"0,00";"0,00";"-40000,00"
"12.07.2024 20:07:59";"12.07.2024";"*1405";"OK";"-40000,00";"RUB";"-40000,00";"RUB";"";"Переводы";"";"Вадим Я.";"0,00";"0,00";"-40000,00"
"12.07.2024 20:01:26";"12.07.2024";"";"OK";"40000,00";"RUB";"40000,00";"RUB";"";"Переводы";"";"Анна Л.";"0,00";"0,00";"40000,00"
"12.07.2024 19:58:13";"12.07.2024";"*1405";"OK";"51060,00";"RUB";"51060,00";"RUB";"";"Переводы";"";"Олег А.";"0,00";"0,00";"51060,00"
"12.07.2024 15:13:50";"12.07.2024";"*4347";"OK";"-550,00";"RUB";"-550,00";"RUB";"";"Рестораны";"5812";"D.O.M";"0,00";"0,00";"-550,00"
"12.07.2024 12:41:26";"12.07.2024";"*4347";"OK";"-400,00";"RUB";"-400,00";"RUB";"";"Местный транспорт";"4111";"РЖД";"0,00";"0,00";"-400,00"
"12.07.2024 12:36:13";"12.07.2024";"*4347";"OK";"-198,00";"RUB";"-198,00";"RUB";"";"Местный транспорт";"4111";"Кубань Экспресс-Пригород";"0,00";"0,00";"-198,00"
"12.07.2024 10:25:17";"12.07.2024";"*4347";"OK";"-170,00";"RUB";"-170,00";"RUB";"";"Рестораны";"5812";"OOO Femili";"0,00";"0,00";"-170,00"
"11.07.2024 23:27:06";"12.07.2024";"*4347";"OK";"-307,00";"RUB";"-307,00";"RUB";"";"Различные товары";"5993";"Сейчас 24";"0,00";"0,00";"-307,00"
"11.07.2024 23:25:43";"12.07.2024";"*1405";"OK";"-550,00";"RUB";"-550,00";"RUB";"";"Переводы";"";"Артем Д.";"0,00";"0,00";"-550,00"
"10.07.2024 09:50:59";"10.07.2024";"*4347";"OK";"-1263,00";"RUB";"-1263,00";"RUB";"";"Супермаркеты";"5499";"OOO Dekameron_3";"0,00";"0,00";"-1263,00"
"10.07.2024 08:44:26";"11.07.2024";"*4347";"OK";"-10000,00";"RUB";"-10000,00";"RUB";"";"Наличные";"6011";"Снятие в банкомате Банк ПСБ";"0,00";"0,00";"-10000,00"
"10.07.2024 07:42:40";"10.07.2024";"*4347";"OK";"-200,00";"RUB";"-200,00";"RUB";"";"Супермаркеты";"5411";"Shahter";"0,00";"0,00";"-200,00"
"09.07.2024 15:50:45";"10.07.2024";"*4347";"OK";"-1798,20";"RUB";"-1798,20";"RUB";"";"Заправки";"5541";"АЗС";"0,00";"0,00";"-1798,20"
"08.07.2024 19:11:11";"08.07.2024";"*4347";"OK";"-460,00";"RUB";"-460,00";"RUB";"";"Супермаркеты";"5411";"IP Kolesnik I.V.";"0,00";"0,00";"-460,00"
"07.07.2024 17:57:38";"07.07.2024";"*4347";"OK";"-960,00";"RUB";"-960,00";"RUB";"";"Супермаркеты";"5411";"Magazin Prodray";"0,00";"0,00";"-960,00"
"06.07.2024 14:59:53";"06.07.2024";"*4347";"OK";"-980,00";"RUB";"-980,00";"RUB";"";"Супермаркеты";"5411";"Klass";"0,00";"0,00";"-980,00"
"06.07.2024 10:15:52";"06.07.2024";"*4347";"OK";"-2670,00";"RUB";"-2670,00";"RUB";"";"Супермаркеты";"5411";"IP Kolesnik I.V.";"0,00";"0,00";"-2670,00"
"05.07.2024 18:11:44";"05.07.2024";"*1405";"OK";"-1990,00";"RUB";"-1990,00";"RUB";"";"Другое";"";"Подписка Pro";"0,00";"0,00";"-1990,00"
"05.07.2024 17:33:29";"05.07.2024";"*1405";"OK";"-4000,00";"RUB";"-4000,00";"RUB";"";"Переводы";"";"Максим Н.";"0,00";"0,00";"-4000,00"
"05.07.2024 17:17:10";"05.07.2024";"*4347";"OK";"-295,00";"RUB";"-295,00";"RUB";"";"Супермаркеты";"5411";"IP Ivleva  O.I.";"0,00";"0,00";"-295,00"
"05.07.2024 14:55:23";"05.07.2024";"*4347";"OK";"-70,00";"RUB";"-70,00";"RUB";"";"Супермаркеты";"5411";"IP Makogonova R.I.";"0,00";"0,00";"-70,00"
"05.07.2024 14:15:28";"06.07.2024";"*4347";"OK";"-2844,99";"RUB";"-2844,99";"RUB";"";"Заправки";"5541";"OOO Nikoil";"0,00";"0,00";"-2844,99"
"05.07.2024 12:21:40";"05.07.2024";"*4347";"OK";"-589,00";"RUB";"-589,00";"RUB";"";"Супермаркеты";"5411";"IP Khalimon O.N.";"0,00";"0,00";"-589,00"
"04.07.2024 18:24:22";"04.07.2024";"*1405";"OK";"-1000,00";"RUB";"-1000,00";"RUB";"";"Переводы";"";"Мария К.";"0,00";"0,00";"-1000,00"
"03.07.2024 13:28:23";"03.07.2024";"*1405";"OK";"-3100,00";"RUB";"-3100,00";"RUB";"";"Переводы";"";"Александр Д.";"0,00";"0,00";"-3100,00"
"02.07.2024 23:04:53";"03.07.2024";"*1405";"OK";"-2634,89";"RUB";"-2634,89";"RUB";"";"Переводы";"";"Пополнение брокерского счета";"0,00";"0,00";"-2634,89"
"02.07.2024 23:01:37";"03.07.2024";"*1405";"OK";"-5708,08";"RUB";"-5708,08";"RUB";"";"Переводы";"";"Пополнение брокерского счета";"0,00";"0,00";"-5708,08"
"02.07.2024 18:57:08";"02.07.2024";"*1405";"OK";"-1337,00";"RUB";"-1337,00";"RUB";"";"Переводы";"";"Амонуллох З.";"0,00";"0,00";"-1337,00"
"02.07.2024 18:40:42";"02.07.2024";"*1405";"OK";"-1000,00";"RUB";"-1000,00";"RUB";"";"Переводы";"";"Перевод по запросу самому себе";"0,00";"0,00";"-1000,00"
"02.07.2024 18:26:44";"02.07.2024";"*4347";"OK";"-3027,00";"RUB";"-3027,00";"RUB";"";"Транспорт";"4131";"Едем.рф";"0,00";"0,00";"-3027,00"
"02.07.2024 18:23:14";"02.07.2024";"*1405";"OK";"20,00";"RUB";"20,00";"RUB";"";"Переводы";"";"Никита Г.";"0,00";"0,00";"20,00"
"02.07.2024 18:19:23";"02.07.2024";"*1405";"OK";"46840,00";"RUB";"46840,00";"RUB";"";"Переводы";"";"Никита Г.";"0,00";"0,00";"46840,00"
"30.06.2024 22:45:32";"01.07.2024";"*1405";"OK";"-15,89";"RUB";"-15,89";"RUB";"";"Переводы";"";"Инвесткопилка";"0,00";"0,00";"-15,89"
"30.06.2024 22:45:14";"30.06.2024";"";"OK";"15,89";"RUB";"15,89";"RUB";"";"Бонусы";"";"Проценты на остаток";"0,00";"0,00";"15,89"
"29.06.2024 17:10:17";"29.06.2024";"*4347";"OK";"-483,95";"RUB";"-483,95";"RUB";"";"Супермаркеты";"5411";"Пятёрочка";"0,00";"0,00";"-483,95"
"29.06.2024 14:01:19";"29.06.2024";"*4347";"OK";"-3140,91";"RUB";"-3140,91";"RUB";"";"Супермаркеты";"5411";"Пятёрочка";"0,00";"0,00";"-3140,91"
"28.06.2024 19:35:25";"28.06.2024";"*4347";"OK";"-213,96";"RUB";"-213,96";"RUB";"";"Супермаркеты";"5411";"Пятёрочка";"0,00";"0,00";"-213,96"
"28.06.2024 18:07:43";"30.06.2024";"*4347";"OK";"-300,00";"RUB";"-300,00";"RUB";"";"Местный транспорт";"4111";"Московский метрополитен";"0,00";"0,00";"-300,00"
"28.06.2024 17:40:37";"28.06.2024";"*4347";"OK";"-550,00";"RUB";"-550,00";"RUB";"";"Фастфуд";"5814";"ЧебурекМи";"0,00";"0,00";"-550,00"
"28.06.2024 17:22:42";"28.06.2024";"*4347";"OK";"-540,00";"RUB";"-540,00";"RUB";"";"Фастфуд";"5814";"ЧебурекМи";"0,00";"0,00";"-540,00"
"28.06.2024 14:40:19";"29.06.2024";"*4347";"OK";"-64,00";"RUB";"-64,00";"RUB";"";"Местный транспорт";"4111";"Московский транспорт";"0,00";"0,00";"-64,00"
"28.06.2024 11:43:57";"28.06.2024";"*4347";"OK";"-99,99";"RUB";"-99,99";"RUB";"";"Супермаркеты";"5411";"Пятёрочка";"0,00";"0,00";"-99,99"
"28.06.2024 11:08:09";"29.06.2024";"*4347";"OK";"-64,00";"RUB";"-64,00";"RUB";"";"Местный транспорт";"4111";"Московский транспорт";"0,00";"0,00";"-64,00"
"27.06.2024 18:54:52";"27.06.2024";"*1405";"OK";"-4185,07";"RUB";"-4185,07";"RUB";"";"Переводы";"";"Федеральная Налоговая Служба";"0,00";"0,00";"-4185,07"
"27.06.2024 06:41:22";"27.06.2024";"*4347";"OK";"-560,00";"RUB";"-560,00";"RUB";"";"Супермаркеты";"5411";"Продуктовый магазин";"0,00";"0,00";"-560,00"
"26.06.2024 18:24:07";"26.06.2024";"*4347";"OK";"-581,00";"RUB";"-581,00";"RUB";"";"Супермаркеты";"5411";"Shahter";"0,00";"0,00";"-581,00"
"25.06.2024 15:29:09";"25.06.2024";"*4347";"OK";"-3090,00";"RUB";"-3090,00";"RUB";"";"Супермаркеты";"5411";"IP Kolesnik I.V.";"0,00";"0,00";"-3090,00"
"25.06.2024 09:57:42";"26.06.2024";"*4347";"OK";"-2572,82";"RUB";"-2572,82";"RUB";"";"Заправки";"5541";"Lnp AZS N 43";"0,00";"0,00";"-2572,82"
"25.06.2024 09:19:37";"25.06.2024";"*4347";"OK";"-150,00";"RUB";"-150,00";"RUB";"";"Фастфуд";"5814";"IP Boldyrev S.V.";"0,00";"0,00";"-150,00"
"24.06.2024 17:20:09";"24.06.2024";"*4347";"OK";"-921,70";"RUB";"-921,70";"RUB";"";"Супермаркеты";"5411";"7Я семьЯ";"0,00";"0,00";"-921,70"
"23.06.2024 14:11:23";"23.06.2024";"*4347";"OK";"-120,00";"RUB";"-120,00";"RUB";"";"Супермаркеты";"5411";"Shahter";"0,00";"0,00";"-120,00"
"20.06.2024 14:34:02";"20.06.2024";"*1405";"OK";"-10381,05";"RUB";"-10381,05";"RUB";"";"Переводы";"";"Пополнение брокерского счета";"0,00";"0,00";"-10381,05"
"20.06.2024 14:32:36";"20.06.2024";"*1405";"OK";"-10004,00";"RUB";"-10004,00";"RUB";"";"Переводы";"";"Пополнение брокерского счета";"0,00";"0,00";"-10004,00"
"19.06.2024 12:11:02";"19.06.2024";"*4347";"OK";"-6727,00";"RUB";"-6727,00";"RUB";"";"Супермаркеты";"5499";"OOO Dekameron_3";"0,00";"0,00";"-6727,00"
"18.06.2024 17:41:38";"18.06.2024";"*4347";"OK";"-1350,00";"RUB";"-1350,00";"RUB";"";"Супермаркеты";"5411";"IP Kolesnik I.V.";"0,00";"0,00";"-1350,00"
"18.06.2024 17:36:29";"19.06.2024";"*4347";"OK";"-1999,52";"RUB";"-1999,52";"RUB";"";"Заправки";"5541";"АЗС";"0,00";"0,00";"-1999,52"
"18.06.2024 15:58:04";"18.06.2024";"*4347";"OK";"-1658,29";"RUB";"-1658,29";"RUB";"";"Супермаркеты";"5411";"7Я семьЯ";"0,00";"0,00";"-1658,29"
"18.06.2024 13:44:25";"18.06.2024";"*1405";"OK";"51050,00";"RUB";"51050,00";"RUB";"";"Переводы";"";"Игорь И.";"0,00";"0,00";"51050,00"
"17.06.2024 18:55:18";"17.06.2024";"*4347";"OK";"-921,70";"RUB";"-921,70";"RUB";"";"Супермаркеты";"5411";"7Я семьЯ";"0,00";"0,00";"-921,70"
"17.06.2024 16:32:34";"17.06.2024";"*1405";"OK";"-300,00";"RUB";"-300,00";"RUB";"";"Мобильная связь";"";"МТС +7 916 082-25-22";"0,00";"0,00";"-300,00"
"16.06.2024 21:37:48";"16.06.2024";"*4347";"OK";"-320,00";"RUB";"-320,00";"RUB";"";"Супермаркеты";"5411";"IP Kolesnik I.V.";"0,00";"0,00";"-320,00"
"15.06.2024 11:43:36";"15.06.2024";"*4347";"OK";"-2673,00";"RUB";"-2673,00";"RUB";"";"Супермаркеты";"5499";"OOO Dekameron_3";"0,00";"0,00";"-2673,00"
"15.06.2024 09:43:00";"16.06.2024";"*4347";"OK";"-4000,00";"RUB";"-4000,00";"RUB";"";"Наличные";"6011";"Снятие в банкомате Банк ПСБ";"0,00";"0,00";"-4000,00"
"14.06.2024 09:19:31";"14.06.2024";"*4347";"OK";"-1275,00";"RUB";"-1275,00";"RUB";"";"Супермаркеты";"5411";"IP Kolesnik I.V.";"0,00";"0,00";"-1275,00"
"13.06.2024 18:19:01";"13.06.2024";"*4347";"OK";"-1825,00";"RUB";"-1825,00";"RUB";"";"Супермаркеты";"5411";"IP Kolesnik I.V.";"0,00";"0,00";"-1825,00"
"13.06.2024 07:47:54";"13.06.2024";"*4347";"OK";"-770,00";"RUB";"-770,00";"RUB";"";"Супермаркеты";"5921";"Алкомаркет";"0,00";"0,00";"-770,00"
"12.06.2024 14:55:08";"12.06.2024";"*4347";"OK";"-460,00";"RUB";"-460,00";"RUB";"";"Супермаркеты";"5411";"Сеть супермаркетов Матрёшка";"0,00";"0,00";"-460,00"
"11.06.2024 20:24:07";"12.06.2024";"*4347";"OK";"-2000,00";"RUB";"-2000,00";"RUB";"";"Заправки";"5541";"Lnp AZS N 42";"0,00";"0,00";"-2000,00"
"11.06.2024 19:49:15";"11.06.2024";"*4347";"OK";"-859,00";"RUB";"-859,00";"RUB";"";"Супермаркеты";"5411";"Magazin Prodray";"0,00";"0,00";"-859,00"
"10.06.2024 13:33:31";"10.06.2024";"*4347";"OK";"-90,00";"RUB";"-90,00";"RUB";"";"Услуги банка";"";"Комиссия за операцию";"0,00";"0,00";"-90,00"
"10.06.2024 09:35:50";"10.06.2024";"*1405";"OK";"-2000,00";"RUB";"-2000,00";"RUB";"";"Переводы";"";"Олег Б.";"0,00";"0,00";"-2000,00"
"09.06.2024 17:16:44";"10.06.2024";"*4347";"OK";"-2000,00";"RUB";"-2000,00";"RUB";"";"Наличные";"6011";"Снятие в банкомате Банк ПСБ";"0,00";"0,00";"-2000,00"
"09.06.2024 17:08:32";"09.06.2024";"*4347";"OK";"-921,00";"RUB";"-921,00";"RUB";"";"Супермаркеты";"5411";"Magazin Prodray";"0,00";"0,00";"-921,00"
"09.06.2024 14:20:31";"09.06.2024";"*4347";"OK";"-156,00";"RUB";"-156,00";"RUB";"";"Супермаркеты";"5411";"IP Kuzmenko S.V._2";"0,00";"0,00";"-156,00"
"09.06.2024 14:19:52";"09.06.2024";"*4347";"OK";"-483,00";"RUB";"-483,00";"RUB";"";"Супермаркеты";"5411";"IP Kuzmenko S.V._2";"0,00";"0,00";"-483,00"
"09.06.2024 11:39:32";"09.06.2024";"*4347";"OK";"-75,00";"RUB";"-75,00";"RUB";"";"Супермаркеты";"5411";"Shahter";"0,00";"0,00";"-75,00"
"08.06.2024 17:15:37";"08.06.2024";"*4347";"OK";"-344,00";"RUB";"-344,00";"RUB";"";"Супермаркеты";"5411";"7Я семьЯ";"0,00";"0,00";"-344,00"
"05.06.2024 18:12:21";"05.06.2024";"*1405";"OK";"-299,00";"RUB";"-299,00";"RUB";"";"Другое";"";"Подписка Pro";"0,00";"0,00";"-299,00"
"04.06.2024 12:35:57";"04.06.2024";"*1405";"OK";"-30000,00";"RUB";"-30000,00";"RUB";"";"Переводы";"";"ООО ""Поток.Диджитал""";"0,00";"0,00";"-30000,00"
"04.06.2024 12:11:09";"04.06.2024";"*1405";"OK";"-79500,00";"RUB";"-79500,00";"RUB";"";"Переводы";"";"Юлия К.";"0,00";"0,00";"-79500,00"
"04.06.2024 12:05:12";"04.06.2024";"*1405";"OK";"60980,00";"RUB";"60980,00";"RUB";"";"Переводы";"";"Заяна М.";"0,00";"0,00";"60980,00"
"04.06.2024 11:45:20";"04.06.2024";"*1405";"OK";"55000,10";"RUB";"55000,10";"RUB";"";"Переводы";"";"Ирина Г.";"0,00";"0,00";"55000,10"
"03.06.2024 13:06:49";"03.06.2024";"*1405";"OK";"-3000,00";"RUB";"-3000,00";"RUB";"";"Переводы";"6012";"Перевод на карту";"0,00";"0,00";"-3000,00"
"03.06.2024 12:30:22";"03.06.2024";"*1405";"OK";"-10000,00";"RUB";"-10000,00";"RUB";"";"Переводы";"";"Владислав К.";"0,00";"0,00";"-10000,00"
"02.06.2024 10:34:15";"02.06.2024";"";"OK";"1950,00";"RUB";"1950,00";"RUB";"";"Переводы";"";"Александр Л.";"0,00";"0,00";"1950,00"
"02.06.2024 10:24:12";"02.06.2024";"*1405";"OK";"-2000,00";"RUB";"-2000,00";"RUB";"";"Переводы";"";"Перевод по запросу самому себе";"0,00";"0,00";"-2000,00"
"31.05.2024 11:24:07";"31.05.2024";"*1405";"OK";"31740,03";"RUB";"31740,03";"RUB";"";"Переводы";"";"Банковский перевод. УФК по Тульской области";"0,00";"0,00";"31740,03"
"30.05.2024 22:43:16";"31.05.2024";"*1405";"OK";"-94,44";"RUB";"-94,44";"RUB";"";"Переводы";"";"Инвесткопилка";"0,00";"0,00";"-94,44"
"30.05.2024 22:43:02";"30.05.2024";"";"OK";"94,44";"RUB";"94,44";"RUB";"";"Бонусы";"";"Проценты на остаток";"0,00";"0,00";"94,44"
"28.05.2024 21:22:57";"28.05.2024";"*4347";"OK";"-10,00";"RUB";"-10,00";"RUB";"";"Фастфуд";"5814";"Ilinka";"0,00";"0,00";"-10,00"
"28.05.2024 19:44:20";"28.05.2024";"*4347";"OK";"-90,00";"RUB";"-90,00";"RUB";"";"Услуги банка";"";"Комиссия за операцию";"0,00";"0,00";"-90,00"
"28.05.2024 15:51:00";"29.05.2024";"*4347";"OK";"-64,00";"RUB";"-64,00";"RUB";"";"Местный транспорт";"4111";"Московский транспорт";"0,00";"0,00";"-64,00"
"28.05.2024 14:36:39";"29.05.2024";"*4347";"OK";"-15000,00";"RUB";"-15000,00";"RUB";"";"Наличные";"6011";"Снятие в банкомате ATM 60003681";"0,00";"0,00";"-15000,00"
"28.05.2024 14:35:32";"28.05.2024";"*4347";"OK";"-486,00";"RUB";"-486,00";"RUB";"";"Супермаркеты";"5411";"Пятёрочка";"0,00";"0,00";"-486,00"
"28.05.2024 13:19:26";"28.05.2024";"*4347";"OK";"-90,00";"RUB";"-90,00";"RUB";"";"Услуги банка";"";"Комиссия за операцию";"0,00";"0,00";"-90,00"
"27.05.2024 22:53:08";"31.05.2024";"*4347";"OK";"-2270,00";"RUB";"-2270,00";"RUB";"";"Турагентства";"4722";"Tutu.ru";"0,00";"0,00";"-2270,00"
"27.05.2024 21:40:24";"27.05.2024";"*4347";"OK";"-445,96";"RUB";"-445,96";"RUB";"";"Супермаркеты";"5411";"Пятёрочка";"0,00";"0,00";"-445,96"
"27.05.2024 21:19:26";"28.05.2024";"*4347";"OK";"-64,00";"RUB";"-64,00";"RUB";"";"Местный транспорт";"4111";"Московский транспорт";"0,00";"0,00";"-64,00"
"27.05.2024 20:58:48";"28.05.2024";"*4347";"OK";"-50,00";"RUB";"-50,00";"RUB";"";"Сервис";"7349";"Общественный туалет";"0,00";"0,00";"-50,00"
"27.05.2024 20:10:57";"28.05.2024";"*4347";"OK";"-64,00";"RUB";"-64,00";"RUB";"";"Местный транспорт";"4111";"Московский транспорт";"0,00";"0,00";"-64,00"
"27.05.2024 18:25:31";"28.05.2024";"*4347";"OK";"-64,00";"RUB";"-64,00";"RUB";"";"Местный транспорт";"4111";"Московский транспорт";"0,00";"0,00";"-64,00"
"27.05.2024 16:54:15";"28.05.2024";"*4347";"OK";"-64,00";"RUB";"-64,00";"RUB";"";"Местный транспорт";"4111";"Московский транспорт";"0,00";"0,00";"-64,00"
"27.05.2024 15:42:13";"27.05.2024";"";"OK";"17000,00";"RUB";"17000,00";"RUB";"";"Переводы";"";"Александр Л.";"0,00";"0,00";"17000,00"
"27.05.2024 14:03:13";"27.05.2024";"*4347";"OK";"-210,00";"RUB";"-210,00";"RUB";"";"Фастфуд";"5814";"Creator Coffee";"0,00";"0,00";"-210,00"
"27.05.2024 13:30:24";"28.05.2024";"*4347";"OK";"-64,00";"RUB";"-64,00";"RUB";"";"Местный транспорт";"4111";"Московский транспорт";"0,00";"0,00";"-64,00"
"27.05.2024 13:26:34";"27.05.2024";"*4347";"OK";"-466,00";"RUB";"-466,00";"RUB";"";"Фастфуд";"5814";"Табачная лавка";"0,00";"0,00";"-466,00"
"27.05.2024 11:48:44";"28.05.2024";"*4347";"OK";"-64,00";"RUB";"-64,00";"RUB";"";"Местный транспорт";"4111";"Московский транспорт";"0,00";"0,00";"-64,00"
"27.05.2024 11:16:41";"28.05.2024";"*4347";"OK";"-64,00";"RUB";"-64,00";"RUB";"";"Местный транспорт";"4111";"Московский транспорт";"0,00";"0,00";"-64,00"
"27.05.2024 11:13:07";"28.05.2024";"*4347";"OK";"-2000,00";"RUB";"-2000,00";"RUB";"";"Наличные";"6011";"Снятие в банкомате ATM 60003681";"0,00";"0,00";"-2000,00"
"27.05.2024 11:12:09";"28.05.2024";"*4347";"OK";"-2000,00";"RUB";"-2000,00";"RUB";"";"Наличные";"6011";"Снятие в банкомате ATM 60003681";"0,00";"0,00";"-2000,00"
"26.05.2024 18:09:17";"26.05.2024";"*4347";"OK";"-39,99";"RUB";"-39,99";"RUB";"";"Супермаркеты";"5411";"Пятёрочка";"0,00";"0,00";"-39,99"
"26.05.2024 17:29:48";"26.05.2024";"*4347";"OK";"-3907,23";"RUB";"-3907,23";"RUB";"";"Супермаркеты";"5411";"Перекрёсток";"0,00";"0,00";"-3907,23"
"26.05.2024 17:03:15";"27.05.2024";"*4347";"OK";"-64,00";"RUB";"-64,00";"RUB";"";"Местный транспорт";"4111";"Московский транспорт";"0,00";"0,00";"-64,00"
"26.05.2024 14:20:58";"26.05.2024";"*4347";"OK";"-729,00";"RUB";"-729,00";"RUB";"";"Супермаркеты";"5411";"Пятёрочка";"0,00";"0,00";"-729,00"
"26.05.2024 14:18:08";"26.05.2024";"*4347";"OK";"-330,95";"RUB";"-330,95";"RUB";"";"Супермаркеты";"5411";"Пятёрочка";"0,00";"0,00";"-330,95"
"25.05.2024 20:23:31";"25.05.2024";"*4347";"OK";"-243,00";"RUB";"-243,00";"RUB";"";"Супермаркеты";"5411";"Пятёрочка";"0,00";"0,00";"-243,00"
"25.05.2024 20:21:28";"25.05.2024";"*4347";"OK";"-372,95";"RUB";"-372,95";"RUB";"";"Супермаркеты";"5411";"Пятёрочка";"0,00";"0,00";"-372,95"
"25.05.2024 16:07:23";"25.05.2024";"*4347";"OK";"-428,94";"RUB";"-428,94";"RUB";"";"Супермаркеты";"5411";"Пятёрочка";"0,00";"0,00";"-428,94"
"25.05.2024 15:47:12";"25.05.2024";"*4347";"OK";"-2000,00";"RUB";"-2000,00";"RUB";"";"Госуслуги";"9311";"Мои Документы";"0,00";"0,00";"-2000,00"
"25.05.2024 13:56:14";"26.05.2024";"*4347";"OK";"-64,00";"RUB";"-64,00";"RUB";"";"Местный транспорт";"4111";"Московский транспорт";"0,00";"0,00";"-64,00"
"25.05.2024 12:51:20";"26.05.2024";"*4347";"OK";"-64,00";"RUB";"-64,00";"RUB";"";"Местный транспорт";"4111";"Московский транспорт";"0,00";"0,00";"-64,00"
"25.05.2024 11:33:49";"25.05.2024";"*4347";"OK";"-486,00";"RUB";"-486,00";"RUB";"";"Супермаркеты";"5411";"Пятёрочка";"0,00";"0,00";"-486,00"
"24.05.2024 19:22:44";"25.05.2024";"*4347";"OK";"-64,00";"RUB";"-64,00";"RUB";"";"Местный транспорт";"4111";"Московский транспорт";"0,00";"0,00";"-64,00"
"24.05.2024 18:34:37";"25.05.2024";"*4347";"OK";"-64,00";"RUB";"-64,00";"RUB";"";"Местный транспорт";"4111";"Московский транспорт";"0,00";"0,00";"-64,00"
"24.05.2024 17:17:17";"24.05.2024";"*4347";"OK";"-380,00";"RUB";"-380,00";"RUB";"";"Фастфуд";"5814";"Капучинофф";"0,00";"0,00";"-380,00"
"24.05.2024 16:27:37";"24.05.2024";"*4347";"OK";"-600,00";"RUB";"-600,00";"RUB";"";"Различные товары";"5993";"Табачная лавка";"0,00";"0,00";"-600,00"
"24.05.2024 16:25:15";"24.05.2024";"*4347";"OK";"-29,99";"RUB";"-29,99";"RUB";"";"Супермаркеты";"5411";"Перекрёсток";"0,00";"0,00";"-29,99"
"24.05.2024 15:18:25";"25.05.2024";"*4347";"OK";"-64,00";"RUB";"-64,00";"RUB";"";"Местный транспорт";"4111";"Московский транспорт";"0,00";"0,00";"-64,00"
"24.05.2024 14:49:49";"25.05.2024";"*4347";"OK";"-64,00";"RUB";"-64,00";"RUB";"";"Местный транспорт";"4111";"Московский транспорт";"0,00";"0,00";"-64,00"
"24.05.2024 14:09:42";"24.05.2024";"*4347";"OK";"-585,99";"RUB";"-585,99";"RUB";"";"Супермаркеты";"5411";"Пятёрочка";"0,00";"0,00";"-585,99"
"24.05.2024 10:34:29";"24.05.2024";"*1405";"OK";"-19000,00";"RUB";"-19000,00";"RUB";"";"Переводы";"";"УФК по Донецкой Народной Республике (ФГБОУ ВО ""ДонГУ"" л/с 20826НЛ2Ц00)";"0,00";"0,00";"-19000,00"
"24.05.2024 09:41:50";"24.05.2024";"*1405";"OK";"-15000,00";"RUB";"-15000,00";"RUB";"";"Переводы";"";"Андрей Л.";"0,00";"0,00";"-15000,00"
"23.05.2024 15:28:39";"23.05.2024";"*1405";"OK";"-9100,00";"RUB";"-9100,00";"RUB";"";"Переводы";"";"Нэсп Без Идентификации Д.";"0,00";"0,00";"-9100,00"
"23.05.2024 14:56:13";"23.05.2024";"*1405";"OK";"-15000,00";"RUB";"-15000,00";"RUB";"";"Переводы";"";"Нэсп Без Идентификации Д.";"0,00";"0,00";"-15000,00"
"23.05.2024 13:14:02";"23.05.2024";"*4347";"OK";"-529,99";"RUB";"-529,99";"RUB";"";"Супермаркеты";"5411";"Пятёрочка";"0,00";"0,00";"-529,99"
"22.05.2024 20:19:49";"22.05.2024";"*4347";"OK";"-1143,93";"RUB";"-1143,93";"RUB";"";"Супермаркеты";"5411";"Магнит";"0,00";"0,00";"-1143,93"
"22.05.2024 18:31:33";"22.05.2024";"*1405";"OK";"70169,00";"RUB";"70169,00";"RUB";"";"Переводы";"";"Рамиль А.";"0,00";"0,00";"70169,00"
"22.05.2024 16:35:25";"22.05.2024";"*4347";"OK";"-696,94";"RUB";"-696,94";"RUB";"";"Супермаркеты";"5411";"Пятёрочка";"0,00";"0,00";"-696,94"
"22.05.2024 13:38:03";"22.05.2024";"*4347";"OK";"-605,98";"RUB";"-605,98";"RUB";"";"Супермаркеты";"5411";"Пятёрочка";"0,00";"0,00";"-605,98"
"21.05.2024 19:27:37";"21.05.2024";"*4347";"OK";"-874,35";"RUB";"-874,35";"RUB";"";"Супермаркеты";"5411";"Перекрёсток";"0,00";"0,00";"-874,35"
"21.05.2024 15:16:06";"21.05.2024";"*1405";"OK";"2027,00";"RUB";"2027,00";"RUB";"";"Переводы";"";"Вывод с брокерского счета";"0,00";"0,00";"2027,00"
"21.05.2024 13:05:46";"21.05.2024";"*4347";"OK";"-49,99";"RUB";"-49,99";"RUB";"";"Супермаркеты";"5411";"Пятёрочка";"0,00";"0,00";"-49,99"
"21.05.2024 13:04:07";"21.05.2024";"*4347";"OK";"-649,97";"RUB";"-649,97";"RUB";"";"Супермаркеты";"5411";"Пятёрочка";"0,00";"0,00";"-649,97"
"20.05.2024 19:37:02";"20.05.2024";"*4347";"OK";"-823,02";"RUB";"-823,02";"RUB";"";"Супермаркеты";"5411";"Магнит";"0,00";"0,00";"-823,02"
"20.05.2024 13:27:15";"20.05.2024";"*4347";"OK";"-466,00";"RUB";"-466,00";"RUB";"";"Супермаркеты";"5411";"Пятёрочка";"0,00";"0,00";"-466,00"
"20.05.2024 13:23:01";"20.05.2024";"*4347";"OK";"-644,94";"RUB";"-644,94";"RUB";"";"Супермаркеты";"5411";"Пятёрочка";"0,00";"0,00";"-644,94"
"19.05.2024 19:43:29";"19.05.2024";"*4347";"OK";"-978,80";"RUB";"-978,80";"RUB";"";"Супермаркеты";"5411";"Пятёрочка";"0,00";"0,00";"-978,80"
"19.05.2024 15:29:28";"19.05.2024";"*4347";"OK";"-1159,93";"RUB";"-1159,93";"RUB";"";"Супермаркеты";"5411";"Пятёрочка";"0,00";"0,00";"-1159,93"
"18.05.2024 18:45:01";"18.05.2024";"*4347";"OK";"-1017,92";"RUB";"-1017,92";"RUB";"";"Супермаркеты";"5411";"Пятёрочка";"0,00";"0,00";"-1017,92"
"18.05.2024 18:21:21";"19.05.2024";"*4347";"OK";"-61,00";"RUB";"-61,00";"RUB";"";"Местный транспорт";"4111";"Московский транспорт";"0,00";"0,00";"-61,00"
"18.05.2024 17:20:59";"18.05.2024";"*1405";"OK";"-1000,00";"RUB";"-1000,00";"RUB";"";"Мобильная связь";"";"МТС +7 916 082-25-22";"0,00";"0,00";"-1000,00"
"18.05.2024 17:20:29";"19.05.2024";"*4347";"OK";"-61,00";"RUB";"-61,00";"RUB";"";"Местный транспорт";"4111";"Московский транспорт";"0,00";"0,00";"-61,00"
"18.05.2024 17:19:10";"18.05.2024";"*4347";"OK";"-70,00";"RUB";"-70,00";"RUB";"";"Такси";"3990";"Яндекс Такси";"0,00";"0,00";"-70,00"
"18.05.2024 16:36:48";"18.05.2024";"*1405";"OK";"3213,00";"RUB";"3213,00";"RUB";"";"Переводы";"";"Вывод с брокерского счета";"0,00";"0,00";"3213,00"
"18.05.2024 13:58:45";"18.05.2024";"*4347";"OK";"-486,00";"RUB";"-486,00";"RUB";"";"Различные товары";"5993";"Табачная лавка";"0,00";"0,00";"-486,00"
"18.05.2024 13:25:50";"19.05.2024";"*4347";"OK";"-61,00";"RUB";"-61,00";"RUB";"";"Местный транспорт";"4111";"Московский транспорт";"0,00";"0,00";"-61,00"
"18.05.2024 12:47:06";"18.05.2024";"*1405";"OK";"-10240,00";"RUB";"-10240,00";"RUB";"";"Переводы";"";"Бесик П.";"0,00";"0,00";"-10240,00"
"18.05.2024 12:19:00";"18.05.2024";"*4347";"OK";"-1675,00";"RUB";"-1675,00";"RUB";"";"Такси";"3990";"Яндекс Такси";"0,00";"0,00";"-1675,00"
"17.05.2024 19:10:42";"17.05.2024";"*4347";"OK";"-787,91";"RUB";"-787,91";"RUB";"";"Супермаркеты";"5411";"Пятёрочка";"0,00";"0,00";"-787,91"
"17.05.2024 17:24:37";"17.05.2024";"*1405";"OK";"-12000,00";"RUB";"-12000,00";"RUB";"";"Переводы";"";"Маме на жизнь.";"0,00";"0,00";"-12000,00"
"17.05.2024 16:57:45";"17.05.2024";"*1405";"OK";"16374,65";"RUB";"16374,65";"RUB";"";"Переводы";"";"Вывод с брокерского счета";"0,00";"0,00";"16374,65"
"17.05.2024 15:27:36";"17.05.2024";"*4347";"OK";"-283,95";"RUB";"-283,95";"RUB";"";"Супермаркеты";"5411";"Пятёрочка";"0,00";"0,00";"-283,95"
"16.05.2024 22:03:35";"17.05.2024";"*1405";"OK";"8630,00";"RUB";"8630,00";"RUB";"";"Переводы";"";"Вывод с брокерского счета";"0,00";"0,00";"8630,00"
"16.05.2024 18:42:48";"16.05.2024";"*4347";"OK";"-1422,33";"RUB";"-1422,33";"RUB";"";"Супермаркеты";"5411";"Пятёрочка";"0,00";"77,67";"-1500,00"
"16.05.2024 10:07:25";"16.05.2024";"*1405";"OK";"1936,67";"RUB";"1936,67";"RUB";"";"Переводы";"";"Перевод собственных средств. НДС не облагается.";"0,00";"0,00";"1936,67"
"15.05.2024 20:38:47";"15.05.2024";"*4347";"OK";"-1156,90";"RUB";"-1156,90";"RUB";"";"Супермаркеты";"5411";"Пятёрочка";"0,00";"43,10";"-1200,00"
"15.05.2024 17:37:54";"15.05.2024";"*4347";"OK";"-798,99";"RUB";"-798,99";"RUB";"";"Супермаркеты";"5411";"Пятёрочка";"0,00";"1,01";"-800,00"
"15.05.2024 16:46:08";"16.05.2024";"*4347";"OK";"-61,00";"RUB";"-61,00";"RUB";"";"Местный транспорт";"4111";"Московский транспорт";"0,00";"39,00";"-100,00"
"15.05.2024 16:27:40";"16.05.2024";"*4347";"OK";"-800,00";"RUB";"-800,00";"RUB";"";"Сервис";"8111";"Notarius Pavlova A.V.";"0,00";"0,00";"-800,00"
"15.05.2024 13:28:53";"15.05.2024";"*1405";"OK";"-3500,00";"RUB";"-3500,00";"RUB";"";"Переводы";"";"Геннадий С.";"0,00";"0,00";"-3500,00"
"15.05.2024 13:02:23";"16.05.2024";"*4347";"OK";"-61,00";"RUB";"-61,00";"RUB";"";"Местный транспорт";"4111";"Московский транспорт";"0,00";"39,00";"-100,00"
"14.05.2024 18:18:36";"14.05.2024";"*4347";"OK";"-848,97";"RUB";"-848,97";"RUB";"";"Супермаркеты";"5411";"Пятёрочка";"0,00";"51,03";"-900,00"
"14.05.2024 18:06:28";"14.05.2024";"*4347";"OK";"-1832,79";"RUB";"-1832,79";"RUB";"";"Супермаркеты";"5411";"Перекрёсток";"0,00";"67,21";"-1900,00"
"14.05.2024 17:36:45";"15.05.2024";"*4347";"OK";"-61,00";"RUB";"-61,00";"RUB";"";"Местный транспорт";"4111";"Московский транспорт";"0,00";"39,00";"-100,00"
"14.05.2024 16:53:32";"14.05.2024";"*4347";"OK";"-699,00";"RUB";"-699,00";"RUB";"";"Супермаркеты";"5411";"Пятёрочка";"0,00";"1,00";"-700,00"
"14.05.2024 16:48:42";"14.05.2024";"*4347";"OK";"-84,00";"RUB";"-84,00";"RUB";"";"Супермаркеты";"5411";"ВкусВилл";"0,00";"16,00";"-100,00"
"14.05.2024 15:45:44";"14.05.2024";"*4347";"OK";"-300,00";"RUB";"-300,00";"RUB";"";"Супермаркеты";"5411";"ВкусВилл";"0,00";"0,00";"-300,00"
"14.05.2024 14:19:25";"15.05.2024";"*4347";"OK";"-61,00";"RUB";"-61,00";"RUB";"";"Местный транспорт";"4111";"Московский транспорт";"0,00";"39,00";"-100,00"
"14.05.2024 13:28:08";"14.05.2024";"*4347";"OK";"-75,00";"RUB";"-75,00";"RUB";"";"Аптеки";"5912";"Аптеки Столички";"0,00";"25,00";"-100,00"
"13.05.2024 15:58:05";"13.05.2024";"*4347";"OK";"-403,96";"RUB";"-403,96";"RUB";"";"Супермаркеты";"5411";"Пятёрочка";"0,00";"96,04";"-500,00"
"13.05.2024 15:35:45";"14.05.2024";"*4347";"OK";"-61,00";"RUB";"-61,00";"RUB";"";"Местный транспорт";"4111";"Московский транспорт";"0,00";"39,00";"-100,00"
"13.05.2024 15:13:27";"13.05.2024";"*4347";"OK";"-84,00";"RUB";"-84,00";"RUB";"";"Супермаркеты";"5411";"ВкусВилл";"0,00";"16,00";"-100,00"
"13.05.2024 14:24:04";"14.05.2024";"*4347";"OK";"-61,00";"RUB";"-61,00";"RUB";"";"Местный транспорт";"4111";"Московский транспорт";"0,00";"39,00";"-100,00"
"13.05.2024 11:34:50";"13.05.2024";"*4347";"OK";"-1371,99";"RUB";"-1371,99";"RUB";"";"Супермаркеты";"5411";"Пятёрочка";"0,00";"28,01";"-1400,00"
"12.05.2024 22:30:30";"13.05.2024";"*4347";"OK";"-61,00";"RUB";"-61,00";"RUB";"";"Местный транспорт";"4111";"Московский транспорт";"0,00";"39,00";"-100,00"
"12.05.2024 21:29:52";"13.05.2024";"*4347";"OK";"-61,00";"RUB";"-61,00";"RUB";"";"Местный транспорт";"4111";"Московский транспорт";"0,00";"39,00";"-100,00"
"12.05.2024 19:44:00";"12.05.2024";"*4347";"OK";"-320,00";"RUB";"-320,00";"RUB";"";"Фастфуд";"5814";"Creator Coffee";"0,00";"80,00";"-400,00"
"12.05.2024 18:34:50";"13.05.2024";"*4347";"OK";"-61,00";"RUB";"-61,00";"RUB";"";"Местный транспорт";"4111";"Московский транспорт";"0,00";"39,00";"-100,00"
"12.05.2024 18:07:04";"13.05.2024";"*4347";"OK";"-61,00";"RUB";"-61,00";"RUB";"";"Местный транспорт";"4111";"Московский транспорт";"0,00";"39,00";"-100,00"
"12.05.2024 16:43:21";"12.05.2024";"*4347";"OK";"-582,98";"RUB";"-582,98";"RUB";"";"Супермаркеты";"5411";"Пятёрочка";"0,00";"17,02";"-600,00"
"11.05.2024 17:17:44";"11.05.2024";"*4347";"OK";"-304,95";"RUB";"-304,95";"RUB";"";"Супермаркеты";"5411";"Пятёрочка";"0,00";"95,05";"-400,00"
"11.05.2024 13:35:04";"11.05.2024";"*4347";"OK";"-729,00";"RUB";"-729,00";"RUB";"";"Супермаркеты";"5411";"Пятёрочка";"0,00";"71,00";"-800,00"
"11.05.2024 13:32:49";"11.05.2024";"*4347";"OK";"-724,95";"RUB";"-724,95";"RUB";"";"Супермаркеты";"5411";"Пятёрочка";"0,00";"75,05";"-800,00"
"10.05.2024 17:00:30";"10.05.2024";"*4347";"OK";"-339,98";"RUB";"-339,98";"RUB";"";"Супермаркеты";"5411";"Пятёрочка";"0,00";"60,02";"-400,00"
"10.05.2024 14:43:52";"10.05.2024";"*4347";"OK";"-582,96";"RUB";"-582,96";"RUB";"";"Супермаркеты";"5411";"Пятёрочка";"0,00";"17,04";"-600,00"
"10.05.2024 11:29:08";"10.05.2024";"*4347";"OK";"-466,00";"RUB";"-466,00";"RUB";"";"Супермаркеты";"5411";"Пятёрочка";"0,00";"34,00";"-500,00"
"10.05.2024 11:07:11";"10.05.2024";"*4347";"OK";"-500,00";"RUB";"-500,00";"RUB";"";"Супермаркеты";"5411";"Хозтовары";"0,00";"0,00";"-500,00"
"09.05.2024 16:49:43";"09.05.2024";"*4347";"OK";"-1281,90";"RUB";"-1281,90";"RUB";"";"Супермаркеты";"5411";"Магнит";"0,00";"18,10";"-1300,00"
"09.05.2024 14:51:05";"09.05.2024";"*4347";"OK";"-466,00";"RUB";"-466,00";"RUB";"";"Супермаркеты";"5411";"Пятёрочка";"0,00";"34,00";"-500,00"
"09.05.2024 14:48:35";"09.05.2024";"*4347";"OK";"-424,96";"RUB";"-424,96";"RUB";"";"Супермаркеты";"5411";"Пятёрочка";"0,00";"75,04";"-500,00"
"08.05.2024 17:46:33";"08.05.2024";"*4347";"OK";"-379,98";"RUB";"-379,98";"RUB";"";"Супермаркеты";"5411";"Пятёрочка";"0,00";"20,02";"-400,00"
"08.05.2024 15:55:35";"08.05.2024";"*4347";"OK";"-860,97";"RUB";"-860,97";"RUB";"";"Супермаркеты";"5411";"Пятёрочка";"0,00";"39,03";"-900,00"
"07.05.2024 19:25:26";"07.05.2024";"*4347";"OK";"-1031,99";"RUB";"-1031,99";"RUB";"";"Супермаркеты";"5411";"Пятёрочка";"0,00";"68,01";"-1100,00"
"07.05.2024 19:20:12";"07.05.2024";"*4347";"OK";"-329,98";"RUB";"-329,98";"RUB";"";"Супермаркеты";"5411";"Пятёрочка";"0,00";"70,02";"-400,00"
"07.05.2024 16:01:17";"07.05.2024";"*1405";"OK";"-4971,68";"RUB";"-4971,68";"RUB";"";"Переводы";"";"Пополнение брокерского счета";"0,00";"0,00";"-4971,68"
"07.05.2024 15:59:54";"07.05.2024";"*1405";"OK";"-4595,63";"RUB";"-4595,63";"RUB";"";"Переводы";"";"Пополнение брокерского счета";"0,00";"0,00";"-4595,63"
"07.05.2024 15:59:23";"07.05.2024";"*1405";"OK";"-4862,03";"RUB";"-4862,03";"RUB";"";"Переводы";"";"Пополнение брокерского счета";"0,00";"0,00";"-4862,03"
"07.05.2024 15:56:33";"07.05.2024";"*1405";"OK";"-2909,11";"RUB";"-2909,11";"RUB";"";"Переводы";"";"Пополнение брокерского счета";"0,00";"0,00";"-2909,11"
"07.05.2024 15:55:34";"07.05.2024";"*1405";"OK";"-2913,52";"RUB";"-2913,52";"RUB";"";"Переводы";"";"Пополнение брокерского счета";"0,00";"0,00";"-2913,52"
"07.05.2024 15:54:27";"07.05.2024";"*1405";"OK";"-1982,74";"RUB";"-1982,74";"RUB";"";"Переводы";"";"Пополнение брокерского счета";"0,00";"0,00";"-1982,74"
"07.05.2024 15:49:38";"07.05.2024";"*1405";"OK";"7000,00";"RUB";"7000,00";"RUB";"";"Переводы";"";"Вывод с брокерского счета";"0,00";"0,00";"7000,00"
"07.05.2024 08:43:24";"07.05.2024";"*1405";"OK";"-24000,00";"RUB";"-24000,00";"RUB";"";"Переводы";"";"Маме на жизнь.";"0,00";"0,00";"-24000,00"
"07.05.2024 07:48:42";"07.05.2024";"*1405";"OK";"47961,00";"RUB";"47961,00";"RUB";"";"Переводы";"";"Евгений М.";"0,00";"0,00";"47961,00"
"07.05.2024 06:45:08";"07.05.2024";"*1405";"OK";"22324,00";"RUB";"22324,00";"RUB";"";"Переводы";"";"Вячеслав К.";"0,00";"0,00";"22324,00"
"06.05.2024 18:47:42";"06.05.2024";"*4347";"OK";"-862,93";"RUB";"-862,93";"RUB";"";"Супермаркеты";"5411";"Магнит";"0,00";"37,07";"-900,00"
"06.05.2024 18:44:31";"06.05.2024";"*1405";"OK";"-19200,00";"RUB";"-19200,00";"RUB";"";"Переводы";"";"Артур П.";"0,00";"0,00";"-19200,00"
"06.05.2024 14:46:53";"06.05.2024";"*4347";"OK";"-616,94";"RUB";"-616,94";"RUB";"";"Супермаркеты";"5411";"Пятёрочка";"0,00";"83,06";"-700,00"
"06.05.2024 12:28:30";"06.05.2024";"*4347";"OK";"-798,99";"RUB";"-798,99";"RUB";"";"Супермаркеты";"5411";"Пятёрочка";"0,00";"1,01";"-800,00"
"05.05.2024 18:27:29";"05.05.2024";"*4347";"OK";"-309,97";"RUB";"-309,97";"RUB";"";"Супермаркеты";"5411";"Пятёрочка";"0,00";"90,03";"-400,00"
"05.05.2024 18:11:49";"05.05.2024";"*1405";"OK";"-299,00";"RUB";"-299,00";"RUB";"";"Другое";"";"Подписка Pro";"0,00";"0,00";"-299,00"
"05.05.2024 16:50:34";"05.05.2024";"*4347";"OK";"-31,99";"RUB";"-31,99";"RUB";"";"Супермаркеты";"5411";"Пятёрочка";"0,00";"68,01";"-100,00"
"05.05.2024 16:49:18";"05.05.2024";"*4347";"OK";"-1119,93";"RUB";"-1119,93";"RUB";"";"Супермаркеты";"5411";"Пятёрочка";"0,00";"80,07";"-1200,00"
"05.05.2024 12:30:57";"05.05.2024";"*4347";"OK";"-525,98";"RUB";"-525,98";"RUB";"";"Супермаркеты";"5411";"Пятёрочка";"0,00";"74,02";"-600,00"
"04.05.2024 17:35:27";"04.05.2024";"*4347";"OK";"-2939,04";"RUB";"-2939,04";"RUB";"";"Супермаркеты";"5411";"Перекрёсток";"0,00";"60,96";"-3000,00"
"04.05.2024 16:07:00";"04.05.2024";"*4347";"OK";"-59,98";"RUB";"-59,98";"RUB";"";"Супермаркеты";"5411";"Пятёрочка";"0,00";"40,02";"-100,00"
"04.05.2024 12:55:07";"04.05.2024";"*4347";"OK";"-495,99";"RUB";"-495,99";"RUB";"";"Супермаркеты";"5411";"Пятёрочка";"0,00";"4,01";"-500,00"
"03.05.2024 18:56:46";"03.05.2024";"*4347";"OK";"-878,94";"RUB";"-878,94";"RUB";"";"Супермаркеты";"5411";"Магнит";"0,00";"21,06";"-900,00"
"03.05.2024 17:53:45";"03.05.2024";"";"OK";"-659,88";"RUB";"-659,88";"RUB";"";"Связь";"7372";"tome";"0,00";"40,12";"-700,00"
"03.05.2024 14:20:25";"03.05.2024";"*4347";"OK";"-565,99";"RUB";"-565,99";"RUB";"";"Супермаркеты";"5411";"Пятёрочка";"0,00";"34,01";"-600,00"
"02.05.2024 16:33:39";"02.05.2024";"*4347";"OK";"-29,99";"RUB";"-29,99";"RUB";"";"Супермаркеты";"5411";"Пятёрочка";"0,00";"70,01";"-100,00"
"02.05.2024 16:29:45";"02.05.2024";"*4347";"OK";"-685,96";"RUB";"-685,96";"RUB";"";"Супермаркеты";"5411";"Пятёрочка";"0,00";"14,04";"-700,00"
"02.05.2024 12:36:25";"02.05.2024";"*4347";"OK";"-515,92";"RUB";"-515,92";"RUB";"";"Супермаркеты";"5411";"Пятёрочка";"0,00";"84,08";"-600,00"
"02.05.2024 12:29:41";"02.05.2024";"*1405";"OK";"-1900,00";"RUB";"-1900,00";"RUB";"";"Мобильная связь";"";"МТС +7 916 082-25-22";"0,00";"0,00";"-1900,00"
"02.05.2024 11:38:59";"02.05.2024";"*1405";"OK";"-600,00";"RUB";"-600,00";"RUB";"";"Мобильная связь";"";"МТС +7 915 490-68-34";"0,00";"0,00";"-600,00"
"01.05.2024 16:44:53";"01.05.2024";"*4347";"OK";"-119,98";"RUB";"-119,98";"RUB";"";"Супермаркеты";"5411";"Пятёрочка";"0,00";"80,02";"-200,00"
"01.05.2024 16:35:59";"01.05.2024";"*4347";"OK";"-576,00";"RUB";"-576,00";"RUB";"";"Супермаркеты";"5411";"Перекрёсток";"0,00";"24,00";"-600,00"
"01.05.2024 13:28:19";"01.05.2024";"*4347";"OK";"-388,93";"RUB";"-388,93";"RUB";"";"Супермаркеты";"5411";"Пятёрочка";"0,00";"11,07";"-400,00"
"30.04.2024 22:32:14";"01.05.2024";"*1405";"OK";"-301,08";"RUB";"-301,08";"RUB";"";"Переводы";"";"Инвесткопилка";"0,00";"0,00";"-301,08"
"30.04.2024 22:31:48";"30.04.2024";"";"OK";"301,08";"RUB";"301,08";"RUB";"";"Бонусы";"";"Проценты на остаток";"0,00";"0,00";"301,08"
"30.04.2024 17:57:23";"30.04.2024";"*4347";"OK";"-1375,71";"RUB";"-1375,71";"RUB";"";"Супермаркеты";"5411";"Перекрёсток";"0,00";"24,29";"-1400,00"
"30.04.2024 15:48:29";"30.04.2024";"*4347";"OK";"-119,98";"RUB";"-119,98";"RUB";"";"Супермаркеты";"5411";"Пятёрочка";"0,00";"80,02";"-200,00"
"30.04.2024 13:15:09";"30.04.2024";"*4347";"OK";"-407,97";"RUB";"-407,97";"RUB";"";"Супермаркеты";"5411";"Пятёрочка";"0,00";"92,03";"-500,00"
"29.04.2024 18:32:24";"29.04.2024";"*4347";"OK";"-292,99";"RUB";"-292,99";"RUB";"";"Супермаркеты";"5411";"Пятёрочка";"0,00";"7,01";"-300,00"
"29.04.2024 15:14:51";"29.04.2024";"*4347";"OK";"-289,95";"RUB";"-289,95";"RUB";"";"Супермаркеты";"5411";"Пятёрочка";"0,00";"10,05";"-300,00"
"29.04.2024 13:23:41";"29.04.2024";"*4347";"OK";"-233,00";"RUB";"-233,00";"RUB";"";"Супермаркеты";"5411";"Перекрёсток";"0,00";"67,00";"-300,00"
"28.04.2024 17:29:31";"28.04.2024";"*4347";"OK";"-119,98";"RUB";"-119,98";"RUB";"";"Супермаркеты";"5411";"Пятёрочка";"0,00";"80,02";"-200,00"
"28.04.2024 14:23:00";"28.04.2024";"*4347";"OK";"-306,96";"RUB";"-306,96";"RUB";"";"Супермаркеты";"5411";"Пятёрочка";"0,00";"93,04";"-400,00"
"28.04.2024 14:19:42";"28.04.2024";"*4347";"OK";"-169,99";"RUB";"-169,99";"RUB";"";"Красота";"5411";"М.Косметик";"0,00";"30,01";"-200,00"
"28.04.2024 12:40:06";"28.04.2024";"*4347";"OK";"-272,99";"RUB";"-272,99";"RUB";"";"Супермаркеты";"5411";"Пятёрочка";"0,00";"27,01";"-300,00"
"27.04.2024 17:40:22";"27.04.2024";"*4347";"OK";"-1406,54";"RUB";"-1406,54";"RUB";"";"Супермаркеты";"5411";"Перекрёсток";"0,00";"93,46";"-1500,00"
"27.04.2024 14:11:11";"27.04.2024";"*4347";"OK";"-332,99";"RUB";"-332,99";"RUB";"";"Супермаркеты";"5411";"Пятёрочка";"0,00";"67,01";"-400,00"
"26.04.2024 19:10:29";"26.04.2024";"*4347";"OK";"-264,98";"RUB";"-264,98";"RUB";"";"Супермаркеты";"5411";"Магнит";"0,00";"35,02";"-300,00"
"26.04.2024 15:48:41";"26.04.2024";"*4347";"OK";"-293,96";"RUB";"-293,96";"RUB";"";"Супермаркеты";"5411";"Пятёрочка";"0,00";"6,04";"-300,00"
"26.04.2024 12:56:08";"26.04.2024";"*4347";"OK";"-332,99";"RUB";"-332,99";"RUB";"";"Супермаркеты";"5411";"Пятёрочка";"0,00";"67,01";"-400,00"
"26.04.2024 00:41:34";"26.04.2024";"*4347";"OK";"-11689,00";"RUB";"-11689,00";"RUB";"";"Маркетплейсы";"5300";"WILDBERRIES";"0,00";"11,00";"-11700,00"
"25.04.2024 13:47:45";"25.04.2024";"*4347";"OK";"-119,98";"RUB";"-119,98";"RUB";"";"Супермаркеты";"5411";"Пятёрочка";"0,00";"80,02";"-200,00"
"25.04.2024 12:54:31";"25.04.2024";"*4347";"OK";"-233,00";"RUB";"-233,00";"RUB";"";"Супермаркеты";"5411";"Пятёрочка";"0,00";"67,00";"-300,00"
"25.04.2024 00:54:21";"25.04.2024";"*1405";"OK";"-2000,00";"RUB";"-2000,00";"RUB";"";"Переводы";"";"Андрей К.";"0,00";"0,00";"-2000,00"
"24.04.2024 15:36:28";"24.04.2024";"*4347";"OK";"-72,99";"RUB";"-72,99";"RUB";"";"Супермаркеты";"5411";"Пятёрочка";"0,00";"27,01";"-100,00"
"24.04.2024 15:34:42";"24.04.2024";"*4347";"OK";"-233,00";"RUB";"-233,00";"RUB";"";"Супермаркеты";"5411";"Пятёрочка";"0,00";"67,00";"-300,00"
"24.04.2024 15:33:52";"24.04.2024";"*4347";"OK";"-2034,92";"RUB";"-2034,92";"RUB";"";"Супермаркеты";"5411";"Пятёрочка";"0,00";"65,08";"-2100,00"
"23.04.2024 21:19:22";"24.04.2024";"*4347";"OK";"6887,00";"RUB";"6887,00";"RUB";"";"Турагентства";"4722";"Купибилет";"0,00";"0,00";"6887,00"
"23.04.2024 15:09:14";"23.04.2024";"*4347";"OK";"-27,99";"RUB";"-27,99";"RUB";"";"Супермаркеты";"5411";"Пятёрочка";"0,00";"72,01";"-100,00"
"23.04.2024 13:47:45";"23.04.2024";"*4347";"OK";"-397,97";"RUB";"-397,97";"RUB";"";"Супермаркеты";"5411";"Пятёрочка";"0,00";"2,03";"-400,00"
"22.04.2024 16:36:51";"22.04.2024";"*4347";"OK";"-5452,57";"RUB";"-5452,57";"RUB";"";"Супермаркеты";"5411";"Перекрёсток";"0,00";"47,43";"-5500,00"
"22.04.2024 14:51:18";"22.04.2024";"*4347";"OK";"-352,98";"RUB";"-352,98";"RUB";"";"Супермаркеты";"5411";"Пятёрочка";"0,00";"47,02";"-400,00"
"22.04.2024 14:07:21";"22.04.2024";"*4347";"OK";"-327,99";"RUB";"-327,99";"RUB";"";"Супермаркеты";"5411";"Пятёрочка";"0,00";"72,01";"-400,00"
"21.04.2024 15:42:19";"21.04.2024";"*4347";"OK";"-119,98";"RUB";"-119,98";"RUB";"";"Супермаркеты";"5411";"Пятёрочка";"0,00";"80,02";"-200,00"
"21.04.2024 12:54:36";"21.04.2024";"*4347";"OK";"-233,00";"RUB";"-233,00";"RUB";"";"Супермаркеты";"5411";"Перекрёсток";"0,00";"67,00";"-300,00"
"20.04.2024 21:13:21";"20.04.2024";"*4347";"OK";"-491,00";"RUB";"-491,00";"RUB";"";"Маркетплейсы";"5300";"WILDBERRIES";"0,00";"9,00";"-500,00"
"20.04.2024 16:42:41";"20.04.2024";"*4347";"OK";"-229,97";"RUB";"-229,97";"RUB";"";"Супермаркеты";"5411";"Пятёрочка";"0,00";"70,03";"-300,00"
"20.04.2024 13:37:53";"20.04.2024";"*4347";"OK";"-422,97";"RUB";"-422,97";"RUB";"";"Супермаркеты";"5411";"Перекрёсток";"0,00";"77,03";"-500,00"
"19.04.2024 16:32:24";"19.04.2024";"*4347";"OK";"-59,99";"RUB";"-59,99";"RUB";"";"Супермаркеты";"5411";"Пятёрочка";"0,00";"40,01";"-100,00"
"19.04.2024 14:53:40";"19.04.2024";"*4347";"OK";"-260,00";"RUB";"-260,00";"RUB";"";"Аптеки";"5912";"Аптека";"0,00";"40,00";"-300,00"
"19.04.2024 14:37:11";"20.04.2024";"*4347";"OK";"-61,00";"RUB";"-61,00";"RUB";"";"Местный транспорт";"4111";"Московский транспорт";"0,00";"39,00";"-100,00"
"19.04.2024 13:30:07";"20.04.2024";"*4347";"OK";"-61,00";"RUB";"-61,00";"RUB";"";"Местный транспорт";"4111";"Московский транспорт";"0,00";"39,00";"-100,00"
"18.04.2024 19:40:39";"18.04.2024";"*4347";"OK";"-59,99";"RUB";"-59,99";"RUB";"";"Супермаркеты";"5411";"Пятёрочка";"0,00";"40,01";"-100,00"
"18.04.2024 19:09:05";"19.04.2024";"*4347";"OK";"-61,00";"RUB";"-61,00";"RUB";"";"Местный транспорт";"4111";"Московский транспорт";"0,00";"39,00";"-100,00"
"18.04.2024 16:30:50";"18.04.2024";"*4347";"OK";"-66,00";"RUB";"-66,00";"RUB";"";"Супермаркеты";"5411";"ВкусВилл";"0,00";"34,00";"-100,00"
"18.04.2024 16:12:54";"18.04.2024";"*1405";"OK";"-2650,00";"RUB";"-2650,00";"RUB";"";"Переводы";"";"Ольга С.";"0,00";"0,00";"-2650,00"
"18.04.2024 15:38:23";"18.04.2024";"*4347";"OK";"-432,00";"RUB";"-432,00";"RUB";"";"Такси";"3990";"Яндекс Такси";"0,00";"68,00";"-500,00"
"18.04.2024 14:12:08";"18.04.2024";"*1405";"OK";"-10000,00";"RUB";"-10000,00";"RUB";"";"Переводы";"";"Пополнение брокерского счета";"0,00";"0,00";"-10000,00"
"18.04.2024 11:19:54";"18.04.2024";"*4347";"OK";"-350,00";"RUB";"-350,00";"RUB";"";"Такси";"3990";"Яндекс Такси";"0,00";"50,00";"-400,00"
"18.04.2024 11:05:19";"18.04.2024";"*4347";"OK";"-609,00";"RUB";"-609,00";"RUB";"";"Такси";"3990";"Яндекс Такси";"0,00";"91,00";"-700,00"
"18.04.2024 10:30:11";"18.04.2024";"*4347";"OK";"-350,00";"RUB";"-350,00";"RUB";"";"Связь";"4812";"МТС";"0,00";"50,00";"-400,00"
"18.04.2024 10:29:56";"18.04.2024";"*4347";"OK";"-600,00";"RUB";"-600,00";"RUB";"";"Связь";"4812";"МТС";"0,00";"0,00";"-600,00"
"18.04.2024 09:21:02";"19.04.2024";"*4347";"OK";"-61,00";"RUB";"-61,00";"RUB";"";"Местный транспорт";"4111";"Московский транспорт";"0,00";"39,00";"-100,00"
"18.04.2024 08:39:05";"18.04.2024";"*4347";"OK";"-350,00";"RUB";"-350,00";"RUB";"";"Местный транспорт";"4111";"Аэроэкспресс";"0,00";"50,00";"-400,00"
"18.04.2024 07:18:27";"18.04.2024";"*4347";"OK";"-130,00";"RUB";"-130,00";"RUB";"";"Фастфуд";"5814";"Мир Вендинга";"0,00";"70,00";"-200,00"
"18.04.2024 06:03:21";"18.04.2024";"*4347";"OK";"-130,00";"RUB";"-130,00";"RUB";"";"Фастфуд";"5814";"Мир Вендинга";"0,00";"70,00";"-200,00"
"18.04.2024 04:48:09";"18.04.2024";"*4347";"OK";"-250,00";"RUB";"-250,00";"RUB";"";"Фастфуд";"5814";"Мир Вендинга";"0,00";"50,00";"-300,00"
"18.04.2024 04:46:45";"18.04.2024";"*4347";"OK";"-150,00";"RUB";"-150,00";"RUB";"";"Фастфуд";"5814";"Мир Вендинга";"0,00";"50,00";"-200,00"
"18.04.2024 03:24:31";"18.04.2024";"*1405";"OK";"-1500,00";"RUB";"-1500,00";"RUB";"";"Переводы";"";"Пополнение брокерского счета";"0,00";"0,00";"-1500,00"
"18.04.2024 03:23:06";"18.04.2024";"*1405";"OK";"-10000,00";"RUB";"-10000,00";"RUB";"";"Переводы";"";"Пополнение Инвесткопилки";"0,00";"0,00";"-10000,00"
"18.04.2024 02:38:02";"18.04.2024";"*4347";"OK";"-110,00";"RUB";"-110,00";"RUB";"";"Фастфуд";"5814";"Мир Вендинга";"0,00";"90,00";"-200,00"
"18.04.2024 01:13:27";"18.04.2024";"*4347";"OK";"-120,00";"RUB";"-120,00";"RUB";"";"Фастфуд";"5814";"Мир Вендинга";"0,00";"80,00";"-200,00"
"18.04.2024 01:10:09";"18.04.2024";"*4347";"OK";"-250,00";"RUB";"-250,00";"RUB";"";"Ремонт и мебель";"5046";"Мир Вендинга";"0,00";"50,00";"-300,00"
"17.04.2024 23:34:04";"18.04.2024";"*4347";"OK";"-120,00";"RUB";"-120,00";"RUB";"";"Фастфуд";"5814";"Мир Вендинга";"0,00";"0,00";"-120,00"
"17.04.2024 21:55:03";"18.04.2024";"*4347";"OK";"-120,00";"RUB";"-120,00";"RUB";"";"Фастфуд";"5814";"Мир Вендинга";"0,00";"0,00";"-120,00"
"17.04.2024 21:08:45";"17.04.2024";"*4347";"OK";"-120,00";"RUB";"-120,00";"RUB";"";"Фастфуд";"5814";"Мир Вендинга";"0,00";"0,00";"-120,00"
"17.04.2024 16:44:43";"17.04.2024";"*4347";"OK";"-120,00";"RUB";"-120,00";"RUB";"";"Фастфуд";"5814";"Мир Вендинга";"0,00";"0,00";"-120,00"
"17.04.2024 10:35:12";"17.04.2024";"*4347";"OK";"-18,00";"BYN";"-537,64";"RUB";"";"Рестораны";"5812";"Кафе";"0,00";"0,00";"-537,64"
"17.04.2024 10:31:37";"17.04.2024";"*4347";"OK";"-7,50";"BYN";"-224,02";"RUB";"";"Рестораны";"5812";"Кафе";"0,00";"0,00";"-224,02"
"12.04.2024 18:45:54";"12.04.2024";"*4347";"OK";"-6887,00";"RUB";"-6887,00";"RUB";"";"Турагентства";"4722";"Купибилет";"0,00";"0,00";"-6887,00"
"12.04.2024 18:45:19";"13.04.2024";"*4347";"OK";"-499,00";"RUB";"-499,00";"RUB";"";"Турагентства";"4722";"Купибилет";"0,00";"0,00";"-499,00"
"05.04.2024 18:11:42";"05.04.2024";"*1405";"OK";"-199,00";"RUB";"-199,00";"RUB";"";"Другое";"";"Подписка Pro";"0,00";"0,00";"-199,00"
"05.04.2024 11:24:22";"05.04.2024";"*4347";"OK";"67500,00";"RUB";"67500,00";"RUB";"";"Переводы";"";"Сбербанк";"0,00";"0,00";"67500,00"
"04.04.2024 19:43:27";"04.04.2024";"*4347";"OK";"-200,00";"RUB";"-200,00";"RUB";"";"Связь";"4816";"Cloud.Ru";"0,00";"0,00";"-200,00"
"04.04.2024 14:09:04";"04.04.2024";"*4347";"OK";"-7900,00";"RUB";"-7900,00";"RUB";"";"Образование";"8299";"YM*Math-Study";"0,00";"0,00";"-7900,00"
"02.04.2024 13:25:07";"02.04.2024";"*1405";"OK";"-8060,00";"RUB";"-8060,00";"RUB";"";"Переводы";"";"Егор К.";"0,00";"0,00";"-8060,00"
"02.04.2024 13:24:59";"";"";"FAILED";"-8060,00";"RUB";"-8060,00";"RUB";"";"Переводы";"";"Егор К.";"0,00";"0,00";"-8060,00"
"30.03.2024 22:40:42";"30.03.2024";"";"OK";"132,16";"RUB";"132,16";"RUB";"";"Бонусы";"";"Проценты на остаток";"0,00";"0,00";"132,16"
"26.03.2024 20:59:27";"26.03.2024";"*4347";"OK";"-18180,00";"RUB";"-18180,00";"RUB";"";"Турагентства";"4722";"Купибилет";"0,00";"0,00";"-18180,00"
"26.03.2024 20:58:08";"27.03.2024";"*4347";"OK";"-1175,00";"RUB";"-1175,00";"RUB";"";"Турагентства";"4722";"Купибилет";"0,00";"0,00";"-1175,00"
"26.03.2024 19:49:33";"26.03.2024";"*1405";"OK";"69000,00";"RUB";"69000,00";"RUB";"";"Переводы";"";"Анна Г.";"0,00";"0,00";"69000,00"
"15.03.2024 20:50:48";"15.03.2024";"*1405";"OK";"-30000,00";"RUB";"-30000,00";"RUB";"";"Переводы";"";"Маме на жизнь.";"0,00";"0,00";"-30000,00"
"11.03.2024 14:19:06";"11.03.2024";"*4347";"OK";"-620,15";"RUB";"-620,15";"RUB";"";"ЖКХ";"4900";"ГИС ЖКХ";"0,00";"0,00";"-620,15"
"11.03.2024 12:12:17";"11.03.2024";"*4347";"OK";"-20000,00";"RUB";"-20000,00";"RUB";"";"Госуслуги";"9311";"Федеральная Налоговая Служба";"0,00";"0,00";"-20000,00"
"11.03.2024 04:06:26";"11.03.2024";"*4347";"OK";"-5000,00";"RUB";"-5000,00";"RUB";"";"НКО";"8931";"OOO Chb";"0,00";"0,00";"-5000,00"
"05.03.2024 18:11:50";"05.03.2024";"*1405";"OK";"-199,00";"RUB";"-199,00";"RUB";"";"Другое";"";"Подписка Pro";"0,00";"0,00";"-199,00"
"21.02.2024 19:04:22";"21.02.2024";"*1405";"OK";"-5000,00";"RUB";"-5000,00";"RUB";"";"Мобильная связь";"";"МТС +7 915 439-92-54";"0,00";"0,00";"-5000,00"
"19.02.2024 13:23:47";"19.02.2024";"*1405";"OK";"-5000,00";"RUB";"-5000,00";"RUB";"";"Мобильная связь";"";"МТС +7 915 439-92-54";"0,00";"0,00";"-5000,00"
"05.02.2024 18:11:44";"05.02.2024";"*1405";"OK";"-199,00";"RUB";"-199,00";"RUB";"";"Другое";"";"Подписка Pro";"0,00";"0,00";"-199,00"
"01.02.2024 20:54:28";"01.02.2024";"*1405";"OK";"-6000,00";"RUB";"-6000,00";"RUB";"";"Переводы";"";"Наталья К.";"0,00";"0,00";"-6000,00"
"25.01.2024 16:24:31";"25.01.2024";"*1405";"OK";"-10000,00";"RUB";"-10000,00";"RUB";"";"Переводы";"";"Иван О.";"0,00";"0,00";"-10000,00"
"23.01.2024 13:49:51";"23.01.2024";"*1405";"OK";"-10000,00";"RUB";"-10000,00";"RUB";"";"Переводы";"";"Владислав К.";"0,00";"0,00";"-10000,00"
"22.01.2024 21:35:50";"22.01.2024";"*1405";"OK";"88691,00";"RUB";"88691,00";"RUB";"";"Переводы";"";"Екатерина Ш.";"0,00";"0,00";"88691,00"
"05.01.2024 18:11:41";"05.01.2024";"*1405";"OK";"-199,00";"RUB";"-199,00";"RUB";"";"Другое";"";"Подписка Pro";"0,00";"0,00";"-199,00"
"05.12.2023 18:11:40";"05.12.2023";"*1405";"OK";"-199,00";"RUB";"-199,00";"RUB";"";"Другое";"";"Подписка Pro";"0,00";"0,00";"-199,00"
"05.11.2023 18:11:43";"05.11.2023";"*1405";"OK";"-199,00";"RUB";"-199,00";"RUB";"";"Другое";"";"Подписка Pro";"0,00";"0,00";"-199,00"
"30.10.2023 22:43:28";"30.10.2023";"";"OK";"15,69";"RUB";"15,69";"RUB";"";"Бонусы";"";"Проценты на остаток";"0,00";"0,00";"15,69"
"25.10.2023 22:06:20";"26.10.2023";"*1405";"OK";"-1500,00";"RUB";"-1500,00";"RUB";"";"Мобильная связь";"";"МТС +7 915 439-92-54";"0,00";"0,00";"-1500,00"
"25.10.2023 20:01:29";"25.10.2023";"*1405";"OK";"-1500,00";"RUB";"-1500,00";"RUB";"";"Мобильная связь";"";"МТС +7 918 588-77-96";"0,00";"0,00";"-1500,00"
"25.10.2023 18:57:54";"25.10.2023";"*1405";"OK";"-10000,00";"RUB";"-10000,00";"RUB";"";"Переводы";"";"Сергей П.";"0,00";"0,00";"-10000,00"
"25.10.2023 18:55:15";"25.10.2023";"*1405";"OK";"10000,00";"RUB";"10000,00";"RUB";"";"Переводы";"";"Перевод собственных средств на счет. НДС не облагается.";"0,00";"0,00";"10000,00"
"25.10.2023 18:29:35";"25.10.2023";"*4347";"OK";"-2522,00";"RUB";"-2522,00";"RUB";"";"Госуслуги";"9311";"Федеральная Налоговая Служба";"0,00";"0,00";"-2522,00"
"25.10.2023 18:29:07";"25.10.2023";"*1405";"OK";"10000,00";"RUB";"10000,00";"RUB";"";"Переводы";"";"Перевод собственных средств на счет. НДС не облагается.";"0,00";"0,00";"10000,00"
"21.10.2023 10:11:53";"21.10.2023";"*4347";"OK";"-900,00";"AMD";"-223,77";"RUB";"";"Такси";"4121";"Яндекс Такси";"0,00";"0,00";"-223,77"
"19.10.2023 17:09:12";"19.10.2023";"*4347";"OK";"-1100,00";"AMD";"-277,57";"RUB";"";"Такси";"4121";"Яндекс Такси";"0,00";"0,00";"-277,57"
"19.10.2023 15:38:54";"19.10.2023";"*4347";"OK";"-1300,00";"AMD";"-328,03";"RUB";"";"Такси";"4121";"Яндекс Такси";"0,00";"0,00";"-328,03"
"12.10.2023 17:21:56";"12.10.2023";"*4347";"OK";"-1600,00";"AMD";"-421,27";"RUB";"";"Такси";"4121";"Яндекс Такси";"0,00";"0,00";"-421,27"
"12.10.2023 16:52:03";"12.10.2023";"*4347";"OK";"-1400,00";"AMD";"-368,62";"RUB";"";"Такси";"4121";"Яндекс Такси";"0,00";"0,00";"-368,62"
"10.10.2023 14:47:45";"10.10.2023";"*4347";"OK";"-1100,00";"AMD";"-287,21";"RUB";"";"Такси";"4121";"Яндекс Такси";"0,00";"0,00";"-287,21"
"10.10.2023 11:41:58";"10.10.2023";"*4347";"OK";"-1400,00";"AMD";"-368,52";"RUB";"";"Такси";"4121";"Яндекс Такси";"0,00";"0,00";"-368,52"
"10.10.2023 10:52:49";"10.10.2023";"*4347";"OK";"-1000,00";"AMD";"-263,85";"RUB";"";"Такси";"4121";"Яндекс Такси";"0,00";"0,00";"-263,85"
"10.10.2023 09:09:59";"10.10.2023";"*4347";"OK";"-1900,00";"AMD";"-504,11";"RUB";"";"Транспорт";"4121";"Яндекс Доставка";"0,00";"0,00";"-504,11"
"09.10.2023 13:57:47";"09.10.2023";"*4347";"OK";"-3600,00";"AMD";"-949,87";"RUB";"";"Такси";"4121";"Яндекс Такси";"0,00";"0,00";"-949,87"
"09.10.2023 12:42:25";"09.10.2023";"*4347";"OK";"-3000,00";"AMD";"-774,39";"RUB";"";"Такси";"4121";"Яндекс Такси";"0,00";"0,00";"-774,39"
"08.10.2023 16:07:43";"08.10.2023";"*4347";"OK";"-1200,00";"AMD";"-306,04";"RUB";"";"Такси";"4121";"Яндекс Такси";"0,00";"0,00";"-306,04"
"08.10.2023 15:02:28";"08.10.2023";"*4347";"OK";"-1400,00";"AMD";"-357,05";"RUB";"";"Такси";"4121";"Яндекс Такси";"0,00";"0,00";"-357,05"
"07.10.2023 14:54:52";"07.10.2023";"*4347";"OK";"-1200,00";"AMD";"-306,04";"RUB";"";"Такси";"4121";"Яндекс Такси";"0,00";"0,00";"-306,04"
"07.10.2023 13:15:02";"07.10.2023";"*4347";"OK";"-1200,00";"AMD";"-306,04";"RUB";"";"Такси";"4121";"Яндекс Такси";"0,00";"0,00";"-306,04"
"06.10.2023 14:00:55";"06.10.2023";"*4347";"OK";"-1400,00";"AMD";"-352,11";"RUB";"";"Такси";"4121";"Яндекс Такси";"0,00";"0,00";"-352,11"
"06.10.2023 13:24:37";"06.10.2023";"*4347";"OK";"-1400,00";"AMD";"-352,11";"RUB";"";"Такси";"4121";"Яндекс Такси";"0,00";"0,00";"-352,11"
"05.10.2023 18:11:40";"05.10.2023";"*1405";"OK";"-199,00";"RUB";"-199,00";"RUB";"";"Другое";"";"Подписка Pro";"0,00";"0,00";"-199,00"
"03.10.2023 16:11:14";"03.10.2023";"*4347";"OK";"-1600,00";"AMD";"-407,75";"RUB";"";"Такси";"4121";"Яндекс Такси";"0,00";"0,00";"-407,75"
"03.10.2023 15:07:14";"03.10.2023";"*4347";"OK";"-1800,00";"AMD";"-458,72";"RUB";"";"Такси";"4121";"Яндекс Такси";"0,00";"0,00";"-458,72"
"30.09.2023 22:41:02";"30.09.2023";"";"OK";"66,67";"RUB";"66,67";"RUB";"";"Бонусы";"";"Проценты на остаток";"0,00";"0,00";"66,67"
"30.09.2023 15:50:58";"30.09.2023";"*4347";"OK";"-1200,00";"AMD";"-309,28";"RUB";"";"Такси";"4121";"Яндекс Такси";"0,00";"0,00";"-309,28"
"30.09.2023 14:48:36";"30.09.2023";"*4347";"OK";"-1200,00";"AMD";"-309,28";"RUB";"";"Такси";"4121";"Яндекс Такси";"0,00";"0,00";"-309,28"
"30.09.2023 12:30:02";"30.09.2023";"*4347";"OK";"-900,00";"AMD";"-231,96";"RUB";"";"Такси";"4121";"Яндекс Такси";"0,00";"0,00";"-231,96"
"30.09.2023 11:49:20";"30.09.2023";"*4347";"OK";"-800,00";"AMD";"-206,19";"RUB";"";"Такси";"4121";"Яндекс Такси";"0,00";"0,00";"-206,19"
"28.09.2023 15:48:56";"28.09.2023";"*4347";"OK";"-1000,00";"AMD";"-258,46";"RUB";"";"Такси";"4121";"Яндекс Такси";"0,00";"0,00";"-258,46"
"28.09.2023 14:59:35";"28.09.2023";"*4347";"OK";"-1100,00";"AMD";"-284,31";"RUB";"";"Такси";"4121";"Яндекс Такси";"0,00";"0,00";"-284,31"
"25.09.2023 12:22:52";"25.09.2023";"*4347";"OK";"-800,00";"AMD";"-206,50";"RUB";"";"Такси";"4121";"Яндекс Такси";"0,00";"0,00";"-206,50"
"22.09.2023 11:07:00";"22.09.2023";"*4347";"OK";"-700,00";"AMD";"-181,16";"RUB";"";"Такси";"4121";"Яндекс Такси";"0,00";"0,00";"-181,16"
"22.09.2023 10:45:37";"22.09.2023";"*4347";"OK";"-900,00";"AMD";"-232,92";"RUB";"";"Такси";"4121";"Яндекс Такси";"0,00";"0,00";"-232,92"
"19.09.2023 18:53:27";"19.09.2023";"*1405";"OK";"-4000,00";"RUB";"-4000,00";"RUB";"";"Переводы";"";"Сергей А.";"0,00";"0,00";"-4000,00"
"16.09.2023 10:48:32";"16.09.2023";"*1405";"OK";"-11300,00";"RUB";"-11300,00";"RUB";"";"Переводы";"";"Маме на жизнь.";"0,00";"0,00";"-11300,00"
"16.09.2023 10:46:34";"16.09.2023";"*1405";"OK";"14000,00";"RUB";"14000,00";"RUB";"";"Переводы";"";"Перевод собственных средств на счет. НДС не облагается.";"0,00";"0,00";"14000,00"
"14.09.2023 15:30:10";"14.09.2023";"*4347";"OK";"-1300,00";"AMD";"-336,26";"RUB";"";"Такси";"4121";"Яндекс Такси";"0,00";"0,00";"-336,26"
"14.09.2023 14:33:56";"14.09.2023";"*4347";"OK";"-1200,00";"AMD";"-310,40";"RUB";"";"Такси";"4121";"Яндекс Такси";"0,00";"0,00";"-310,40"
"13.09.2023 12:41:42";"13.09.2023";"*4347";"OK";"-900,00";"AMD";"-232,08";"RUB";"";"Такси";"4121";"Яндекс Такси";"0,00";"0,00";"-232,08"
"13.09.2023 11:48:27";"13.09.2023";"*4347";"OK";"-1000,00";"AMD";"-256,15";"RUB";"";"Такси";"4121";"Яндекс Такси";"0,00";"0,00";"-256,15"
"12.09.2023 15:56:17";"12.09.2023";"*4347";"OK";"-12717,00";"AMD";"-3310,86";"RUB";"";"Рестораны";"5811";"Яндекс Еда";"0,00";"0,00";"-3310,86"
"11.09.2023 13:41:20";"11.09.2023";"*4347";"OK";"-1300,00";"AMD";"-343,37";"RUB";"";"Такси";"4121";"Яндекс Такси";"0,00";"0,00";"-343,37"
"09.09.2023 13:13:02";"09.09.2023";"*4347";"OK";"-1300,00";"AMD";"-343,37";"RUB";"";"Такси";"4121";"Яндекс Такси";"0,00";"0,00";"-343,37"
"09.09.2023 12:28:19";"09.09.2023";"*4347";"OK";"-900,00";"AMD";"-237,72";"RUB";"";"Такси";"4121";"Яндекс Такси";"0,00";"0,00";"-237,72"
"08.09.2023 18:57:50";"08.09.2023";"*4347";"OK";"-1500,00";"AMD";"-399,25";"RUB";"";"Такси";"4121";"Яндекс Такси";"0,00";"0,00";"-399,25"
"08.09.2023 18:03:48";"08.09.2023";"*4347";"OK";"-1700,00";"AMD";"-452,49";"RUB";"";"Такси";"4121";"Яндекс Такси";"0,00";"0,00";"-452,49"
"08.09.2023 15:53:29";"08.09.2023";"*4347";"OK";"-1600,00";"AMD";"-425,87";"RUB";"";"Такси";"4121";"Яндекс Такси";"0,00";"0,00";"-425,87"
"07.09.2023 18:31:19";"07.09.2023";"*4347";"OK";"-15986,00";"AMD";"-4240,32";"RUB";"";"Рестораны";"5811";"Яндекс Еда";"0,00";"0,00";"-4240,32"
"05.09.2023 18:11:43";"05.09.2023";"*1405";"OK";"-199,00";"RUB";"-199,00";"RUB";"";"Другое";"";"Подписка Pro";"0,00";"0,00";"-199,00"
"05.09.2023 17:51:59";"05.09.2023";"*4347";"OK";"-1700,00";"AMD";"-445,26";"RUB";"";"Такси";"4121";"Яндекс Такси";"0,00";"0,00";"-445,26"
"05.09.2023 16:56:31";"05.09.2023";"*4347";"OK";"-1600,00";"AMD";"-419,07";"RUB";"";"Такси";"4121";"Яндекс Такси";"0,00";"0,00";"-419,07"
"05.09.2023 16:01:28";"05.09.2023";"*4347";"OK";"-240,00";"AMD";"-62,86";"RUB";"";"Такси";"4121";"Яндекс Такси";"0,00";"0,00";"-62,86"
"05.09.2023 15:56:07";"05.09.2023";"*4347";"OK";"-1500,00";"AMD";"-392,88";"RUB";"";"Такси";"4121";"Яндекс Такси";"0,00";"0,00";"-392,88"
"04.09.2023 19:29:52";"04.09.2023";"*4347";"OK";"-1500,00";"AMD";"-391,64";"RUB";"";"Такси";"4121";"Яндекс Такси";"0,00";"0,00";"-391,64"
"04.09.2023 14:30:01";"04.09.2023";"*4347";"OK";"-1000,00";"AMD";"-261,10";"RUB";"";"Такси";"4121";"Яндекс Такси";"0,00";"0,00";"-261,10"
"04.09.2023 13:01:07";"04.09.2023";"*4347";"OK";"-1500,00";"AMD";"-391,64";"RUB";"";"Такси";"4121";"Яндекс Такси";"0,00";"0,00";"-391,64"
"02.09.2023 13:13:26";"02.09.2023";"*4347";"OK";"-1100,00";"AMD";"-287,21";"RUB";"";"Такси";"4121";"Яндекс Такси";"0,00";"0,00";"-287,21"
"02.09.2023 09:53:04";"02.09.2023";"*4347";"OK";"-800,00";"AMD";"-208,88";"RUB";"";"Такси";"4121";"Яндекс Такси";"0,00";"0,00";"-208,88"
"30.08.2023 22:40:59";"30.08.2023";"";"OK";"107,67";"RUB";"107,67";"RUB";"";"Бонусы";"";"Проценты на остаток";"0,00";"0,00";"107,67"
"30.08.2023 17:08:36";"30.08.2023";"*4347";"OK";"-7849,00";"AMD";"-2044,54";"RUB";"";"Рестораны";"5811";"Яндекс Еда";"0,00";"0,00";"-2044,54"
"30.08.2023 16:57:52";"30.08.2023";"*4347";"OK";"-3299,00";"AMD";"-859,34";"RUB";"";"Рестораны";"5811";"Яндекс Еда";"0,00";"0,00";"-859,34"
"29.08.2023 15:59:47";"29.08.2023";"*4347";"OK";"-800,00";"AMD";"-207,95";"RUB";"";"Такси";"4121";"Яндекс Такси";"0,00";"0,00";"-207,95"
"29.08.2023 15:16:22";"29.08.2023";"*4347";"OK";"-1400,00";"AMD";"-363,92";"RUB";"";"Такси";"4121";"Яндекс Такси";"0,00";"0,00";"-363,92"
"29.08.2023 13:39:37";"29.08.2023";"*4347";"OK";"-1300,00";"AMD";"-337,93";"RUB";"";"Такси";"4121";"Яндекс Такси";"0,00";"0,00";"-337,93"
"28.08.2023 19:06:18";"28.08.2023";"*4347";"OK";"-1000,00";"AMD";"-257,86";"RUB";"";"Такси";"4121";"Яндекс Такси";"0,00";"0,00";"-257,86"
"28.08.2023 12:31:15";"28.08.2023";"*4347";"OK";"-900,00";"AMD";"-232,08";"RUB";"";"Такси";"4121";"Яндекс Такси";"0,00";"0,00";"-232,08"
"28.08.2023 11:03:45";"28.08.2023";"*4347";"OK";"-1300,00";"AMD";"-335,22";"RUB";"";"Такси";"4121";"Яндекс Такси";"0,00";"0,00";"-335,22"
"26.08.2023 17:03:45";"26.08.2023";"*4347";"OK";"-700,00";"AMD";"-180,51";"RUB";"";"Такси";"4121";"Яндекс Такси";"0,00";"0,00";"-180,51"
"26.08.2023 15:03:12";"26.08.2023";"*4347";"OK";"-800,00";"AMD";"-206,29";"RUB";"";"Такси";"4121";"Яндекс Такси";"0,00";"0,00";"-206,29"
"24.08.2023 16:13:04";"24.08.2023";"*4347";"OK";"-800,00";"AMD";"-205,29";"RUB";"";"Такси";"4121";"Яндекс Такси";"0,00";"0,00";"-205,29"
"24.08.2023 15:43:35";"24.08.2023";"*4347";"OK";"-9066,00";"AMD";"-2326,40";"RUB";"";"Рестораны";"5811";"Яндекс Еда";"0,00";"0,00";"-2326,40"
"08.08.2023 15:02:03";"08.08.2023";"";"OK";"25200,00";"RUB";"25200,00";"RUB";"";"Пополнения";"";"Александр П.";"0,00";"0,00";"25200,00"
"05.08.2023 18:11:54";"05.08.2023";"*1405";"OK";"-199,00";"RUB";"-199,00";"RUB";"";"Другое";"";"Подписка Pro";"0,00";"0,00";"-199,00"
"15.07.2023 12:04:26";"15.07.2023";"*1405";"OK";"-20000,00";"RUB";"-20000,00";"RUB";"";"Переводы";"";"Перевод юридическому лицу";"0,00";"0,00";"-20000,00"
"08.07.2023 19:00:33";"08.07.2023";"";"OK";"25000,00";"RUB";"25000,00";"RUB";"";"Пополнения";"";"Александр П.";"0,00";"0,00";"25000,00"
"05.07.2023 18:11:48";"05.07.2023";"*1405";"OK";"-199,00";"RUB";"-199,00";"RUB";"";"Другое";"";"Подписка Pro";"0,00";"0,00";"-199,00"
"30.06.2023 22:43:12";"30.06.2023";"";"OK";"45,56";"RUB";"45,56";"RUB";"";"Бонусы";"";"Проценты на остаток";"0,00";"0,00";"45,56"
"29.06.2023 18:43:38";"29.06.2023";"*4347";"OK";"-1400,00";"AMD";"-325,96";"RUB";"";"Такси";"4121";"Яндекс Такси";"0,00";"0,00";"-325,96"
"29.06.2023 17:15:21";"29.06.2023";"*4347";"OK";"-1500,00";"AMD";"-349,24";"RUB";"";"Такси";"4121";"Яндекс Такси";"0,00";"0,00";"-349,24"
"27.06.2023 17:26:33";"27.06.2023";"*1405";"OK";"-12500,00";"RUB";"-12500,00";"RUB";"";"Переводы";"";"юрист";"0,00";"0,00";"-12500,00"
"25.06.2023 17:33:26";"25.06.2023";"*4347";"OK";"-1200,00";"AMD";"-273,97";"RUB";"";"Такси";"4121";"Яндекс Такси";"0,00";"0,00";"-273,97"
"25.06.2023 16:26:15";"25.06.2023";"*4347";"OK";"-1100,00";"AMD";"-251,14";"RUB";"";"Такси";"4121";"Яндекс Такси";"0,00";"0,00";"-251,14"
"23.06.2023 14:49:53";"23.06.2023";"*1405";"OK";"12000,00";"RUB";"12000,00";"RUB";"";"Пополнения";"";"Пополнение через Московский Филиал АО КБ ""Модульбанк""";"0,00";"0,00";"12000,00"
"21.06.2023 19:38:01";"21.06.2023";"*4347";"OK";"-6489,00";"AMD";"-1484,22";"RUB";"";"Аптеки";"5912";"N 161";"0,00";"0,00";"-1484,22"
"21.06.2023 19:36:34";"22.06.2023";"*4347";"OK";"-75000,00";"AMD";"-16810,50";"RUB";"";"Наличные";"6011";"Снятие в банкомате ATM 126 Komitas12 Komi";"0,00";"0,00";"-16810,50"
"21.06.2023 19:15:00";"21.06.2023";"*1405";"OK";"20000,00";"RUB";"20000,00";"RUB";"";"Переводы";"";"Перевод собственных средств на счет. НДС не облагается.";"0,00";"0,00";"20000,00"
"21.06.2023 12:34:02";"21.06.2023";"*4347";"OK";"-1000,00";"AMD";"-228,73";"RUB";"";"Такси";"4121";"Яндекс Такси";"0,00";"0,00";"-228,73"
"21.06.2023 11:47:52";"21.06.2023";"*4347";"OK";"-900,00";"AMD";"-205,86";"RUB";"";"Такси";"4121";"Яндекс Такси";"0,00";"0,00";"-205,86"
"19.06.2023 23:48:05";"20.06.2023";"*1405";"OK";"-2000,00";"RUB";"-2000,00";"RUB";"";"Переводы";"";"Наталья К.";"0,00";"0,00";"-2000,00"
"17.06.2023 15:22:34";"17.06.2023";"*4347";"OK";"-967,34";"RUB";"-967,34";"RUB";"";"Супермаркеты";"5300";"WILDBERRIES";"0,00";"0,00";"-967,34"
"17.06.2023 14:25:15";"17.06.2023";"*4347";"OK";"-809,36";"RUB";"-809,36";"RUB";"";"Супермаркеты";"5300";"WILDBERRIES";"0,00";"0,00";"-809,36"
"17.06.2023 14:25:15";"17.06.2023";"*4347";"OK";"-2131,61";"RUB";"-2131,61";"RUB";"";"Супермаркеты";"5300";"WILDBERRIES";"0,00";"0,00";"-2131,61"
"17.06.2023 14:25:15";"17.06.2023";"*4347";"OK";"-880,78";"RUB";"-880,78";"RUB";"";"Супермаркеты";"5300";"WILDBERRIES";"0,00";"0,00";"-880,78"
"17.06.2023 14:24:24";"17.06.2023";"*4347";"OK";"-7399,00";"AMD";"-1682,74";"RUB";"";"Аптеки";"5912";"Alfa-Pharm";"0,00";"0,00";"-1682,74"
"17.06.2023 14:17:18";"17.06.2023";"*4347";"OK";"-2000,00";"AMD";"-454,86";"RUB";"";"Такси";"4121";"Яндекс Такси";"0,00";"0,00";"-454,86"
"17.06.2023 13:50:56";"17.06.2023";"*4347";"OK";"-100,00";"AMD";"-22,74";"RUB";"";"Такси";"4121";"Яндекс Такси";"0,00";"0,00";"-22,74"
"17.06.2023 13:49:35";"17.06.2023";"*4347";"OK";"-2000,00";"AMD";"-454,86";"RUB";"";"Такси";"4121";"Яндекс Такси";"0,00";"0,00";"-454,86"
"10.06.2023 13:43:43";"10.06.2023";"*4347";"OK";"-1200,00";"AMD";"-269,91";"RUB";"";"Такси";"4121";"Яндекс Такси";"0,00";"0,00";"-269,91"
"09.06.2023 00:10:06";"09.06.2023";"*4347";"OK";"-5380,00";"AMD";"-1191,06";"RUB";"";"Различные товары";"5399";"WILDBERRIES";"0,00";"0,00";"-1191,06"
"08.06.2023 17:12:43";"08.06.2023";"*4347";"OK";"-1800,00";"AMD";"-398,49";"RUB";"";"Такси";"4121";"Яндекс Такси";"0,00";"0,00";"-398,49"
"07.06.2023 21:44:22";"08.06.2023";"*4347";"OK";"-75000,00";"AMD";"-16216,50";"RUB";"";"Наличные";"6011";"Снятие в банкомате ATM 126 Komitas12 Komi";"0,00";"0,00";"-16216,50"
"07.06.2023 18:08:45";"07.06.2023";"*1405";"OK";"-4100,00";"RUB";"-4100,00";"RUB";"";"Переводы";"";"Наталья К.";"0,00";"0,00";"-4100,00"
"07.06.2023 18:06:34";"07.06.2023";"*1405";"OK";"-19500,00";"RUB";"-19500,00";"RUB";"";"Переводы";"";"Маме на жизнь.";"0,00";"0,00";"-19500,00"
"07.06.2023 18:03:34";"07.06.2023";"*1405";"OK";"50000,00";"RUB";"50000,00";"RUB";"";"Переводы";"";"Перевод собственных средств на счет. НДС не облагается.";"0,00";"0,00";"50000,00"
"05.06.2023 18:11:48";"05.06.2023";"*1405";"OK";"-199,00";"RUB";"-199,00";"RUB";"";"Другое";"";"Подписка Pro";"0,00";"0,00";"-199,00"
"04.06.2023 09:44:59";"04.06.2023";"*1405";"OK";"-2500,00";"RUB";"-2500,00";"RUB";"";"Переводы";"";"Давид О.";"0,00";"0,00";"-2500,00"
"30.05.2023 22:43:25";"30.05.2023";"";"OK";"14,43";"RUB";"14,43";"RUB";"";"Бонусы";"";"Проценты на остаток";"0,00";"0,00";"14,43"
"30.05.2023 16:12:15";"30.05.2023";"*4347";"OK";"-472,00";"RUB";"-472,00";"RUB";"";"Различные товары";"5734";"Антиплагиат";"0,00";"0,00";"-472,00"
"30.05.2023 16:05:36";"30.05.2023";"*1405";"OK";"8000,00";"RUB";"8000,00";"RUB";"";"Переводы";"";"Перевод собственных средств на счет. НДС не облагается.";"0,00";"0,00";"8000,00"
"19.05.2023 23:16:49";"20.05.2023";"*4347";"OK";"-2636,66";"RUB";"-2636,66";"RUB";"";"Супермаркеты";"5300";"WILDBERRIES";"0,00";"0,00";"-2636,66"
"12.05.2023 15:25:32";"12.05.2023";"*4347";"OK";"-2582,98";"RUB";"-2582,98";"RUB";"";"Супермаркеты";"5300";"WILDBERRIES";"0,00";"0,00";"-2582,98"
"08.05.2023 22:05:09";"09.05.2023";"*1405";"OK";"-500,00";"RUB";"-500,00";"RUB";"";"Переводы";"";"Клиенту Тинькофф";"0,00";"0,00";"-500,00"
"06.05.2023 23:22:26";"07.05.2023";"*4347";"OK";"-672,07";"RUB";"-672,07";"RUB";"";"Супермаркеты";"5300";"WILDBERRIES";"0,00";"0,00";"-672,07"
"06.05.2023 15:27:15";"06.05.2023";"*4347";"OK";"-381,77";"RUB";"-381,77";"RUB";"";"Супермаркеты";"5300";"WILDBERRIES";"0,00";"0,00";"-381,77"
"06.05.2023 14:56:14";"06.05.2023";"*4347";"OK";"-839,09";"RUB";"-839,09";"RUB";"";"Супермаркеты";"5300";"WILDBERRIES";"0,00";"0,00";"-839,09"
"05.05.2023 18:11:49";"05.05.2023";"*1405";"OK";"-199,00";"RUB";"-199,00";"RUB";"";"Другое";"";"Подписка Pro";"0,00";"0,00";"-199,00"
"04.05.2023 12:59:40";"04.05.2023";"*4347";"OK";"-1200,00";"AMD";"-258,45";"RUB";"";"Такси";"4121";"Яндекс Такси";"0,00";"0,00";"-258,45"
"04.05.2023 11:21:33";"04.05.2023";"*4347";"OK";"-1000,00";"AMD";"-215,38";"RUB";"";"Такси";"4121";"Яндекс Такси";"0,00";"0,00";"-215,38"
"30.04.2023 22:49:49";"30.04.2023";"";"OK";"102,30";"RUB";"102,30";"RUB";"";"Бонусы";"";"Проценты на остаток";"0,00";"0,00";"102,30"
"29.04.2023 20:28:10";"30.04.2023";"*4347";"OK";"-2396,00";"AMD";"-524,40";"RUB";"";"Рестораны";"5811";"Яндекс Еда";"0,00";"0,00";"-524,40"
"29.04.2023 17:25:50";"30.04.2023";"*4347";"OK";"-907,87";"RUB";"-907,87";"RUB";"";"Супермаркеты";"5300";"WILDBERRIES";"0,00";"0,00";"-907,87"
"29.04.2023 17:25:50";"30.04.2023";"*4347";"OK";"-499,75";"RUB";"-499,75";"RUB";"";"Супермаркеты";"5300";"WILDBERRIES";"0,00";"0,00";"-499,75"
"27.04.2023 18:15:18";"27.04.2023";"*4347";"OK";"-2896,00";"AMD";"-641,42";"RUB";"";"Рестораны";"5811";"Яндекс Еда";"0,00";"0,00";"-641,42"
"27.04.2023 16:24:31";"27.04.2023";"*4347";"OK";"-874,59";"RUB";"-874,59";"RUB";"";"Супермаркеты";"5300";"WILDBERRIES";"0,00";"0,00";"-874,59"
"27.04.2023 16:05:54";"27.04.2023";"*4347";"OK";"-2016,82";"RUB";"-2016,82";"RUB";"";"Супермаркеты";"5300";"WILDBERRIES";"0,00";"0,00";"-2016,82"
"22.04.2023 16:39:33";"22.04.2023";"*4347";"OK";"-965,30";"RUB";"-965,30";"RUB";"";"Супермаркеты";"5300";"WILDBERRIES";"0,00";"0,00";"-965,30"
"22.04.2023 16:03:20";"23.04.2023";"*4347";"OK";"-75000,00";"AMD";"-16245,75";"RUB";"";"Наличные";"6011";"Снятие в банкомате ATM 126 Komitas12 Komi";"0,00";"0,00";"-16245,75"
"21.04.2023 16:17:22";"21.04.2023";"*4347";"OK";"-2246,99";"RUB";"-2246,99";"RUB";"";"Супермаркеты";"5300";"WILDBERRIES";"0,00";"0,00";"-2246,99"
"21.04.2023 15:12:05";"21.04.2023";"*4347";"OK";"-2508,37";"RUB";"-2508,37";"RUB";"";"Супермаркеты";"5300";"WILDBERRIES";"0,00";"0,00";"-2508,37"
"18.04.2023 12:38:01";"18.04.2023";"*4347";"OK";"-4268,00";"AMD";"-943,83";"RUB";"";"Рестораны";"5811";"Яндекс Еда";"0,00";"0,00";"-943,83"
"14.04.2023 10:21:33";"14.04.2023";"*1405";"OK";"-19500,00";"RUB";"-19500,00";"RUB";"";"Переводы";"";"Маме на жизнь.";"0,00";"0,00";"-19500,00"
"13.04.2023 15:17:35";"13.04.2023";"*4347";"OK";"-1000,00";"AMD";"-222,27";"RUB";"";"Такси";"4121";"Яндекс Такси";"0,00";"0,00";"-222,27"
"13.04.2023 14:04:39";"13.04.2023";"*4347";"OK";"-1500,00";"AMD";"-333,41";"RUB";"";"Такси";"4121";"Яндекс Такси";"0,00";"0,00";"-333,41"
"13.04.2023 01:16:01";"13.04.2023";"*4347";"OK";"-1000,00";"AMD";"-222,52";"RUB";"";"Такси";"4121";"Яндекс Такси";"0,00";"0,00";"-222,52"
"13.04.2023 00:44:37";"13.04.2023";"*4347";"OK";"-900,00";"AMD";"-200,27";"RUB";"";"Такси";"4121";"Яндекс Такси";"0,00";"0,00";"-200,27"
"12.04.2023 23:34:27";"13.04.2023";"*4347";"OK";"-1400,00";"AMD";"-311,53";"RUB";"";"Такси";"4121";"Яндекс Такси";"0,00";"0,00";"-311,53"
"12.04.2023 22:54:06";"13.04.2023";"*4347";"OK";"-900,00";"AMD";"-200,27";"RUB";"";"Такси";"4121";"Яндекс Такси";"0,00";"0,00";"-200,27"
"12.04.2023 22:44:09";"13.04.2023";"*4347";"OK";"-100,00";"AMD";"-22,25";"RUB";"";"Такси";"4121";"Яндекс Такси";"0,00";"0,00";"-22,25"
"12.04.2023 21:42:29";"13.04.2023";"*4347";"OK";"-1200,00";"AMD";"-267,02";"RUB";"";"Такси";"4121";"Яндекс Такси";"0,00";"0,00";"-267,02"
"12.04.2023 20:39:19";"13.04.2023";"*4347";"OK";"-900,00";"AMD";"-200,27";"RUB";"";"Такси";"4121";"Яндекс Такси";"0,00";"0,00";"-200,27"
"12.04.2023 18:06:08";"13.04.2023";"*4347";"OK";"-1600,00";"AMD";"-356,03";"RUB";"";"Такси";"4121";"Яндекс Такси";"0,00";"0,00";"-356,03"
"12.04.2023 17:08:57";"13.04.2023";"*4347";"OK";"-1600,00";"AMD";"-356,03";"RUB";"";"Такси";"4121";"Яндекс Такси";"0,00";"0,00";"-356,03"
"11.04.2023 17:15:42";"11.04.2023";"*4347";"OK";"-8989,60";"AMD";"-2008,85";"RUB";"";"Рестораны";"5811";"Яндекс Еда";"0,00";"0,00";"-2008,85"
"10.04.2023 16:27:32";"10.04.2023";"*4347";"OK";"-340,00";"AMD";"-76,54";"RUB";"";"Такси";"4121";"Яндекс Такси";"0,00";"0,00";"-76,54"
"10.04.2023 16:10:47";"10.04.2023";"*4347";"OK";"-2200,00";"AMD";"-495,27";"RUB";"";"Такси";"4121";"Яндекс Такси";"0,00";"0,00";"-495,27"
"10.04.2023 15:12:42";"10.04.2023";"*4347";"OK";"-2200,00";"AMD";"-495,27";"RUB";"";"Такси";"4121";"Яндекс Такси";"0,00";"0,00";"-495,27"
"10.04.2023 13:53:20";"10.04.2023";"*4347";"OK";"-1700,00";"AMD";"-382,71";"RUB";"";"Такси";"4121";"Яндекс Такси";"0,00";"0,00";"-382,71"
"10.04.2023 12:29:14";"10.04.2023";"*1405";"OK";"60000,00";"RUB";"60000,00";"RUB";"";"Переводы";"";"Перевод собственных средств на счет. НДС не облагается.";"0,00";"0,00";"60000,00"
"09.04.2023 18:40:26";"09.04.2023";"*4347";"OK";"-1600,00";"AMD";"-360,20";"RUB";"";"Такси";"4121";"Яндекс Такси";"0,00";"0,00";"-360,20"
"09.04.2023 17:31:28";"09.04.2023";"*4347";"OK";"-1800,00";"AMD";"-405,22";"RUB";"";"Такси";"4121";"Яндекс Такси";"0,00";"0,00";"-405,22"
"08.04.2023 11:56:36";"08.04.2023";"*4347";"OK";"-900,00";"AMD";"-202,61";"RUB";"";"Такси";"4121";"Яндекс Такси";"0,00";"0,00";"-202,61"
"07.04.2023 10:44:53";"07.04.2023";"*4347";"OK";"-4804,00";"AMD";"-1059,32";"RUB";"";"Рестораны";"5811";"Яндекс Еда";"0,00";"0,00";"-1059,32"
"05.04.2023 18:11:38";"05.04.2023";"*1405";"OK";"-199,00";"RUB";"-199,00";"RUB";"";"Другое";"";"Подписка Pro";"0,00";"0,00";"-199,00"
"02.04.2023 18:26:47";"03.04.2023";"*4347";"OK";"-75000,00";"AMD";"-15674,25";"RUB";"";"Наличные";"6011";"Снятие в банкомате ATM 185 Adonts 1 Adont";"0,00";"0,00";"-15674,25"
"01.04.2023 11:00:20";"01.04.2023";"*4347";"OK";"-12303,90";"AMD";"-2623,99";"RUB";"";"Рестораны";"5811";"Яндекс Еда";"0,00";"0,00";"-2623,99"
"30.03.2023 22:48:46";"30.03.2023";"";"OK";"144,17";"RUB";"144,17";"RUB";"";"Бонусы";"";"Проценты на остаток";"0,00";"0,00";"144,17"
"30.03.2023 19:39:07";"30.03.2023";"*4347";"OK";"-1200,00";"AMD";"-254,94";"RUB";"";"Такси";"4121";"Яндекс Такси";"0,00";"0,00";"-254,94"
"30.03.2023 19:32:44";"30.03.2023";"*4347";"OK";"-100,00";"AMD";"-21,24";"RUB";"";"Такси";"4121";"Яндекс Такси";"0,00";"0,00";"-21,24"
"30.03.2023 19:16:06";"30.03.2023";"*4347";"OK";"-1200,00";"AMD";"-254,94";"RUB";"";"Такси";"4121";"Яндекс Такси";"0,00";"0,00";"-254,94"
"28.03.2023 13:33:54";"28.03.2023";"*4347";"OK";"-1663,24";"RUB";"-1663,24";"RUB";"";"Супермаркеты";"5300";"WILDBERRIES";"0,00";"0,00";"-1663,24"
"28.03.2023 13:33:54";"28.03.2023";"*4347";"OK";"-226,63";"RUB";"-226,63";"RUB";"";"Супермаркеты";"5300";"WILDBERRIES";"0,00";"0,00";"-226,63"
"26.03.2023 22:50:12";"27.03.2023";"*1405";"OK";"-1501,00";"RUB";"-1501,00";"RUB";"";"Переводы";"";"Андрей Л.";"0,00";"0,00";"-1501,00"
"26.03.2023 10:45:46";"26.03.2023";"*1405";"OK";"-4000,00";"RUB";"-4000,00";"RUB";"";"Переводы";"";"Алексей Н.";"0,00";"0,00";"-4000,00"
"25.03.2023 18:35:22";"25.03.2023";"*1405";"OK";"20000,00";"RUB";"20000,00";"RUB";"";"Переводы";"";"Перевод собственных средств на счет. НДС не облагается.";"0,00";"0,00";"20000,00"
"24.03.2023 15:48:06";"24.03.2023";"*4347";"OK";"-8529,60";"AMD";"-1795,71";"RUB";"";"Рестораны";"5811";"Яндекс Еда";"0,00";"0,00";"-1795,71"
"22.03.2023 13:28:43";"22.03.2023";"*4347";"OK";"-240,00";"AMD";"-51,36";"RUB";"";"Такси";"4121";"Яндекс Такси";"0,00";"0,00";"-51,36"
"22.03.2023 13:10:46";"22.03.2023";"*4347";"OK";"-1500,00";"AMD";"-320,99";"RUB";"";"Такси";"4121";"Яндекс Такси";"0,00";"0,00";"-320,99"
"22.03.2023 12:22:52";"22.03.2023";"*4347";"OK";"8022,40";"AMD";"1716,76";"RUB";"";"Рестораны";"5811";"Яндекс Еда";"0,00";"0,00";"1716,76"
"22.03.2023 12:18:09";"22.03.2023";"*4347";"OK";"-1400,00";"AMD";"-299,59";"RUB";"";"Такси";"4121";"Яндекс Такси";"0,00";"0,00";"-299,59"
"22.03.2023 11:30:37";"22.03.2023";"*4347";"OK";"-8022,40";"AMD";"-1716,76";"RUB";"";"Рестораны";"5811";"Яндекс Еда";"0,00";"0,00";"-1716,76"
"22.03.2023 10:25:30";"22.03.2023";"*4347";"OK";"-12700,00";"AMD";"-2717,74";"RUB";"";"Рестораны";"5811";"Яндекс Еда";"0,00";"0,00";"-2717,74"
"22.03.2023 10:20:30";"22.03.2023";"*4347";"OK";"-2339,00";"AMD";"-500,53";"RUB";"";"Рестораны";"5811";"Яндекс Еда";"0,00";"0,00";"-500,53"
"22.03.2023 09:23:31";"22.03.2023";"*4347";"OK";"-1600,00";"AMD";"-342,39";"RUB";"";"Такси";"4121";"Яндекс Такси";"0,00";"0,00";"-342,39"
"22.03.2023 08:37:36";"22.03.2023";"*4347";"OK";"-1500,00";"AMD";"-322,58";"RUB";"";"Такси";"4121";"Яндекс Такси";"0,00";"0,00";"-322,58"
"21.03.2023 23:13:54";"22.03.2023";"*4347";"OK";"-94,88";"RUB";"-94,88";"RUB";"";"Услуги банка";"";"Комиссия за операцию";"0,00";"0,00";"-94,88"
"21.03.2023 23:13:54";"22.03.2023";"*4347";"OK";"-150000,00";"AMD";"-31611,00";"RUB";"";"Наличные";"6011";"Снятие в банкомате ATM 185 Adonts 1 Adont";"0,00";"0,00";"-31611,00"
"21.03.2023 15:25:18";"21.03.2023";"*4347";"OK";"-2105,63";"RUB";"-2105,63";"RUB";"";"Супермаркеты";"5300";"WILDBERRIES";"0,00";"0,00";"-2105,63"
"21.03.2023 10:46:13";"21.03.2023";"*1405";"OK";"50000,00";"RUB";"50000,00";"RUB";"";"Переводы";"";"Перевод собственных средств на счет. НДС не облагается.";"0,00";"0,00";"50000,00"
"20.03.2023 15:06:22";"20.03.2023";"*4347";"OK";"-1100,00";"AMD";"-234,69";"RUB";"";"Такси";"4121";"Яндекс Такси";"0,00";"0,00";"-234,69"
"20.03.2023 11:16:03";"20.03.2023";"*1405";"OK";"-100,00";"RUB";"-100,00";"RUB";"";"Переводы";"6012";"Перевод на карту";"0,00";"0,00";"-100,00"
"19.03.2023 17:12:34";"19.03.2023";"*4347";"OK";"-1600,00";"AMD";"-341,37";"RUB";"";"Такси";"4121";"Яндекс Такси";"0,00";"0,00";"-341,37"
"19.03.2023 15:20:09";"20.03.2023";"*4347";"OK";"-55000,00";"AMD";"-11501,05";"RUB";"";"Наличные";"6011";"Снятие в банкомате ATM 327 Tsiternakaberd";"0,00";"0,00";"-11501,05"
"19.03.2023 15:18:53";"19.03.2023";"*4347";"OK";"-250,00";"AMD";"-53,34";"RUB";"";"Такси";"4121";"Яндекс Такси";"0,00";"0,00";"-53,34"
"19.03.2023 14:53:25";"19.03.2023";"*4347";"OK";"-1600,00";"AMD";"-341,37";"RUB";"";"Такси";"4121";"Яндекс Такси";"0,00";"0,00";"-341,37"
"19.03.2023 13:26:42";"19.03.2023";"*1405";"OK";"-4000,00";"RUB";"-4000,00";"RUB";"";"Переводы";"";"Алексей Н.";"0,00";"0,00";"-4000,00"
"19.03.2023 09:41:34";"19.03.2023";"*1405";"OK";"17000,00";"RUB";"17000,00";"RUB";"";"Переводы";"";"Перевод собственных средств на счет. НДС не облагается.";"0,00";"0,00";"17000,00"
"18.03.2023 10:29:14";"18.03.2023";"*4347";"OK";"-5447,00";"AMD";"-1162,15";"RUB";"";"Рестораны";"5811";"Яндекс Еда";"0,00";"0,00";"-1162,15"
"18.03.2023 10:25:36";"18.03.2023";"*4347";"OK";"-1739,00";"AMD";"-371,03";"RUB";"";"Рестораны";"5811";"Яндекс Еда";"0,00";"0,00";"-371,03"
"17.03.2023 13:35:58";"17.03.2023";"*4347";"OK";"-544,62";"RUB";"-544,62";"RUB";"";"Супермаркеты";"5300";"WILDBERRIES";"0,00";"0,00";"-544,62"
"17.03.2023 13:34:32";"17.03.2023";"*4347";"OK";"-544,62";"RUB";"-544,62";"RUB";"";"Супермаркеты";"5300";"WILDBERRIES";"0,00";"0,00";"-544,62"
"16.03.2023 12:54:28";"16.03.2023";"*4347";"OK";"8191,00";"AMD";"1727,69";"RUB";"";"Рестораны";"5811";"Яндекс Еда";"0,00";"0,00";"1727,69"
"16.03.2023 11:10:19";"16.03.2023";"*4347";"OK";"-8191,00";"AMD";"-1727,69";"RUB";"";"Рестораны";"5811";"Яндекс Еда";"0,00";"0,00";"-1727,69"
"14.03.2023 22:18:34";"15.03.2023";"*4347";"OK";"-559,49";"RUB";"-559,49";"RUB";"";"Супермаркеты";"5300";"WILDBERRIES";"0,00";"0,00";"-559,49"
"14.03.2023 10:20:19";"14.03.2023";"*1405";"OK";"-19500,00";"RUB";"-19500,00";"RUB";"";"Переводы";"";"Маме на жизнь.";"0,00";"0,00";"-19500,00"
"14.03.2023 09:48:14";"14.03.2023";"*4347";"OK";"-1500,00";"AMD";"-315,19";"RUB";"";"Такси";"4121";"Яндекс Такси";"0,00";"0,00";"-315,19"
"14.03.2023 09:02:16";"14.03.2023";"*4347";"OK";"-1600,00";"AMD";"-338,55";"RUB";"";"Такси";"4121";"Яндекс Такси";"0,00";"0,00";"-338,55"
"13.03.2023 22:29:55";"14.03.2023";"*4347";"OK";"-1612,91";"RUB";"-1612,91";"RUB";"";"НКО";"8398";"Donation Alerts";"0,00";"0,00";"-1612,91"
"13.03.2023 18:26:45";"13.03.2023";"*4347";"OK";"-2175,43";"RUB";"-2175,43";"RUB";"";"Супермаркеты";"5300";"WILDBERRIES";"0,00";"0,00";"-2175,43"
"13.03.2023 12:00:34";"13.03.2023";"*4347";"OK";"-1600,00";"AMD";"-338,55";"RUB";"";"Такси";"4121";"Яндекс Такси";"0,00";"0,00";"-338,55"
"13.03.2023 11:30:44";"13.03.2023";"*4347";"OK";"-1600,00";"AMD";"-338,55";"RUB";"";"Такси";"4121";"Яндекс Такси";"0,00";"0,00";"-338,55"
"12.03.2023 14:41:27";"12.03.2023";"*1405";"OK";"-4000,00";"RUB";"-4000,00";"RUB";"";"Переводы";"";"Алексей Н.";"0,00";"0,00";"-4000,00"
"12.03.2023 14:34:57";"";"*1405";"FAILED";"-2100,00";"RUB";"-2100,00";"RUB";"";"Переводы";"";"Перевод на карту";"0,00";"0,00";"-2100,00"
"11.03.2023 14:03:41";"11.03.2023";"*4347";"OK";"-10349,00";"AMD";"-2189,80";"RUB";"";"Рестораны";"5811";"Яндекс Еда";"0,00";"0,00";"-2189,80"
"11.03.2023 13:13:12";"11.03.2023";"*4347";"OK";"-1700,00";"AMD";"-359,71";"RUB";"";"Такси";"4121";"Яндекс Такси";"0,00";"0,00";"-359,71"
"11.03.2023 12:00:11";"11.03.2023";"*4347";"OK";"-240,00";"AMD";"-50,78";"RUB";"";"Такси";"4121";"Яндекс Такси";"0,00";"0,00";"-50,78"
"11.03.2023 11:47:57";"11.03.2023";"*4347";"OK";"-1500,00";"AMD";"-317,39";"RUB";"";"Такси";"4121";"Яндекс Такси";"0,00";"0,00";"-317,39"
"10.03.2023 13:20:30";"10.03.2023";"*4347";"OK";"-2299,00";"RUB";"-2299,00";"RUB";"";"Сервис";"5967";"Donate";"0,00";"0,00";"-2299,00"
"09.03.2023 16:21:48";"09.03.2023";"*4347";"OK";"-2169,00";"AMD";"-455,58";"RUB";"";"Рестораны";"5811";"Яндекс Еда";"0,00";"0,00";"-455,58"
"09.03.2023 16:19:44";"09.03.2023";"*4347";"OK";"-10497,00";"AMD";"-2204,79";"RUB";"";"Рестораны";"5811";"Яндекс Еда";"0,00";"0,00";"-2204,79"
"08.03.2023 19:20:29";"09.03.2023";"*4347";"OK";"-150000,00";"AMD";"-30874,50";"RUB";"";"Наличные";"6011";"Снятие в банкомате ATM 185 Adonts 1 Adont";"0,00";"0,00";"-30874,50"
"07.03.2023 14:35:24";"07.03.2023";"*1405";"OK";"-12500,00";"RUB";"-12500,00";"RUB";"";"Переводы";"";"Давид О.";"0,00";"0,00";"-12500,00"
"07.03.2023 12:51:51";"07.03.2023";"*4347";"OK";"24450,00";"RUB";"24450,00";"RUB";"";"Пополнения";"6536";"Сбербанк";"0,00";"0,00";"24450,00"
"05.03.2023 18:11:43";"05.03.2023";"*1405";"OK";"-199,00";"RUB";"-199,00";"RUB";"";"Другое";"";"Подписка Pro";"0,00";"0,00";"-199,00"
"04.03.2023 13:53:04";"04.03.2023";"*4347";"OK";"900,00";"AMD";"164,18";"RUB";"";"Рестораны";"5811";"Яндекс Еда";"0,00";"0,00";"164,18"
"03.03.2023 16:51:56";"03.03.2023";"*4347";"OK";"-3206,00";"AMD";"-672,82";"RUB";"";"Рестораны";"5811";"Яндекс Еда";"0,00";"0,00";"-672,82"
"03.03.2023 15:47:24";"03.03.2023";"*4347";"OK";"-6236,00";"AMD";"-1308,71";"RUB";"";"Рестораны";"5811";"Яндекс Еда";"0,00";"0,00";"-1308,71"
"02.03.2023 17:32:09";"03.03.2023";"*4347";"OK";"-150000,00";"AMD";"-30757,50";"RUB";"";"Наличные";"6011";"Снятие в банкомате ATM 185 Adonts 1 Adont";"0,00";"0,00";"-30757,50"
"02.03.2023 15:37:58";"02.03.2023";"*1405";"OK";"80000,00";"RUB";"80000,00";"RUB";"";"Пополнения";"";"Перевод собственных средств на счет. НДС не облагается.";"0,00";"0,00";"80000,00"
"01.03.2023 10:08:08";"01.03.2023";"*4347";"OK";"-1700,00";"AMD";"-353,72";"RUB";"";"Такси";"4121";"Яндекс Такси";"0,00";"0,00";"-353,72"
"01.03.2023 08:07:51";"01.03.2023";"*4347";"OK";"-2200,00";"AMD";"-461,31";"RUB";"";"Такси";"4121";"Яндекс Такси";"0,00";"0,00";"-461,31"
"28.02.2023 23:00:29";"28.02.2023";"";"OK";"96,76";"RUB";"96,76";"RUB";"";"Бонусы";"";"Проценты на остаток";"0,00";"0,00";"96,76"
"28.02.2023 09:20:45";"28.02.2023";"*4347";"OK";"-1300,00";"AMD";"-272,59";"RUB";"";"Такси";"4121";"Яндекс Такси";"0,00";"0,00";"-272,59"
"27.02.2023 11:42:37";"27.02.2023";"*1405";"OK";"-3000,00";"RUB";"-3000,00";"RUB";"";"Мобильная связь";"";"МТС +7 915 439-92-54";"0,00";"0,00";"-3000,00"
"25.02.2023 22:39:45";"26.02.2023";"*4347";"OK";"-838,00";"RUB";"-838,00";"RUB";"";"Супермаркеты";"5300";"WILDBERRIES";"0,00";"0,00";"-838,00"
"25.02.2023 11:47:55";"25.02.2023";"*4347";"OK";"-4468,00";"AMD";"-924,67";"RUB";"";"Рестораны";"5811";"Яндекс Еда";"0,00";"0,00";"-924,67"
"25.02.2023 11:42:06";"25.02.2023";"*4347";"OK";"-6906,00";"AMD";"-1429,22";"RUB";"";"Рестораны";"5811";"Яндекс Еда";"0,00";"0,00";"-1429,22"
"24.02.2023 11:18:08";"24.02.2023";"*4347";"OK";"-2519,00";"AMD";"-521,32";"RUB";"";"Рестораны";"5811";"Яндекс Еда";"0,00";"0,00";"-521,32"
"24.02.2023 11:16:36";"24.02.2023";"*4347";"OK";"-3189,00";"AMD";"-659,98";"RUB";"";"Рестораны";"5811";"Яндекс Еда";"0,00";"0,00";"-659,98"
"24.02.2023 09:11:56";"24.02.2023";"*4347";"OK";"-1200,00";"AMD";"-248,34";"RUB";"";"Такси";"4121";"Яндекс Такси";"0,00";"0,00";"-248,34"
"24.02.2023 08:39:20";"24.02.2023";"*4347";"OK";"-1400,00";"AMD";"-289,74";"RUB";"";"Такси";"4121";"Яндекс Такси";"0,00";"0,00";"-289,74"
"24.02.2023 07:28:02";"24.02.2023";"*4347";"OK";"-1400,00";"AMD";"-289,74";"RUB";"";"Такси";"4121";"Яндекс Такси";"0,00";"0,00";"-289,74"
"23.02.2023 18:27:37";"24.02.2023";"*4347";"OK";"-150000,00";"AMD";"-30420,00";"RUB";"";"Наличные";"6011";"Снятие в банкомате ATM 185 Adonts 1 Adont";"0,00";"0,00";"-30420,00"
"23.02.2023 12:42:05";"23.02.2023";"*1405";"OK";"30000,00";"RUB";"30000,00";"RUB";"";"Пополнения";"";"Перевод собственных средств на счет. НДС не облагается.";"0,00";"0,00";"30000,00"
"22.02.2023 10:38:23";"22.02.2023";"*4347";"OK";"-700,00";"AMD";"-144,72";"RUB";"";"Такси";"4121";"Яндекс Такси";"0,00";"0,00";"-144,72"
"22.02.2023 09:44:09";"22.02.2023";"*4347";"OK";"-700,00";"AMD";"-144,72";"RUB";"";"Такси";"4121";"Яндекс Такси";"0,00";"0,00";"-144,72"
"20.02.2023 16:19:46";"20.02.2023";"*1405";"OK";"-10000,00";"RUB";"-10000,00";"RUB";"";"Переводы";"";"Давид О.";"0,00";"0,00";"-10000,00"
"20.02.2023 16:15:49";"20.02.2023";"*1405";"OK";"-12500,00";"RUB";"-12500,00";"RUB";"";"Переводы";"";"Давид О.";"0,00";"0,00";"-12500,00"
"20.02.2023 16:14:48";"20.02.2023";"*1405";"OK";"40000,00";"RUB";"40000,00";"RUB";"";"Пополнения";"";"Перевод собственных средств на счет. НДС не облагается.";"0,00";"0,00";"40000,00"
"19.02.2023 13:22:20";"19.02.2023";"*1405";"OK";"-1501,02";"RUB";"-1501,02";"RUB";"";"Переводы";"";"Андрей Л.";"0,00";"0,00";"-1501,02"
"17.02.2023 11:12:12";"17.02.2023";"*4347";"OK";"-1200,00";"AMD";"-246,56";"RUB";"";"Такси";"4121";"Яндекс Такси";"0,00";"0,00";"-246,56"
"16.02.2023 09:51:36";"16.02.2023";"*4347";"OK";"-3419,00";"AMD";"-697,47";"RUB";"";"Рестораны";"5811";"Яндекс Еда";"0,00";"0,00";"-697,47"
"16.02.2023 09:48:53";"16.02.2023";"*4347";"OK";"-2939,00";"AMD";"-599,55";"RUB";"";"Рестораны";"5811";"Яндекс Еда";"0,00";"0,00";"-599,55"
"15.02.2023 13:51:23";"15.02.2023";"*4347";"OK";"-2739,00";"AMD";"-555,24";"RUB";"";"Рестораны";"5811";"Яндекс Еда";"0,00";"0,00";"-555,24"
"15.02.2023 13:46:49";"15.02.2023";"*4347";"OK";"-4500,00";"AMD";"-912,22";"RUB";"";"Рестораны";"5811";"Яндекс Еда";"0,00";"0,00";"-912,22"
"15.02.2023 11:06:47";"15.02.2023";"*1405";"OK";"-4500,00";"RUB";"-4500,00";"RUB";"";"Переводы";"";"Давид О.";"0,00";"0,00";"-4500,00"
"15.02.2023 10:19:40";"15.02.2023";"*4347";"OK";"-600,00";"AMD";"-121,63";"RUB";"";"Такси";"4121";"Яндекс Такси";"0,00";"0,00";"-121,63"
"15.02.2023 09:40:48";"15.02.2023";"*4347";"OK";"-600,00";"AMD";"-121,63";"RUB";"";"Такси";"4121";"Яндекс Такси";"0,00";"0,00";"-121,63"
"15.02.2023 09:30:50";"15.02.2023";"*1405";"OK";"12000,00";"RUB";"12000,00";"RUB";"";"Пополнения";"";"Перевод собственных средств на счет. НДС не облагается.";"0,00";"0,00";"12000,00"
"14.02.2023 19:13:45";"15.02.2023";"*4347";"OK";"-150000,00";"AMD";"-29659,50";"RUB";"";"Наличные";"6011";"Снятие в банкомате ATM 185 Adonts 1 Adont";"0,00";"0,00";"-29659,50"
"14.02.2023 13:15:57";"14.02.2023";"*4347";"OK";"-14130,00";"AMD";"-2851,09";"RUB";"";"Рестораны";"5811";"Яндекс Еда";"0,00";"0,00";"-2851,09"
"14.02.2023 12:56:49";"14.02.2023";"*1405";"OK";"-19500,00";"RUB";"-19500,00";"RUB";"";"Переводы";"";"Юлия К.";"0,00";"0,00";"-19500,00"
"14.02.2023 12:55:12";"14.02.2023";"*1405";"OK";"40000,00";"RUB";"40000,00";"RUB";"";"Пополнения";"";"Перевод собственных средств на счет. НДС не облагается.";"0,00";"0,00";"40000,00"
"14.02.2023 12:53:22";"14.02.2023";"*1405";"OK";"-550,00";"RUB";"-550,00";"RUB";"";"Переводы";"";"Ульяна Г.";"0,00";"0,00";"-550,00"
"14.02.2023 12:03:22";"14.02.2023";"*4347";"OK";"-2600,00";"AMD";"-524,62";"RUB";"";"Такси";"4121";"Яндекс Такси";"0,00";"0,00";"-524,62"
"13.02.2023 00:13:46";"13.02.2023";"*4347";"OK";"-679,59";"RUB";"-679,59";"RUB";"";"Супермаркеты";"5300";"WILDBERRIES";"0,00";"0,00";"-679,59"
"12.02.2023 14:54:10";"12.02.2023";"*4347";"OK";"2400,00";"AMD";"415,49";"RUB";"";"Рестораны";"5811";"Яндекс Еда";"0,00";"0,00";"415,49"
"11.02.2023 10:48:03";"11.02.2023";"*4347";"OK";"-10381,00";"AMD";"-2067,93";"RUB";"";"Рестораны";"5811";"Яндекс Еда";"0,00";"0,00";"-2067,93"
"11.02.2023 10:28:10";"11.02.2023";"*4347";"OK";"-10821,00";"AMD";"-2155,58";"RUB";"";"Рестораны";"5811";"Яндекс Еда";"0,00";"0,00";"-2155,58"
"10.02.2023 00:43:03";"10.02.2023";"*4347";"OK";"-182,27";"RUB";"-182,27";"RUB";"";"Супермаркеты";"5300";"WILDBERRIES";"0,00";"0,00";"-182,27"
"09.02.2023 14:25:35";"09.02.2023";"*1405";"OK";"-4000,00";"RUB";"-4000,00";"RUB";"";"Переводы";"";"Алексей Н.";"0,00";"0,00";"-4000,00"
"09.02.2023 09:51:38";"09.02.2023";"*4347";"OK";"-800,00";"AMD";"-156,43";"RUB";"";"Такси";"4121";"Яндекс Такси";"0,00";"0,00";"-156,43"
"09.02.2023 09:43:21";"09.02.2023";"*4347";"OK";"-12000,00";"AMD";"-2346,50";"RUB";"";"Медицина";"8071";"Ecosense Komitas";"0,00";"0,00";"-2346,50"
"09.02.2023 09:30:03";"09.02.2023";"*4347";"OK";"-800,00";"AMD";"-156,43";"RUB";"";"Такси";"4121";"Яндекс Такси";"0,00";"0,00";"-156,43"
"05.02.2023 18:11:42";"05.02.2023";"*1405";"OK";"-199,00";"RUB";"-199,00";"RUB";"";"Другое";"";"Подписка Pro";"0,00";"0,00";"-199,00"
"05.02.2023 12:11:41";"05.02.2023";"*4347";"OK";"-1500,00";"AMD";"-288,02";"RUB";"";"Такси";"4121";"Яндекс Такси";"0,00";"0,00";"-288,02"
"05.02.2023 12:05:26";"05.02.2023";"*4347";"OK";"-110,00";"AMD";"-21,12";"RUB";"";"Такси";"4121";"Яндекс Такси";"0,00";"0,00";"-21,12"
"05.02.2023 11:47:37";"05.02.2023";"*4347";"OK";"-1400,00";"AMD";"-268,82";"RUB";"";"Такси";"4121";"Яндекс Такси";"0,00";"0,00";"-268,82"
"04.02.2023 16:57:53";"04.02.2023";"*4347";"OK";"-140,24";"RUB";"-140,24";"RUB";"";"Супермаркеты";"5300";"WILDBERRIES";"0,00";"0,00";"-140,24"
"04.02.2023 16:57:52";"04.02.2023";"*4347";"OK";"-1995,37";"RUB";"-1995,37";"RUB";"";"Супермаркеты";"5300";"WILDBERRIES";"0,00";"0,00";"-1995,37"
"04.02.2023 16:33:14";"05.02.2023";"*4347";"OK";"-75000,00";"AMD";"-14112,00";"RUB";"";"Наличные";"6011";"Снятие в банкомате ATM 185 Adonts 1 Adont";"0,00";"0,00";"-14112,00"
"04.02.2023 16:32:27";"05.02.2023";"*4347";"OK";"-100000,00";"AMD";"-18816,00";"RUB";"";"Наличные";"6011";"Снятие в банкомате ATM 185 Adonts 1 Adont";"0,00";"0,00";"-18816,00"
"04.02.2023 16:13:56";"04.02.2023";"*1405";"OK";"31000,00";"RUB";"31000,00";"RUB";"";"Пополнения";"";"Перевод собственных средств на счет. НДС не облагается.";"0,00";"0,00";"31000,00"
"04.02.2023 10:05:51";"04.02.2023";"*4347";"OK";"-7555,00";"AMD";"-1450,65";"RUB";"";"Рестораны";"5811";"Яндекс Еда";"0,00";"0,00";"-1450,65"
"04.02.2023 09:58:20";"04.02.2023";"*4347";"OK";"-12800,00";"AMD";"-2457,76";"RUB";"";"Рестораны";"5811";"Яндекс Еда";"0,00";"0,00";"-2457,76"
"04.02.2023 09:54:26";"04.02.2023";"*4347";"OK";"-12675,00";"AMD";"-2433,76";"RUB";"";"Рестораны";"5811";"Яндекс Еда";"0,00";"0,00";"-2433,76"
"03.02.2023 15:26:39";"03.02.2023";"*4347";"OK";"20000,00";"RUB";"20000,00";"RUB";"";"Пополнения";"6536";"Пополнение Modulbank Kostroma RUS";"0,00";"0,00";"20000,00"
"03.02.2023 12:23:49";"03.02.2023";"*1405";"OK";"-4000,00";"RUB";"-4000,00";"RUB";"";"Переводы";"";"Алексей Н.";"0,00";"0,00";"-4000,00"
"02.02.2023 18:50:30";"02.02.2023";"*1405";"OK";"-550,00";"RUB";"-550,00";"RUB";"";"Переводы";"";"Ульяна Г.";"0,00";"0,00";"-550,00"
"01.02.2023 14:37:38";"01.02.2023";"*4347";"OK";"-192,48";"RUB";"-192,48";"RUB";"";"Супермаркеты";"5300";"WILDBERRIES";"0,00";"0,00";"-192,48"
"01.02.2023 14:37:37";"01.02.2023";"*4347";"OK";"-607,74";"RUB";"-607,74";"RUB";"";"Супермаркеты";"5300";"WILDBERRIES";"0,00";"0,00";"-607,74"
"01.02.2023 14:37:35";"01.02.2023";"*4347";"OK";"-958,84";"RUB";"-958,84";"RUB";"";"Супермаркеты";"5300";"WILDBERRIES";"0,00";"0,00";"-958,84"
"01.02.2023 09:18:49";"01.02.2023";"*4347";"OK";"-600,00";"AMD";"-115,65";"RUB";"";"Такси";"4121";"Яндекс Такси";"0,00";"0,00";"-115,65"
"31.01.2023 17:18:52";"31.01.2023";"*4347";"OK";"-2100,00";"AMD";"-399,24";"RUB";"";"Такси";"4121";"Яндекс Такси";"0,00";"0,00";"-399,24"
"31.01.2023 16:17:45";"31.01.2023";"*4347";"OK";"-1200,00";"AMD";"-228,14";"RUB";"";"Такси";"4121";"Яндекс Такси";"0,00";"0,00";"-228,14"
"31.01.2023 16:16:05";"31.01.2023";"*1405";"OK";"22000,00";"RUB";"22000,00";"RUB";"";"Пополнения";"";"Перевод собственных средств на счет. НДС не облагается.";"0,00";"0,00";"22000,00"
"31.01.2023 11:15:11";"31.01.2023";"*4347";"OK";"-600,00";"AMD";"-114,07";"RUB";"";"Такси";"4121";"Яндекс Такси";"0,00";"0,00";"-114,07"
"30.01.2023 22:48:22";"30.01.2023";"";"OK";"93,94";"RUB";"93,94";"RUB";"";"Бонусы";"";"Проценты на остаток";"0,00";"0,00";"93,94"
"28.01.2023 12:38:21";"28.01.2023";"*4347";"OK";"-5684,00";"AMD";"-1076,52";"RUB";"";"Рестораны";"5811";"Яндекс Еда";"0,00";"0,00";"-1076,52"
"28.01.2023 11:29:04";"28.01.2023";"*4347";"OK";"7105,00";"AMD";"1345,64";"RUB";"";"Рестораны";"5811";"Яндекс Еда";"0,00";"0,00";"1345,64"
"28.01.2023 10:51:30";"28.01.2023";"*4347";"OK";"-15205,00";"AMD";"-2879,73";"RUB";"";"Рестораны";"5811";"Яндекс Еда";"0,00";"0,00";"-2879,73"
"28.01.2023 10:44:38";"28.01.2023";"*4347";"OK";"-7105,00";"AMD";"-1345,64";"RUB";"";"Рестораны";"5811";"Яндекс Еда";"0,00";"0,00";"-1345,64"
"26.01.2023 13:05:11";"26.01.2023";"*1405";"OK";"-4000,00";"RUB";"-4000,00";"RUB";"";"Переводы";"";"Алексей Н.";"0,00";"0,00";"-4000,00"
"25.01.2023 12:54:57";"25.01.2023";"*1405";"OK";"8000,00";"RUB";"8000,00";"RUB";"";"Пополнения";"";"Перевод собственных средств на счет. НДС не облагается.";"0,00";"0,00";"8000,00"
"23.01.2023 15:14:01";"23.01.2023";"*4347";"OK";"-554,52";"RUB";"-554,52";"RUB";"";"Супермаркеты";"5300";"WILDBERRIES";"0,00";"0,00";"-554,52"
"19.01.2023 19:56:00";"20.01.2023";"*4347";"OK";"-100000,00";"AMD";"-18419,00";"RUB";"";"Наличные";"6011";"Снятие в банкомате ATM 185 Adonts 1 Adont";"0,00";"0,00";"-18419,00"
"19.01.2023 19:29:54";"19.01.2023";"*1405";"OK";"16000,00";"RUB";"16000,00";"RUB";"";"Пополнения";"";"Перевод собственных средств на счет. НДС не облагается.";"0,00";"0,00";"16000,00"
"19.01.2023 12:57:05";"19.01.2023";"*1405";"OK";"-4000,00";"RUB";"-4000,00";"RUB";"";"Переводы";"";"Алексей Н.";"0,00";"0,00";"-4000,00"
"16.01.2023 14:06:22";"16.01.2023";"*4347";"OK";"-2486,00";"RUB";"-2486,00";"RUB";"";"Супермаркеты";"5300";"WILDBERRIES";"0,00";"0,00";"-2486,00"
"15.01.2023 16:06:47";"15.01.2023";"*4347";"OK";"-1100,00";"AMD";"-202,73";"RUB";"";"Такси";"4121";"Яндекс Такси";"0,00";"0,00";"-202,73"
"15.01.2023 14:27:32";"15.01.2023";"*4347";"OK";"-1100,00";"AMD";"-202,73";"RUB";"";"Такси";"4121";"Яндекс Такси";"0,00";"0,00";"-202,73"
"14.01.2023 17:46:20";"14.01.2023";"*4347";"OK";"-479,20";"RUB";"-479,20";"RUB";"";"Книги и канцтовары";"5942";"Литрес";"0,00";"0,00";"-479,20"
"14.01.2023 17:45:12";"14.01.2023";"*4347";"OK";"-279,20";"RUB";"-279,20";"RUB";"";"Книги и канцтовары";"5942";"Литрес";"0,00";"0,00";"-279,20"
"14.01.2023 17:43:50";"14.01.2023";"*4347";"OK";"-64,00";"RUB";"-64,00";"RUB";"";"Книги и канцтовары";"5942";"Литрес";"0,00";"0,00";"-64,00"
"14.01.2023 17:42:42";"14.01.2023";"*4347";"OK";"-159,20";"RUB";"-159,20";"RUB";"";"Книги и канцтовары";"5942";"Литрес";"0,00";"0,00";"-159,20"
"14.01.2023 17:41:07";"14.01.2023";"*4347";"OK";"-249,00";"RUB";"-249,00";"RUB";"";"Книги и канцтовары";"5942";"Литрес";"0,00";"0,00";"-249,00"
"14.01.2023 10:17:41";"14.01.2023";"*1405";"OK";"-19500,00";"RUB";"-19500,00";"RUB";"";"Переводы";"";"Юлия К.";"0,00";"0,00";"-19500,00"
"13.01.2023 17:29:43";"13.01.2023";"*4347";"OK";"-11650,00";"AMD";"-2155,01";"RUB";"";"Рестораны";"5811";"Яндекс Еда";"0,00";"0,00";"-2155,01"
"13.01.2023 14:37:57";"13.01.2023";"*4347";"OK";"-1500,00";"AMD";"-277,47";"RUB";"";"Такси";"4121";"Яндекс Такси";"0,00";"0,00";"-277,47"
"13.01.2023 13:23:26";"13.01.2023";"*4347";"OK";"-1500,00";"AMD";"-277,47";"RUB";"";"Такси";"4121";"Яндекс Такси";"0,00";"0,00";"-277,47"
"12.01.2023 17:40:44";"12.01.2023";"*1405";"OK";"-4000,00";"RUB";"-4000,00";"RUB";"";"Переводы";"";"Алексей Н.";"0,00";"0,00";"-4000,00"
"11.01.2023 10:31:57";"11.01.2023";"*4347";"OK";"-220,00";"AMD";"-41,92";"RUB";"";"Такси";"4121";"Яндекс Такси";"0,00";"0,00";"-41,92"
"11.01.2023 10:19:32";"11.01.2023";"*4347";"OK";"-1400,00";"AMD";"-266,77";"RUB";"";"Такси";"4121";"Яндекс Такси";"0,00";"0,00";"-266,77"
"11.01.2023 09:10:15";"11.01.2023";"*4347";"OK";"-1400,00";"AMD";"-269,54";"RUB";"";"Такси";"4121";"Яндекс Такси";"0,00";"0,00";"-269,54"
"10.01.2023 13:36:35";"10.01.2023";"*4347";"OK";"-700,00";"AMD";"-134,77";"RUB";"";"Такси";"4121";"Яндекс Такси";"0,00";"0,00";"-134,77"
"10.01.2023 11:49:31";"11.01.2023";"*4347";"OK";"-100000,00";"AMD";"-18869,00";"RUB";"";"Наличные";"6011";"Снятие в банкомате ATM 185 Adonts 1 Adont";"0,00";"0,00";"-18869,00"
"10.01.2023 11:18:24";"10.01.2023";"*4347";"OK";"-26000,00";"AMD";"-5005,78";"RUB";"";"Медицина";"8099";"Yeolian Centre";"0,00";"0,00";"-5005,78"
"09.01.2023 19:16:21";"09.01.2023";"*1405";"OK";"25000,00";"RUB";"25000,00";"RUB";"";"Пополнения";"";"Перевод собственных средств на счет. НДС не облагается.";"0,00";"0,00";"25000,00"
"08.01.2023 12:39:30";"08.01.2023";"*4347";"OK";"-8680,00";"AMD";"-1677,62";"RUB";"";"Рестораны";"5811";"Яндекс Еда";"0,00";"0,00";"-1677,62"
"08.01.2023 12:35:38";"08.01.2023";"*4347";"OK";"-16420,00";"AMD";"-3173,56";"RUB";"";"Рестораны";"5811";"Яндекс Еда";"0,00";"0,00";"-3173,56"
"07.01.2023 12:06:11";"07.01.2023";"*4347";"OK";"-9715,00";"AMD";"-1877,66";"RUB";"";"Рестораны";"5811";"Яндекс Еда";"0,00";"0,00";"-1877,66"
"05.01.2023 18:11:45";"05.01.2023";"*1405";"OK";"-199,00";"RUB";"-199,00";"RUB";"";"Другое";"";"Подписка Pro";"0,00";"0,00";"-199,00"
"05.01.2023 13:44:28";"06.01.2023";"*4347";"OK";"-100000,00";"AMD";"-18942,00";"RUB";"";"Наличные";"6011";"Снятие в банкомате ATM 23 Rubinyants 15/5";"0,00";"0,00";"-18942,00"
"05.01.2023 13:38:50";"05.01.2023";"*1405";"OK";"60000,00";"RUB";"60000,00";"RUB";"";"Пополнения";"";"Перевод собственных средств на счет. НДС не облагается.";"0,00";"0,00";"60000,00"
"04.01.2023 19:36:14";"04.01.2023";"*4347";"OK";"-478,96";"RUB";"-478,96";"RUB";"";"Супермаркеты";"5300";"WILDBERRIES";"0,00";"0,00";"-478,96"
"04.01.2023 15:07:08";"04.01.2023";"*4347";"OK";"-991,88";"RUB";"-991,88";"RUB";"";"Супермаркеты";"5300";"WILDBERRIES";"0,00";"0,00";"-991,88"
"02.01.2023 23:38:10";"03.01.2023";"*4347";"OK";"-688,06";"RUB";"-688,06";"RUB";"";"Супермаркеты";"5300";"WILDBERRIES";"0,00";"0,00";"-688,06"
"31.12.2022 13:34:47";"31.12.2022";"*4347";"OK";"-9355,00";"AMD";"-1808,08";"RUB";"";"Рестораны";"5811";"Яндекс Еда";"0,00";"0,00";"-1808,08"
"30.12.2022 22:45:12";"30.12.2022";"";"OK";"94,16";"RUB";"94,16";"RUB";"";"Бонусы";"";"Проценты на остаток";"0,00";"0,00";"94,16"
"30.12.2022 13:29:01";"30.12.2022";"*4347";"OK";"-28579,00";"AMD";"-5654,73";"RUB";"";"Рестораны";"5811";"Яндекс Еда";"0,00";"0,00";"-5654,73"
"30.12.2022 13:07:56";"30.12.2022";"*4347";"OK";"-8491,00";"AMD";"-1680,06";"RUB";"";"Рестораны";"5811";"Яндекс Еда";"0,00";"0,00";"-1680,06"
"28.12.2022 12:25:41";"28.12.2022";"*4347";"OK";"-240,00";"AMD";"-46,13";"RUB";"";"Такси";"4121";"Яндекс Такси";"0,00";"0,00";"-46,13"
"28.12.2022 12:13:30";"28.12.2022";"*4347";"OK";"-1500,00";"AMD";"-288,30";"RUB";"";"Такси";"4121";"Яндекс Такси";"0,00";"0,00";"-288,30"
"28.12.2022 12:02:17";"28.12.2022";"*4347";"OK";"-6910,00";"AMD";"-1328,08";"RUB";"";"Рестораны";"5811";"Яндекс Еда";"0,00";"0,00";"-1328,08"
"28.12.2022 09:32:00";"28.12.2022";"*4347";"OK";"-1400,00";"AMD";"-269,08";"RUB";"";"Такси";"4121";"Яндекс Такси";"0,00";"0,00";"-269,08"
"28.12.2022 01:41:25";"28.12.2022";"*1405";"OK";"9900,00";"RUB";"9900,00";"RUB";"";"Пополнения";"";"Перевод собственных средств на счет. НДС не облагается.";"0,00";"0,00";"9900,00"
"24.12.2022 16:59:18";"24.12.2022";"*4347";"OK";"-1400,00";"AMD";"-264,05";"RUB";"";"Такси";"4121";"Яндекс Такси";"0,00";"0,00";"-264,05"
"24.12.2022 11:22:43";"24.12.2022";"*4347";"OK";"-15280,00";"AMD";"-2881,93";"RUB";"";"Рестораны";"5811";"Яндекс Еда";"0,00";"0,00";"-2881,93"
"22.12.2022 22:57:07";"23.12.2022";"*4347";"OK";"-2110,56";"RUB";"-2110,56";"RUB";"";"Супермаркеты";"5300";"WILDBERRIES";"0,00";"0,00";"-2110,56"
"22.12.2022 18:09:17";"22.12.2022";"*4347";"OK";"-20209,00";"AMD";"-3912,68";"RUB";"";"Рестораны";"5811";"Яндекс Еда";"0,00";"0,00";"-3912,68"
"22.12.2022 18:08:10";"22.12.2022";"*1405";"OK";"10000,00";"RUB";"10000,00";"RUB";"";"Пополнения";"";"Перевод собственных средств на счет. НДС не облагается.";"0,00";"0,00";"10000,00"
"22.12.2022 14:35:51";"22.12.2022";"*1405";"OK";"-4000,00";"RUB";"-4000,00";"RUB";"";"Переводы";"";"Алексей Н.";"0,00";"0,00";"-4000,00"
"21.12.2022 15:50:00";"21.12.2022";"*4347";"OK";"-6398,50";"AMD";"-1212,99";"RUB";"";"Рестораны";"5811";"Яндекс Еда";"0,00";"0,00";"-1212,99"
"21.12.2022 14:04:42";"21.12.2022";"*4347";"OK";"-1400,00";"AMD";"-265,40";"RUB";"";"Такси";"4121";"Яндекс Такси";"0,00";"0,00";"-265,40"
"21.12.2022 13:09:23";"21.12.2022";"*4347";"OK";"-250,00";"AMD";"-47,39";"RUB";"";"Такси";"4121";"Яндекс Такси";"0,00";"0,00";"-47,39"
"21.12.2022 12:50:39";"21.12.2022";"*4347";"OK";"-1600,00";"AMD";"-303,32";"RUB";"";"Такси";"4121";"Яндекс Такси";"0,00";"0,00";"-303,32"
"20.12.2022 17:20:51";"20.12.2022";"*4347";"OK";"-4157,98";"RUB";"-4157,98";"RUB";"";"Супермаркеты";"5300";"WILDBERRIES";"0,00";"0,00";"-4157,98"
"18.12.2022 15:46:53";"18.12.2022";"*4347";"OK";"-700,00";"AMD";"-124,00";"RUB";"";"Такси";"4121";"Яндекс Такси";"0,00";"0,00";"-124,00"
"18.12.2022 13:58:10";"19.12.2022";"*4347";"OK";"-100000,00";"AMD";"-17360,00";"RUB";"";"Наличные";"6011";"Снятие в банкомате ATM 185 Adonts 1 Adont";"0,00";"0,00";"-17360,00"
"16.12.2022 10:53:35";"16.12.2022";"*4347";"OK";"-3376,00";"AMD";"-595,52";"RUB";"";"Рестораны";"5811";"Яндекс Еда";"0,00";"0,00";"-595,52"
"16.12.2022 10:50:32";"16.12.2022";"*4347";"OK";"-7840,00";"AMD";"-1382,96";"RUB";"";"Рестораны";"5811";"Яндекс Еда";"0,00";"0,00";"-1382,96"
"16.12.2022 10:47:10";"16.12.2022";"*4347";"OK";"-12490,00";"AMD";"-2203,21";"RUB";"";"Рестораны";"5811";"Яндекс Еда";"0,00";"0,00";"-2203,21"
"15.12.2022 14:44:09";"15.12.2022";"*1405";"OK";"-4000,00";"RUB";"-4000,00";"RUB";"";"Переводы";"";"Алексей Н.";"0,00";"0,00";"-4000,00"
"14.12.2022 21:15:17";"14.12.2022";"*4347";"OK";"24000,00";"RUB";"24000,00";"RUB";"";"Пополнения";"6536";"Пополнение NABEREGNAYA 69B SIMFEROPOL RUS";"0,00";"0,00";"24000,00"
"14.12.2022 11:42:33";"14.12.2022";"*1405";"OK";"-19500,00";"RUB";"-19500,00";"RUB";"";"Переводы";"";"Юлия К.";"0,00";"0,00";"-19500,00"
"14.12.2022 11:13:13";"14.12.2022";"*4347";"OK";"-1400,00";"AMD";"-242,30";"RUB";"";"Такси";"4121";"Яндекс Такси";"0,00";"0,00";"-242,30"
"14.12.2022 11:08:28";"14.12.2022";"*1405";"OK";"20000,00";"RUB";"20000,00";"RUB";"";"Пополнения";"";"Перевод собственных средств на счет. НДС не облагается.";"0,00";"0,00";"20000,00"
"14.12.2022 09:33:41";"14.12.2022";"*4347";"OK";"-1400,00";"AMD";"-242,30";"RUB";"";"Такси";"4121";"Яндекс Такси";"0,00";"0,00";"-242,30"
"13.12.2022 11:10:54";"13.12.2022";"*4347";"OK";"-800,00";"AMD";"-137,32";"RUB";"";"Такси";"4121";"Яндекс Такси";"0,00";"0,00";"-137,32"
"13.12.2022 10:21:34";"13.12.2022";"*4347";"OK";"-110,00";"AMD";"-18,88";"RUB";"";"Такси";"4121";"Яндекс Такси";"0,00";"0,00";"-18,88"
"13.12.2022 10:17:43";"13.12.2022";"*4347";"OK";"-700,00";"AMD";"-120,15";"RUB";"";"Такси";"4121";"Яндекс Такси";"0,00";"0,00";"-120,15"
"12.12.2022 09:54:51";"12.12.2022";"*4347";"OK";"-700,00";"AMD";"-119,47";"RUB";"";"Такси";"4121";"Яндекс Такси";"0,00";"0,00";"-119,47"
"11.12.2022 02:59:06";"11.12.2022";"*4347";"OK";"-3959,14";"RUB";"-3959,14";"RUB";"";"Ж/д билеты";"4112";"Яндекс Расписания";"0,00";"0,00";"-3959,14"
"11.12.2022 02:50:34";"11.12.2022";"*4347";"OK";"-79853,00";"RUB";"-79853,00";"RUB";"";"Турагентства";"4722";"City Travel";"0,00";"0,00";"-79853,00"
"11.12.2022 02:46:58";"11.12.2022";"*1405";"OK";"96642,00";"RUB";"96642,00";"RUB";"";"Переводы";"";"Екатерина И.";"0,00";"0,00";"96642,00"
"10.12.2022 13:39:44";"10.12.2022";"*4347";"OK";"-1100,00";"AMD";"-187,75";"RUB";"";"Такси";"4121";"Яндекс Такси";"0,00";"0,00";"-187,75"
"10.12.2022 12:05:02";"10.12.2022";"*4347";"OK";"-900,00";"AMD";"-153,61";"RUB";"";"Такси";"4121";"Яндекс Такси";"0,00";"0,00";"-153,61"
"09.12.2022 13:21:56";"09.12.2022";"*4347";"OK";"2566,66";"AMD";"441,46";"RUB";"";"Рестораны";"5811";"Яндекс Еда";"0,00";"0,00";"441,46"
"09.12.2022 12:59:43";"09.12.2022";"*4347";"OK";"-900,00";"AMD";"-154,14";"RUB";"";"Такси";"4121";"Яндекс Такси";"0,00";"0,00";"-154,14"
"09.12.2022 12:27:38";"09.12.2022";"*4347";"OK";"-800,00";"AMD";"-137,01";"RUB";"";"Такси";"4121";"Яндекс Такси";"0,00";"0,00";"-137,01"
"08.12.2022 13:56:33";"08.12.2022";"*4347";"OK";"-8000,00";"AMD";"-1375,99";"RUB";"";"Рестораны";"5811";"Яндекс Еда";"0,00";"0,00";"-1375,99"
"07.12.2022 14:35:43";"07.12.2022";"*4347";"OK";"-7350,00";"AMD";"-1264,19";"RUB";"";"Рестораны";"5811";"Яндекс Еда";"0,00";"0,00";"-1264,19"
"06.12.2022 20:48:24";"06.12.2022";"*4347";"OK";"-3384,82";"RUB";"-3384,82";"RUB";"";"Супермаркеты";"5300";"WILDBERRIES";"0,00";"0,00";"-3384,82"
"05.12.2022 18:11:46";"05.12.2022";"*1405";"OK";"-199,00";"RUB";"-199,00";"RUB";"";"Другое";"";"Подписка Pro";"0,00";"0,00";"-199,00"
"05.12.2022 15:34:32";"06.12.2022";"*4347";"OK";"-100000,00";"AMD";"-16568,00";"RUB";"";"Наличные";"6011";"Снятие в банкомате ATM 185 Adonts 1 Adont";"0,00";"0,00";"-16568,00"
"05.12.2022 14:34:58";"05.12.2022";"*4347";"OK";"-800,00";"AMD";"-135,25";"RUB";"";"Такси";"4121";"Яндекс Такси";"0,00";"0,00";"-135,25"
"05.12.2022 13:25:24";"05.12.2022";"*4347";"OK";"-1500,00";"AMD";"-253,59";"RUB";"";"Такси";"4121";"Яндекс Такси";"0,00";"0,00";"-253,59"
"05.12.2022 11:44:24";"05.12.2022";"*4347";"OK";"-1300,00";"AMD";"-219,78";"RUB";"";"Такси";"4121";"Яндекс Такси";"0,00";"0,00";"-219,78"
"04.12.2022 02:53:22";"04.12.2022";"*4347";"OK";"-1555,31";"RUB";"-1555,31";"RUB";"";"Супермаркеты";"5300";"WILDBERRIES";"0,00";"0,00";"-1555,31"
"03.12.2022 15:48:56";"03.12.2022";"*4347";"OK";"-700,00";"AMD";"-118,34";"RUB";"";"Такси";"4121";"Яндекс Такси";"0,00";"0,00";"-118,34"
"03.12.2022 13:17:15";"03.12.2022";"*4347";"OK";"-1200,00";"AMD";"-202,87";"RUB";"";"Такси";"4121";"Яндекс Такси";"0,00";"0,00";"-202,87"
"02.12.2022 16:04:18";"02.12.2022";"*4347";"OK";"-12500,00";"AMD";"-2091,35";"RUB";"";"Рестораны";"5811";"Яндекс Еда";"0,00";"0,00";"-2091,35"
"02.12.2022 13:09:34";"03.12.2022";"*4347";"OK";"-150000,00";"AMD";"-24592,50";"RUB";"";"Наличные";"6011";"Снятие в банкомате ATM 185 Adonts 1 Adont";"0,00";"0,00";"-24592,50"
"02.12.2022 12:04:01";"02.12.2022";"*4347";"OK";"-900,00";"AMD";"-150,58";"RUB";"";"Такси";"4121";"Яндекс Такси";"0,00";"0,00";"-150,58"
"02.12.2022 11:50:59";"02.12.2022";"*1405";"OK";"50000,00";"RUB";"50000,00";"RUB";"";"Пополнения";"";"Перевод собственных средств на счет. НДС не облагается.";"0,00";"0,00";"50000,00"
"30.11.2022 22:43:09";"30.11.2022";"";"OK";"79,64";"RUB";"79,64";"RUB";"";"Бонусы";"";"Проценты на остаток";"0,00";"0,00";"79,64"
"30.11.2022 12:16:22";"30.11.2022";"*4347";"OK";"-700,00";"AMD";"-117,02";"RUB";"";"Такси";"4121";"Яндекс Такси";"0,00";"0,00";"-117,02"
"30.11.2022 10:57:51";"30.11.2022";"*4347";"OK";"-1000,00";"AMD";"-167,17";"RUB";"";"Такси";"4121";"Яндекс Такси";"0,00";"0,00";"-167,17"
"30.11.2022 10:32:24";"30.11.2022";"*4347";"OK";"-900,00";"AMD";"-150,45";"RUB";"";"Такси";"4121";"Яндекс Такси";"0,00";"0,00";"-150,45"
"27.11.2022 12:11:32";"27.11.2022";"*4347";"OK";"-8400,00";"AMD";"-1390,96";"RUB";"";"Рестораны";"5811";"Яндекс Еда";"0,00";"0,00";"-1390,96"
"27.11.2022 11:53:15";"27.11.2022";"*4347";"OK";"-19800,00";"AMD";"-3278,69";"RUB";"";"Рестораны";"5811";"Яндекс Еда";"0,00";"0,00";"-3278,69"
"26.11.2022 16:39:15";"26.11.2022";"*4347";"OK";"-800,00";"AMD";"-132,47";"RUB";"";"Такси";"4121";"Яндекс Такси";"0,00";"0,00";"-132,47"
"26.11.2022 15:15:57";"26.11.2022";"*4347";"OK";"-500,00";"AMD";"-82,80";"RUB";"";"Такси";"4121";"Яндекс Такси";"0,00";"0,00";"-82,80"
"25.11.2022 01:02:31";"25.11.2022";"*1405";"OK";"-1000,00";"RUB";"-1000,00";"RUB";"";"Переводы";"";"Борис Б.";"0,00";"0,00";"-1000,00"
"24.11.2022 21:57:27";"25.11.2022";"*4347";"OK";"-19850,00";"AMD";"-3289,15";"RUB";"";"Различные товары";"5399";"WILDBERRIES";"0,00";"0,00";"-3289,15"
"24.11.2022 14:30:21";"24.11.2022";"*1405";"OK";"-4000,00";"RUB";"-4000,00";"RUB";"";"Переводы";"";"Алексей Н.";"0,00";"0,00";"-4000,00"
"24.11.2022 14:30:00";"";"*1405";"FAILED";"-4000,00";"RUB";"-4000,00";"RUB";"";"Переводы";"";"Алексей Н.";"0,00";"0,00";"-4000,00"
"22.11.2022 12:48:58";"22.11.2022";"*4347";"OK";"-8400,00";"AMD";"-1396,51";"RUB";"";"Рестораны";"5811";"Яндекс Еда";"0,00";"0,00";"-1396,51"
"21.11.2022 20:54:02";"22.11.2022";"*4347";"OK";"-100000,00";"AMD";"-16194,00";"RUB";"";"Наличные";"6011";"Снятие в банкомате 1 Adonts";"0,00";"0,00";"-16194,00"
"21.11.2022 20:33:28";"21.11.2022";"*1405";"OK";"20000,00";"RUB";"20000,00";"RUB";"";"Пополнения";"";"Перевод собственных средств на счет. НДС не облагается.";"0,00";"0,00";"20000,00"
"21.11.2022 17:26:42";"21.11.2022";"*1405";"OK";"-1200,00";"RUB";"-1200,00";"RUB";"";"Переводы";"6012";"Перевод на карту";"0,00";"0,00";"-1200,00"
"21.11.2022 13:25:08";"21.11.2022";"*1405";"OK";"-10000,00";"RUB";"-10000,00";"RUB";"";"Переводы";"";"Юлия К.";"0,00";"0,00";"-10000,00"
"17.11.2022 14:30:21";"17.11.2022";"*1405";"OK";"-4000,00";"RUB";"-4000,00";"RUB";"";"Переводы";"";"Алексей Н.";"0,00";"0,00";"-4000,00"
"16.11.2022 21:05:38";"16.11.2022";"*4347";"OK";"-1780,00";"AMD";"-293,34";"RUB";"";"Различные товары";"5399";"WILDBERRIES";"0,00";"0,00";"-293,34"
"15.11.2022 13:42:44";"15.11.2022";"*1405";"OK";"-19500,00";"RUB";"-19500,00";"RUB";"";"Переводы";"";"Юлия К.";"0,00";"0,00";"-19500,00"
"15.11.2022 13:40:47";"15.11.2022";"*1405";"OK";"50000,00";"RUB";"50000,00";"RUB";"";"Пополнения";"";"Перевод собственных средств на счет. НДС не облагается.";"0,00";"0,00";"50000,00"
"15.11.2022 01:01:05";"15.11.2022";"*4347";"OK";"-16660,00";"AMD";"-2739,23";"RUB";"";"Различные товары";"5399";"WILDBERRIES";"0,00";"0,00";"-2739,23"
"14.11.2022 20:18:44";"14.11.2022";"*4347";"OK";"-12750,00";"AMD";"-2096,35";"RUB";"";"Рестораны";"5811";"Яндекс Еда";"0,00";"0,00";"-2096,35"
"14.11.2022 12:55:46";"14.11.2022";"*4347";"OK";"-2400,00";"AMD";"-394,61";"RUB";"";"Такси";"4121";"Яндекс Такси";"0,00";"0,00";"-394,61"
"14.11.2022 11:15:32";"14.11.2022";"*4347";"OK";"-2300,00";"AMD";"-378,17";"RUB";"";"Такси";"4121";"Яндекс Такси";"0,00";"0,00";"-378,17"
"13.11.2022 11:15:43";"13.11.2022";"*1405";"OK";"8000,00";"RUB";"8000,00";"RUB";"";"Переводы";"";"Между своими счетами";"0,00";"0,00";"8000,00"
"11.11.2022 11:04:12";"11.11.2022";"*4347";"OK";"-16500,00";"AMD";"-2764,75";"RUB";"";"Рестораны";"5811";"Яндекс Еда";"0,00";"0,00";"-2764,75"
"11.11.2022 10:47:02";"11.11.2022";"*4347";"OK";"-17500,00";"AMD";"-2932,31";"RUB";"";"Рестораны";"5811";"Яндекс Еда";"0,00";"0,00";"-2932,31"
"10.11.2022 14:47:51";"10.11.2022";"*1405";"OK";"-4000,00";"RUB";"-4000,00";"RUB";"";"Переводы";"";"Алексей Н.";"0,00";"0,00";"-4000,00"
"09.11.2022 23:18:37";"10.11.2022";"*4347";"OK";"-2840,00";"AMD";"-472,70";"RUB";"";"Различные товары";"5399";"WILDBERRIES";"0,00";"0,00";"-472,70"
"09.11.2022 11:24:47";"09.11.2022";"*4347";"OK";"-20300,00";"AMD";"-3378,83";"RUB";"";"Рестораны";"5811";"Яндекс Еда";"0,00";"0,00";"-3378,83"
"09.11.2022 08:56:58";"09.11.2022";"*4347";"OK";"-1200,00";"AMD";"-200,74";"RUB";"";"Такси";"4121";"Яндекс Такси";"0,00";"0,00";"-200,74"
"09.11.2022 08:36:18";"09.11.2022";"*4347";"OK";"-140,00";"AMD";"-23,42";"RUB";"";"Такси";"4121";"Яндекс Такси";"0,00";"0,00";"-23,42"
"09.11.2022 08:29:06";"09.11.2022";"*4347";"OK";"-900,00";"AMD";"-150,55";"RUB";"";"Такси";"4121";"Яндекс Такси";"0,00";"0,00";"-150,55"
"08.11.2022 19:48:03";"09.11.2022";"*4347";"OK";"-90000,00";"AMD";"-14753,70";"RUB";"";"Наличные";"6011";"Снятие в банкомате ATM 185 Adonts 1 Adont";"0,00";"0,00";"-14753,70"
"08.11.2022 19:21:39";"08.11.2022";"*1405";"OK";"25000,00";"RUB";"25000,00";"RUB";"";"Пополнения";"";"Перевод собственных средств на счет. НДС не облагается.";"0,00";"0,00";"25000,00"
"08.11.2022 11:38:23";"08.11.2022";"*4347";"OK";"-2200,00";"AMD";"-368,02";"RUB";"";"Такси";"4121";"Яндекс Такси";"0,00";"0,00";"-368,02"
"08.11.2022 09:35:33";"08.11.2022";"*4347";"OK";"-2100,00";"AMD";"-351,29";"RUB";"";"Такси";"4121";"Яндекс Такси";"0,00";"0,00";"-351,29"
"06.11.2022 14:14:46";"06.11.2022";"*4347";"OK";"-1600,00";"AMD";"-271,79";"RUB";"";"Такси";"4121";"Яндекс Такси";"0,00";"0,00";"-271,79"
"05.11.2022 18:11:40";"05.11.2022";"*1405";"OK";"-199,00";"RUB";"-199,00";"RUB";"";"Другое";"";"Подписка Pro";"0,00";"0,00";"-199,00"
"04.11.2022 13:32:42";"04.11.2022";"*4347";"OK";"-1700,00";"AMD";"-288,77";"RUB";"";"Такси";"4121";"Яндекс Такси";"0,00";"0,00";"-288,77"
"04.11.2022 13:27:56";"04.11.2022";"*4347";"OK";"-16500,00";"AMD";"-2802,79";"RUB";"";"Рестораны";"5811";"Яндекс Еда";"0,00";"0,00";"-2802,79"
"03.11.2022 14:36:38";"03.11.2022";"*1405";"OK";"-4000,00";"RUB";"-4000,00";"RUB";"";"Переводы";"";"Алексей Н.";"0,00";"0,00";"-4000,00"
"02.11.2022 18:47:28";"02.11.2022";"*4347";"OK";"-10570,00";"AMD";"-1777,07";"RUB";"";"Различные товары";"5399";"WILDBERRIES";"0,00";"0,00";"-1777,07"
"02.11.2022 00:21:59";"02.11.2022";"*1405";"OK";"15000,00";"RUB";"15000,00";"RUB";"";"Пополнения";"";"Перевод собственных средств на счет. НДС не облагается.";"0,00";"0,00";"15000,00"
"01.11.2022 14:01:43";"01.11.2022";"*4347";"OK";"-1100,00";"AMD";"-185,43";"RUB";"";"Такси";"4121";"Яндекс Такси";"0,00";"0,00";"-185,43"
"01.11.2022 13:20:20";"01.11.2022";"*4347";"OK";"-160,00";"AMD";"-26,97";"RUB";"";"Такси";"4121";"Яндекс Такси";"0,00";"0,00";"-26,97"
"01.11.2022 13:04:49";"01.11.2022";"*4347";"OK";"-1000,00";"AMD";"-168,58";"RUB";"";"Такси";"4121";"Яндекс Такси";"0,00";"0,00";"-168,58"
"01.11.2022 12:38:30";"01.11.2022";"*4347";"OK";"-6360,00";"AMD";"-1072,15";"RUB";"";"Различные товары";"5399";"WILDBERRIES";"0,00";"0,00";"-1072,15"
"31.10.2022 10:21:17";"31.10.2022";"*4347";"OK";"-900,00";"AMD";"-151,44";"RUB";"";"Такси";"4121";"Яндекс Такси";"0,00";"0,00";"-151,44"
"31.10.2022 09:31:47";"31.10.2022";"*4347";"OK";"-900,00";"AMD";"-151,44";"RUB";"";"Такси";"4121";"Яндекс Такси";"0,00";"0,00";"-151,44"
"30.10.2022 22:33:15";"30.10.2022";"";"OK";"47,64";"RUB";"47,64";"RUB";"";"Бонусы";"";"Проценты на остаток";"0,00";"0,00";"47,64"
"28.10.2022 20:43:27";"28.10.2022";"*4347";"OK";"-870,00";"AMD";"-145,56";"RUB";"";"Различные товары";"5399";"WILDBERRIES";"0,00";"0,00";"-145,56"
"28.10.2022 11:58:48";"28.10.2022";"*4347";"OK";"-25600,00";"AMD";"-4283,09";"RUB";"";"Рестораны";"5811";"Яндекс Еда";"0,00";"0,00";"-4283,09"
"28.10.2022 09:01:43";"28.10.2022";"*4347";"OK";"-900,00";"AMD";"-149,70";"RUB";"";"Такси";"4121";"Яндекс Такси";"0,00";"0,00";"-149,70"
"27.10.2022 14:39:43";"27.10.2022";"*1405";"OK";"-4000,00";"RUB";"-4000,00";"RUB";"";"Переводы";"";"Алексей Н.";"0,00";"0,00";"-4000,00"
"26.10.2022 18:58:22";"26.10.2022";"*4347";"OK";"-2130,00";"AMD";"-352,42";"RUB";"";"Аптеки";"5912";"www.med911.am";"0,00";"0,00";"-352,42"
"25.10.2022 13:03:52";"25.10.2022";"*4347";"OK";"-1300,00";"AMD";"-213,75";"RUB";"";"Такси";"4121";"Яндекс Такси";"0,00";"0,00";"-213,75"
"25.10.2022 10:29:11";"25.10.2022";"*4347";"OK";"-1200,00";"AMD";"-197,30";"RUB";"";"Такси";"4121";"Яндекс Такси";"0,00";"0,00";"-197,30"
"23.10.2022 15:10:39";"23.10.2022";"*4347";"OK";"16500,00";"AMD";"2355,21";"RUB";"";"Рестораны";"5811";"Яндекс Еда";"0,00";"0,00";"2355,21"
"22.10.2022 11:26:06";"22.10.2022";"*4347";"OK";"-16500,00";"AMD";"-2710,25";"RUB";"";"Рестораны";"5811";"Яндекс Еда";"0,00";"0,00";"-2710,25"
"22.10.2022 11:16:21";"22.10.2022";"*1405";"OK";"10000,00";"RUB";"10000,00";"RUB";"";"Пополнения";"";"Перевод собственных средств на счет. НДС не облагается.";"0,00";"0,00";"10000,00"
"21.10.2022 16:32:15";"21.10.2022";"*4347";"OK";"100,00";"AMD";"16,52";"RUB";"";"Такси";"4121";"Яндекс Такси";"0,00";"0,00";"16,52"
"19.10.2022 12:24:07";"19.10.2022";"*4347";"OK";"-900,00";"AMD";"-148,69";"RUB";"";"Такси";"4121";"Яндекс Такси";"0,00";"0,00";"-148,69"
"18.10.2022 16:05:28";"18.10.2022";"*1405";"OK";"-1500,00";"RUB";"-1500,00";"RUB";"";"Мобильная связь";"";"МТС +7 915 439-92-54";"0,00";"0,00";"-1500,00"
"18.10.2022 12:07:18";"18.10.2022";"*4347";"OK";"-20000,00";"AMD";"-3305,79";"RUB";"";"Рестораны";"5811";"Яндекс Еда";"0,00";"0,00";"-3305,79"
"15.10.2022 15:42:36";"15.10.2022";"*4347";"OK";"-6580,00";"AMD";"-1110,92";"RUB";"";"Различные товары";"5399";"WILDBERRIES";"0,00";"0,00";"-1110,92"
"14.10.2022 19:45:37";"14.10.2022";"*4347";"OK";"-800,00";"AMD";"-136,01";"RUB";"";"Такси";"4121";"Яндекс Такси";"0,00";"0,00";"-136,01"
"12.10.2022 19:21:59";"13.10.2022";"*4347";"OK";"-6425,26";"RUB";"-6425,26";"RUB";"";"Цифровые товары";"5816";"FunPay";"0,00";"0,00";"-6425,26"
"12.10.2022 16:41:15";"12.10.2022";"*4347";"OK";"-15500,00";"AMD";"-2642,80";"RUB";"";"Рестораны";"5811";"Яндекс Еда";"0,00";"0,00";"-2642,80"
"11.10.2022 15:57:12";"11.10.2022";"*1405";"OK";"-22000,00";"RUB";"-22000,00";"RUB";"";"Переводы";"";"Юлия К.";"0,00";"0,00";"-22000,00"
"11.10.2022 15:56:18";"11.10.2022";"*1405";"OK";"-5000,00";"RUB";"-5000,00";"RUB";"";"Переводы";"";"Между своими счетами";"0,00";"0,00";"-5000,00"
"11.10.2022 13:50:53";"11.10.2022";"*1405";"OK";"35000,00";"RUB";"35000,00";"RUB";"";"Пополнения";"";"Перевод собственных средств на счет. НДС не облагается.";"0,00";"0,00";"35000,00"
"09.10.2022 00:23:50";"09.10.2022";"*4347";"OK";"-1302,49";"RUB";"-1302,49";"RUB";"";"Цифровые товары";"5816";"Легенда";"0,00";"0,00";"-1302,49"
"08.10.2022 15:49:51";"08.10.2022";"*4347";"OK";"1080,00";"AMD";"150,87";"RUB";"";"Рестораны";"5811";"Яндекс Еда";"0,00";"0,00";"150,87"
"07.10.2022 11:38:55";"07.10.2022";"*4347";"OK";"-11970,00";"AMD";"-1924,13";"RUB";"";"Рестораны";"5811";"Яндекс Еда";"0,00";"0,00";"-1924,13"
"05.10.2022 18:11:42";"05.10.2022";"*1405";"OK";"-199,00";"RUB";"-199,00";"RUB";"";"Другое";"";"Подписка Pro";"0,00";"0,00";"-199,00"
"02.10.2022 18:57:31";"02.10.2022";"*1405";"OK";"-1200,00";"AMD";"-176,94";"RUB";"";"Такси";"4121";"Яндекс Такси";"0,00";"0,00";"-176,94"
"02.10.2022 17:06:16";"02.10.2022";"*1405";"OK";"-1100,00";"AMD";"-162,19";"RUB";"";"Такси";"4121";"Яндекс Такси";"0,00";"0,00";"-162,19"
"02.10.2022 16:59:37";"02.10.2022";"*1405";"OK";"-170,00";"AMD";"-25,07";"RUB";"";"Такси";"4121";"Яндекс Такси";"0,00";"0,00";"-25,07"
"02.10.2022 16:48:43";"02.10.2022";"*1405";"OK";"-1100,00";"AMD";"-162,19";"RUB";"";"Такси";"4121";"Яндекс Такси";"0,00";"0,00";"-162,19"
"02.10.2022 16:18:20";"02.10.2022";"*1405";"OK";"-1300,00";"AMD";"-191,68";"RUB";"";"Такси";"4121";"Яндекс Такси";"0,00";"0,00";"-191,68"
"01.10.2022 22:16:47";"02.10.2022";"*4347";"OK";"-9240,00";"AMD";"-1362,43";"RUB";"";"Различные товары";"5399";"WILDBERRIES";"0,00";"0,00";"-1362,43"
"01.10.2022 20:03:05";"01.10.2022";"*4347";"OK";"-1010,00";"AMD";"-148,92";"RUB";"";"Различные товары";"5399";"WILDBERRIES";"0,00";"0,00";"-148,92"
"30.09.2022 23:30:38";"30.09.2022";"";"OK";"141,88";"RUB";"141,88";"RUB";"";"Бонусы";"";"Проценты на остаток";"0,00";"0,00";"141,88"
"22.09.2022 17:15:38";"22.09.2022";"*1405";"OK";"-1500,00";"AMD";"-236,29";"RUB";"";"Такси";"4121";"Яндекс Такси";"0,00";"0,00";"-236,29"
"15.09.2022 11:23:38";"15.09.2022";"*4347";"OK";"-3975,00";"RUB";"-3975,00";"RUB";"";"Цветы";"5992";"Флаувау";"0,00";"0,00";"-3975,00"
"13.09.2022 14:13:10";"13.09.2022";"*1405";"OK";"-1000,00";"AMD";"-161,26";"RUB";"";"Такси";"4121";"Яндекс Такси";"0,00";"0,00";"-161,26"
"13.09.2022 13:22:58";"13.09.2022";"*1405";"OK";"-2700,00";"AMD";"-435,41";"RUB";"";"Такси";"4121";"Яндекс Такси";"0,00";"0,00";"-435,41"
"13.09.2022 05:38:27";"13.09.2022";"*1405";"OK";"-893,00";"RUB";"-893,00";"RUB";"";"Такси";"4121";"Яндекс Такси";"0,00";"0,00";"-893,00"
"11.09.2022 14:45:41";"11.09.2022";"*4347";"OK";"-1076,58";"RUB";"-1076,58";"RUB";"";"Супермаркеты";"5411";"Перекрёсток";"0,00";"0,00";"-1076,58"
"11.09.2022 14:10:07";"11.09.2022";"*4347";"OK";"-400,00";"RUB";"-400,00";"RUB";"";"Медицина";"8071";"OOO Balestom";"0,00";"0,00";"-400,00"
"10.09.2022 18:22:51";"10.09.2022";"*4347";"OK";"-808,00";"RUB";"-808,00";"RUB";"";"Фастфуд";"5814";"Деливери";"0,00";"0,00";"-808,00"
"10.09.2022 14:29:23";"11.09.2022";"*4347";"OK";"-1404,00";"RUB";"-1404,00";"RUB";"";"Супермаркеты";"5300";"Ozon.ru";"0,00";"0,00";"-1404,00"
"10.09.2022 12:11:57";"10.09.2022";"*1405";"OK";"-2000,00";"RUB";"-2000,00";"RUB";"";"Мобильная связь";"";"МТС Mobile для смартфона 800 +7 915 439-92-54";"0,00";"0,00";"-2000,00"
"09.09.2022 20:14:01";"09.09.2022";"*4347";"OK";"-1564,00";"RUB";"-1564,00";"RUB";"";"Фастфуд";"5814";"Деливери";"0,00";"0,00";"-1564,00"
"08.09.2022 21:27:20";"08.09.2022";"*4347";"OK";"-1499,00";"RUB";"-1499,00";"RUB";"";"Различные товары";"5734";"Telegram";"0,00";"0,00";"-1499,00"
"08.09.2022 12:20:42";"08.09.2022";"*1405";"OK";"-130000,00";"RUB";"-130000,00";"RUB";"";"Переводы";"";"Юридическому лицу";"0,00";"0,00";"-130000,00"
"08.09.2022 12:03:47";"";"*1405";"FAILED";"-130000,00";"RUB";"-130000,00";"RUB";"";"Переводы";"";"ООО ""ЭЙЧ-ЭС-БИ-СИ БАНК (РР)""";"0,00";"0,00";"-130000,00"
"08.09.2022 00:04:36";"08.09.2022";"*4347";"OK";"-1855,59";"RUB";"-1855,59";"RUB";"";"Цифровые товары";"5816";"Plati.ru";"0,00";"0,00";"-1855,59"
"07.09.2022 22:58:00";"08.09.2022";"*1405";"OK";"-752,85";"RUB";"-752,85";"RUB";"";"Супермаркеты";"5411";"Перекрёсток";"0,00";"0,00";"-752,85"
"07.09.2022 12:41:29";"";"*1405";"FAILED";"-2000,00";"RUB";"-2000,00";"RUB";"";"Переводы";"";"Перевод на карту";"0,00";"0,00";"-2000,00"
"07.09.2022 11:00:48";"07.09.2022";"*1405";"OK";"-2500,00";"RUB";"-2500,00";"RUB";"";"Переводы";"";"ООО ""ЭЙЧ-ЭС-БИ-СИ БАНК (РР)""";"0,00";"0,00";"-2500,00"
"07.09.2022 09:31:13";"";"*1405";"FAILED";"-2000,00";"RUB";"-2000,00";"RUB";"";"Переводы";"";"ООО ""ЭЙЧ-ЭС-БИ-СИ БАНК (РР)""";"0,00";"0,00";"-2000,00"
"06.09.2022 18:54:09";"";"*1405";"FAILED";"-4000,00";"RUB";"-4000,00";"RUB";"";"Переводы";"";"ООО ""ЭЙЧ-ЭС-БИ-СИ БАНК (РР)""";"0,00";"0,00";"-4000,00"
"06.09.2022 17:46:02";"06.09.2022";"*1405";"OK";"149999,00";"RUB";"149999,00";"RUB";"";"Переводы";"";"Анжела С.";"0,00";"0,00";"149999,00"
"05.09.2022 18:14:06";"05.09.2022";"*1405";"OK";"-199,00";"RUB";"-199,00";"RUB";"";"Другое";"";"Подписка Pro";"0,00";"0,00";"-199,00"
"04.09.2022 12:49:35";"04.09.2022";"*1405";"OK";"-3500,00";"RUB";"-3500,00";"RUB";"";"Переводы";"";"Надежда К.";"0,00";"0,00";"-3500,00"
"03.09.2022 15:20:49";"03.09.2022";"*1405";"OK";"-3249,00";"RUB";"-3249,00";"RUB";"";"Гаджеты и техника";"5722";"DNS";"0,00";"0,00";"-3249,00"
"02.09.2022 15:22:22";"02.09.2022";"*1405";"OK";"-1019,00";"RUB";"-1019,00";"RUB";"";"Фастфуд";"5814";"Вкусно — и точка";"0,00";"0,00";"-1019,00"
"02.09.2022 14:56:12";"02.09.2022";"*1405";"OK";"-2223,00";"RUB";"-2223,00";"RUB";"";"Такси";"4121";"Яндекс Такси";"0,00";"0,00";"-2223,00"
"02.09.2022 13:47:19";"02.09.2022";"*1405";"OK";"-1534,00";"RUB";"-1534,00";"RUB";"";"Такси";"4121";"Яндекс Такси";"0,00";"0,00";"-1534,00"
"30.08.2022 22:34:00";"30.08.2022";"";"OK";"134,25";"RUB";"134,25";"RUB";"";"Бонусы";"";"Проценты на остаток";"0,00";"0,00";"134,25"
"30.08.2022 13:58:17";"30.08.2022";"*1405";"OK";"-1237,00";"RUB";"-1237,00";"RUB";"";"Фастфуд";"5814";"Буханка";"0,00";"0,00";"-1237,00"
"29.08.2022 17:41:24";"29.08.2022";"*1405";"OK";"-46,50";"RUB";"-46,50";"RUB";"";"Услуги банка";"";"Комиссия за операцию";"0,00";"0,00";"-46,50"
"29.08.2022 17:41:24";"29.08.2022";"*1405";"OK";"-3100,00";"RUB";"-3100,00";"RUB";"";"Переводы";"";"Елена С.";"0,00";"0,00";"-3100,00"
"29.08.2022 12:49:33";"29.08.2022";"*1405";"OK";"-1488,00";"RUB";"-1488,00";"RUB";"";"Такси";"4121";"Яндекс Такси";"0,00";"0,00";"-1488,00"
"29.08.2022 12:30:07";"29.08.2022";"*1405";"OK";"-2550,00";"RUB";"-2550,00";"RUB";"";"Госуслуги";"9399";"Tkbdss604200";"0,00";"0,00";"-2550,00"
"29.08.2022 11:43:46";"29.08.2022";"*1405";"OK";"25000,00";"RUB";"25000,00";"RUB";"";"Пополнения";"";"Перевод собственных средств на счет. НДС не облагается.";"0,00";"0,00";"25000,00"
"29.08.2022 11:24:03";"29.08.2022";"*1405";"OK";"-1164,00";"RUB";"-1164,00";"RUB";"";"Такси";"4121";"Яндекс Такси";"0,00";"0,00";"-1164,00"
"28.08.2022 18:08:56";"28.08.2022";"*1405";"OK";"-6124,80";"RUB";"-6124,80";"RUB";"";"Гаджеты и техника";"5732";"Nix";"0,00";"0,00";"-6124,80"
"28.08.2022 16:06:54";"28.08.2022";"*1405";"OK";"-500,00";"RUB";"-500,00";"RUB";"";"Переводы";"";"Юлия К.";"0,00";"0,00";"-500,00"
"28.08.2022 14:58:08";"28.08.2022";"*1405";"OK";"-1081,00";"RUB";"-1081,00";"RUB";"";"Супермаркеты";"5411";"Яндекс Лавка";"0,00";"0,00";"-1081,00"
"27.08.2022 11:54:56";"27.08.2022";"*1405";"OK";"-508,00";"RUB";"-508,00";"RUB";"";"Такси";"4121";"Яндекс Такси";"0,00";"0,00";"-508,00"
"27.08.2022 11:39:53";"27.08.2022";"*1405";"OK";"-250,00";"RUB";"-250,00";"RUB";"";"Госуслуги";"9399";"Tkbdss264253";"0,00";"0,00";"-250,00"
"27.08.2022 10:49:47";"27.08.2022";"*1405";"OK";"-448,00";"RUB";"-448,00";"RUB";"";"Такси";"4121";"Яндекс Такси";"0,00";"0,00";"-448,00"
"26.08.2022 19:20:12";"26.08.2022";"*1405";"OK";"-1164,54";"RUB";"-1164,54";"RUB";"";"Супермаркеты";"5411";"Перекрёсток";"0,00";"0,00";"-1164,54"
"22.08.2022 19:39:46";"22.08.2022";"*1405";"OK";"-1616,34";"RUB";"-1616,34";"RUB";"";"Супермаркеты";"5411";"Перекрёсток";"0,00";"0,00";"-1616,34"
"22.08.2022 01:53:56";"22.08.2022";"*1405";"OK";"-1000,00";"RUB";"-1000,00";"RUB";"";"Переводы";"";"Валерия П.";"0,00";"0,00";"-1000,00"
"20.08.2022 21:57:19";"21.08.2022";"*1405";"OK";"-1163,70";"RUB";"-1163,70";"RUB";"";"Супермаркеты";"5411";"Перекрёсток";"0,00";"0,00";"-1163,70"
"20.08.2022 20:20:23";"20.08.2022";"*1405";"OK";"-375,00";"RUB";"-375,00";"RUB";"";"Услуги банка";"";"Комиссия за операцию";"0,00";"0,00";"-375,00"
"20.08.2022 20:20:23";"20.08.2022";"*1405";"OK";"-25000,00";"RUB";"-25000,00";"RUB";"";"Переводы";"";"Иван О.";"0,00";"0,00";"-25000,00"
"20.08.2022 12:54:29";"20.08.2022";"*1405";"OK";"-479,45";"RUB";"-479,45";"RUB";"";"Супермаркеты";"5411";"Пятёрочка";"0,00";"0,00";"-479,45"
"19.08.2022 19:49:47";"19.08.2022";"*1405";"OK";"-30,00";"RUB";"-30,00";"RUB";"";"Услуги банка";"";"Комиссия за операцию";"0,00";"0,00";"-30,00"
"19.08.2022 19:49:47";"19.08.2022";"*1405";"OK";"-1500,00";"RUB";"-1500,00";"RUB";"";"Переводы";"";"Анастасия Б.";"0,00";"0,00";"-1500,00"
"19.08.2022 17:45:16";"19.08.2022";"*1405";"OK";"-1273,84";"RUB";"-1273,84";"RUB";"";"Супермаркеты";"5411";"Перекрёсток";"0,00";"0,00";"-1273,84"
"19.08.2022 16:58:01";"19.08.2022";"*1405";"OK";"-5185,00";"RUB";"-5185,00";"RUB";"";"Цифровые товары";"5815";"Робокасса";"0,00";"0,00";"-5185,00"
"19.08.2022 10:59:33";"20.08.2022";"*1405";"OK";"-393,90";"RUB";"-393,90";"RUB";"";"Госуслуги";"9399";"Госуслуги";"0,00";"0,00";"-393,90"
"18.08.2022 16:59:55";"18.08.2022";"*1405";"OK";"5900,00";"RUB";"5900,00";"RUB";"";"Переводы";"";"Дарья Б.";"0,00";"0,00";"5900,00"
"18.08.2022 12:42:21";"18.08.2022";"*1405";"OK";"-1050,85";"RUB";"-1050,85";"RUB";"";"Супермаркеты";"5411";"Перекрёсток";"0,00";"0,00";"-1050,85"
"17.08.2022 14:44:17";"17.08.2022";"*1405";"OK";"-437,45";"RUB";"-437,45";"RUB";"";"Супермаркеты";"5411";"Пятёрочка";"0,00";"0,00";"-437,45"
"17.08.2022 05:41:20";"17.08.2022";"*1405";"OK";"-51,00";"RUB";"-51,00";"RUB";"";"Местный транспорт";"4111";"Московский транспорт";"0,00";"0,00";"-51,00"
"16.08.2022 12:23:05";"16.08.2022";"*1405";"OK";"-600,00";"RUB";"-600,00";"RUB";"";"Мобильная связь";"";"МТС Mobile для смартфона 800 +7 915 439-92-54";"0,00";"0,00";"-600,00"
"15.08.2022 17:20:43";"15.08.2022";"*1405";"OK";"-228,46";"RUB";"-228,46";"RUB";"";"Супермаркеты";"5411";"Пятёрочка";"0,00";"0,00";"-228,46"
"15.08.2022 14:56:57";"15.08.2022";"*1405";"OK";"-3500,00";"RUB";"-3500,00";"RUB";"";"Госуслуги";"9311";"Госуслуги";"0,00";"0,00";"-3500,00"
"15.08.2022 10:51:45";"15.08.2022";"*1405";"OK";"-3750,00";"RUB";"-3750,00";"RUB";"";"Переводы";"";"Юлия К.";"0,00";"0,00";"-3750,00"
"15.08.2022 10:27:08";"15.08.2022";"*1405";"OK";"-9100,00";"RUB";"-9100,00";"RUB";"";"Переводы";"";"Юлия К.";"0,00";"0,00";"-9100,00"
"15.08.2022 10:26:03";"15.08.2022";"*1405";"OK";"-10000,00";"RUB";"-10000,00";"RUB";"";"Переводы";"";"Надежда К.";"0,00";"0,00";"-10000,00"
"15.08.2022 10:24:18";"15.08.2022";"*1405";"OK";"75000,00";"RUB";"75000,00";"RUB";"";"Пополнения";"";"Перевод собственных средств на счет. НДС не облагается.";"0,00";"0,00";"75000,00"
"14.08.2022 13:42:06";"14.08.2022";"*1405";"OK";"-440,44";"RUB";"-440,44";"RUB";"";"Супермаркеты";"5411";"Пятёрочка";"0,00";"0,00";"-440,44"
"13.08.2022 20:40:05";"13.08.2022";"*1405";"OK";"40,23";"USD";"2218,68";"RUB";"";"Переводы";"";"Между своими счетами";"0,00";"0,00";"2218,68"
"11.08.2022 15:54:37";"11.08.2022";"*1405";"OK";"-1199,00";"RUB";"-1199,00";"RUB";"";"Фастфуд";"5814";"Буханка";"0,00";"0,00";"-1199,00"
"10.08.2022 12:27:07";"10.08.2022";"*1405";"OK";"-345,00";"RUB";"-345,00";"RUB";"";"Супермаркеты";"5411";"IP Hasanov A M";"0,00";"0,00";"-345,00"
"10.08.2022 12:20:14";"10.08.2022";"*1405";"OK";"-410,46";"RUB";"-410,46";"RUB";"";"Супермаркеты";"5411";"Пятёрочка";"0,00";"0,00";"-410,46"
"09.08.2022 14:16:54";"09.08.2022";"*1405";"OK";"-776,43";"RUB";"-776,43";"RUB";"";"Супермаркеты";"5411";"Пятёрочка";"0,00";"0,00";"-776,43"
"09.08.2022 12:09:53";"09.08.2022";"*1405";"OK";"-5000,00";"RUB";"-5000,00";"RUB";"";"Переводы";"";"Надежда К.";"0,00";"0,00";"-5000,00"
"08.08.2022 13:38:57";"08.08.2022";"*1405";"OK";"-285,00";"RUB";"-285,00";"RUB";"";"Супермаркеты";"5411";"IP Hasanov A M";"0,00";"0,00";"-285,00"
"07.08.2022 16:21:24";"07.08.2022";"*1405";"OK";"-381,00";"RUB";"-381,00";"RUB";"";"Фастфуд";"5814";"Буханка";"0,00";"0,00";"-381,00"
"07.08.2022 15:51:02";"07.08.2022";"*1405";"OK";"-125,00";"RUB";"-125,00";"RUB";"";"Фастфуд";"5814";"Буханка";"0,00";"0,00";"-125,00"
"06.08.2022 15:27:13";"06.08.2022";"*1405";"OK";"-1906,00";"RUB";"-1906,00";"RUB";"";"Фастфуд";"5814";"Буханка";"0,00";"0,00";"-1906,00"
"06.08.2022 15:14:29";"07.08.2022";"*1405";"OK";"-750,00";"RUB";"-750,00";"RUB";"";"Медицина";"8011";"Intel Med";"0,00";"0,00";"-750,00"
"05.08.2022 18:13:54";"05.08.2022";"*1405";"OK";"-199,00";"RUB";"-199,00";"RUB";"";"Другое";"";"Подписка Pro";"0,00";"0,00";"-199,00"
"05.08.2022 14:26:22";"05.08.2022";"*1405";"OK";"-326,00";"RUB";"-326,00";"RUB";"";"Такси";"4121";"Яндекс Такси";"0,00";"0,00";"-326,00"
"05.08.2022 13:06:57";"05.08.2022";"*1405";"OK";"-280,00";"RUB";"-280,00";"RUB";"";"Такси";"4121";"Яндекс Такси";"0,00";"0,00";"-280,00"
"05.08.2022 11:36:05";"05.08.2022";"*1405";"OK";"-480,00";"RUB";"-480,00";"RUB";"";"Такси";"4121";"Яндекс Такси";"0,00";"0,00";"-480,00"
"04.08.2022 13:07:19";"05.08.2022";"*1405";"OK";"-446,00";"RUB";"-446,00";"RUB";"";"Такси";"4121";"Яндекс Такси";"0,00";"0,00";"-446,00"
"04.08.2022 12:49:23";"05.08.2022";"*1405";"OK";"-100,00";"RUB";"-100,00";"RUB";"";"Такси";"4121";"Яндекс Такси";"0,00";"0,00";"-100,00"
"04.08.2022 12:41:46";"05.08.2022";"*1405";"OK";"-318,00";"RUB";"-318,00";"RUB";"";"Такси";"4121";"Яндекс Такси";"0,00";"0,00";"-318,00"
"04.08.2022 11:45:39";"05.08.2022";"*1405";"OK";"-599,00";"RUB";"-599,00";"RUB";"";"Такси";"4121";"Яндекс Такси";"0,00";"0,00";"-599,00"
"04.08.2022 10:27:10";"04.08.2022";"*1405";"OK";"-15000,00";"RUB";"-15000,00";"RUB";"";"Переводы";"";"Надежда К.";"0,00";"0,00";"-15000,00"
"03.08.2022 22:07:40";"05.08.2022";"*1405";"OK";"-330,00";"RUB";"-330,00";"RUB";"";"Такси";"4121";"Яндекс Такси";"0,00";"0,00";"-330,00"
"03.08.2022 12:34:19";"03.08.2022";"*1405";"OK";"-174,98";"RUB";"-174,98";"RUB";"";"Супермаркеты";"5411";"Пятёрочка";"0,00";"0,00";"-174,98"
"02.08.2022 16:34:13";"02.08.2022";"*1405";"OK";"-1377,76";"RUB";"-1377,76";"RUB";"";"Цифровые товары";"5816";"gamemoney";"0,00";"0,00";"-1377,76"
"01.08.2022 14:02:29";"01.08.2022";"*1405";"OK";"-1255,00";"RUB";"-1255,00";"RUB";"";"Супермаркеты";"5411";"Деливери";"0,00";"0,00";"-1255,00"
"01.08.2022 09:34:30";"01.08.2022";"*1405";"OK";"-20000,00";"RUB";"-20000,00";"RUB";"";"Переводы";"";"Надежда К.";"0,00";"0,00";"-20000,00"
"01.08.2022 00:17:52";"01.08.2022";"*1405";"OK";"50000,00";"RUB";"50000,00";"RUB";"";"Пополнения";"";"Перевод собственных средств на счет. НДС не облагается.";"0,00";"0,00";"50000,00"
"30.07.2022 22:34:36";"30.07.2022";"";"OK";"160,42";"RUB";"160,42";"RUB";"";"Бонусы";"";"Проценты на остаток";"0,00";"0,00";"160,42"
"30.07.2022 14:05:26";"30.07.2022";"*1405";"OK";"441,80";"RUB";"441,80";"RUB";"";"Супермаркеты";"5411";"Яндекс Еда";"0,00";"0,00";"441,80"
"30.07.2022 09:51:59";"30.07.2022";"*1405";"OK";"-3000,00";"RUB";"-3000,00";"RUB";"";"Переводы";"";"Али А.";"0,00";"0,00";"-3000,00"
"29.07.2022 10:42:50";"29.07.2022";"*1405";"OK";"-4562,00";"RUB";"-4562,00";"RUB";"";"Супермаркеты";"5411";"Яндекс Еда";"0,00";"0,00";"-4562,00"
"28.07.2022 18:41:38";"28.07.2022";"*1405";"OK";"-20000,00";"RUB";"-20000,00";"RUB";"";"Переводы";"";"Надежда К.";"0,00";"0,00";"-20000,00"
"28.07.2022 17:34:39";"29.07.2022";"*1405";"OK";"-396,00";"RUB";"-396,00";"RUB";"";"Такси";"4121";"Яндекс Такси";"0,00";"0,00";"-396,00"
"28.07.2022 16:40:23";"28.07.2022";"*1405";"OK";"-531,00";"RUB";"-531,00";"RUB";"";"Такси";"4121";"Яндекс Такси";"0,00";"0,00";"-531,00"
"28.07.2022 11:33:33";"28.07.2022";"*1405";"OK";"-4500,00";"RUB";"-4500,00";"RUB";"";"Переводы";"";"Надежда К.";"0,00";"0,00";"-4500,00"
"28.07.2022 11:07:30";"28.07.2022";"*1405";"OK";"27000,00";"RUB";"27000,00";"RUB";"";"Пополнения";"";"Перевод собственных средств на счет. НДС не облагается.";"0,00";"0,00";"27000,00"
"28.07.2022 01:57:08";"28.07.2022";"*1405";"OK";"-500,00";"RUB";"-500,00";"RUB";"";"Переводы";"";"Перевод клиенту Тинькофф";"0,00";"0,00";"-500,00"
"27.07.2022 17:14:07";"27.07.2022";"*1405";"OK";"-1318,00";"RUB";"-1318,00";"RUB";"";"Фастфуд";"5814";"Яндекс Еда";"0,00";"0,00";"-1318,00"
"27.07.2022 14:25:52";"27.07.2022";"*1405";"OK";"-10000,00";"RUB";"-10000,00";"RUB";"";"Переводы";"";"Юлия К.";"0,00";"0,00";"-10000,00"
"25.07.2022 12:36:39";"25.07.2022";"*1405";"OK";"-620,00";"RUB";"-620,00";"RUB";"";"Супермаркеты";"5411";"IP Hasanov A M";"0,00";"0,00";"-620,00"
"22.07.2022 11:59:36";"22.07.2022";"*1405";"OK";"-1788,00";"RUB";"-1788,00";"RUB";"";"Аптеки";"5912";"Аптеки Столички";"0,00";"0,00";"-1788,00"
"22.07.2022 11:38:51";"22.07.2022";"*1405";"OK";"-2167,00";"RUB";"-2167,00";"RUB";"";"Аптеки";"5912";"ЕАПТЕКА";"0,00";"0,00";"-2167,00"
"21.07.2022 09:40:15";"21.07.2022";"*1405";"OK";"-1112,00";"RUB";"-1112,00";"RUB";"";"Фастфуд";"5814";"Буханка";"0,00";"0,00";"-1112,00"
"20.07.2022 20:24:33";"20.07.2022";"*1405";"OK";"-10500,00";"RUB";"-10500,00";"RUB";"";"Переводы";"";"Надежда К.";"0,00";"0,00";"-10500,00"
"20.07.2022 20:23:02";"20.07.2022";"*1405";"OK";"32000,00";"RUB";"32000,00";"RUB";"";"Пополнения";"6012";"Перевод с карты";"0,00";"0,00";"32000,00"
"20.07.2022 09:38:19";"20.07.2022";"*1405";"OK";"-2392,00";"RUB";"-2392,00";"RUB";"";"Супермаркеты";"5462";"Транспицца";"0,00";"0,00";"-2392,00"
"19.07.2022 16:41:02";"19.07.2022";"*1405";"OK";"-2000,00";"RUB";"-2000,00";"RUB";"";"Переводы";"";"ИП Михайлов Алексей Викторович";"0,00";"0,00";"-2000,00"
"18.07.2022 20:51:27";"18.07.2022";"*1405";"OK";"-680,00";"RUB";"-680,00";"RUB";"";"Связь";"4816";"YM *win10tweaker";"0,00";"0,00";"-680,00"
"18.07.2022 18:05:02";"18.07.2022";"*1405";"OK";"-1602,00";"RUB";"-1602,00";"RUB";"";"Фастфуд";"5814";"Яндекс Еда";"0,00";"0,00";"-1602,00"
"18.07.2022 13:13:39";"18.07.2022";"*1405";"OK";"-1248,00";"RUB";"-1248,00";"RUB";"";"Такси";"4121";"Яндекс Такси";"0,00";"0,00";"-1248,00"
"16.07.2022 16:04:31";"16.07.2022";"*1405";"OK";"-25000,00";"RUB";"-25000,00";"RUB";"";"Переводы";"";"Юлия К.";"0,00";"0,00";"-25000,00"
"10.07.2022 17:19:13";"10.07.2022";"*1405";"OK";"-1500,00";"RUB";"-1500,00";"RUB";"";"Мобильная связь";"";"МТС Mobile +7 915 490-68-34";"0,00";"0,00";"-1500,00"
"10.07.2022 17:17:38";"10.07.2022";"*1405";"OK";"-1500,00";"RUB";"-1500,00";"RUB";"";"Мобильная связь";"";"МТС Mobile для смартфона 800 +7 915 439-92-54";"0,00";"0,00";"-1500,00"
"05.07.2022 18:13:20";"05.07.2022";"*1405";"OK";"-199,00";"RUB";"-199,00";"RUB";"";"Другое";"";"Подписка Pro";"0,00";"0,00";"-199,00"
"04.07.2022 19:38:14";"04.07.2022";"*1405";"OK";"21783,00";"RUB";"21783,00";"RUB";"";"Пополнения";"6012";"Пополнение SMZ Visa Direct RU";"0,00";"0,00";"21783,00"
"01.07.2022 23:47:06";"02.07.2022";"*1405";"OK";"-6000,00";"RUB";"-6000,00";"RUB";"";"Переводы";"";"Ян М.";"0,00";"0,00";"-6000,00"
"01.07.2022 22:36:02";"02.07.2022";"*1405";"OK";"-3800,00";"RUB";"-3800,00";"RUB";"";"Переводы";"";"Ян М.";"0,00";"0,00";"-3800,00"
"01.07.2022 22:34:47";"02.07.2022";"*1405";"OK";"32210,00";"RUB";"32210,00";"RUB";"";"Переводы";"";"Ольга Р.";"0,00";"0,00";"32210,00"
"30.06.2022 22:38:19";"30.06.2022";"";"OK";"17,96";"RUB";"17,96";"RUB";"";"Бонусы";"";"Проценты на остаток";"0,00";"0,00";"17,96"
"25.06.2022 23:50:30";"26.06.2022";"*1405";"OK";"-3000,00";"RUB";"-3000,00";"RUB";"";"Цифровые товары";"5816";"Мини-игры@Mail.Ru";"0,00";"0,00";"-3000,00"
"05.06.2022 18:13:36";"05.06.2022";"*1405";"OK";"-199,00";"RUB";"-199,00";"RUB";"";"Другое";"";"Подписка Pro";"0,00";"0,00";"-199,00"
"23.05.2022 12:32:56";"23.05.2022";"*1405";"OK";"-9000,00";"RUB";"-9000,00";"RUB";"";"Переводы";"6012";"курсы Лаплас математика";"0,00";"0,00";"-9000,00"
"23.05.2022 12:32:18";"23.05.2022";"*1405";"OK";"10000,00";"RUB";"10000,00";"RUB";"";"Переводы";"";"Между своими счетами";"0,00";"0,00";"10000,00"
"05.05.2022 18:13:36";"05.05.2022";"*1405";"OK";"-199,00";"RUB";"-199,00";"RUB";"";"Другое";"";"Подписка Pro";"0,00";"0,00";"-199,00"
"05.04.2022 18:12:47";"05.04.2022";"*1405";"OK";"-199,00";"RUB";"-199,00";"RUB";"";"Другое";"";"Подписка Pro";"0,00";"0,00";"-199,00"
"29.03.2022 22:37:11";"30.03.2022";"*1405";"OK";"-4500,00";"RUB";"-4500,00";"RUB";"";"Переводы";"6012";"курсы Лаплас математика";"0,00";"0,00";"-4500,00"
"22.03.2022 11:56:54";"22.03.2022";"*1405";"OK";"-4500,00";"RUB";"-4500,00";"RUB";"";"Переводы";"6012";"Перевод на карту";"0,00";"0,00";"-4500,00"
"05.03.2022 18:12:40";"05.03.2022";"*1405";"OK";"-199,00";"RUB";"-199,00";"RUB";"";"Другое";"";"Подписка Pro";"0,00";"0,00";"-199,00"
"28.02.2022 21:43:01";"28.02.2022";"";"OK";"73,83";"RUB";"73,83";"RUB";"";"Бонусы";"";"Проценты на остаток";"0,00";"0,00";"73,83"
"26.02.2022 12:41:47";"26.02.2022";"*1405";"OK";"-299,00";"RUB";"-299,00";"RUB";"";"Цифровые товары";"5818";"Google";"0,00";"0,00";"-299,00"
"19.02.2022 12:21:18";"19.02.2022";"*1405";"OK";"-3439,00";"RUB";"-3439,00";"RUB";"";"Цифровые товары";"5816";"Steam";"0,00";"0,00";"-3439,00"
"19.02.2022 12:20:50";"19.02.2022";"*1405";"OK";"3500,00";"RUB";"3500,00";"RUB";"";"Пополнения";"6012";"Пополнение YAKOVLEV VADIM Visa Direct RU";"0,00";"0,00";"3500,00"
"16.02.2022 06:52:13";"16.02.2022";"*1405";"OK";"-7,49";"EUR";"-658,37";"RUB";"";"Онлайн-кинотеатры";"4899";"Netflix";"0,00";"0,00";"-658,37"
"05.02.2022 18:13:07";"05.02.2022";"*1405";"OK";"-199,00";"RUB";"-199,00";"RUB";"";"Другое";"";"Подписка Pro";"0,00";"0,00";"-199,00"
"04.02.2022 18:31:03";"05.02.2022";"*1405";"OK";"-1805,00";"UAH";"-5016,96";"RUB";"";"Сервис";"4215";"Glovo 04feb Krewnantz";"0,00";"0,00";"-5016,96"
"02.02.2022 15:21:57";"02.02.2022";"*1405";"OK";"-25000,00";"RUB";"-25000,00";"RUB";"";"Переводы";"";"Юлия К.";"0,00";"0,00";"-25000,00"
"02.02.2022 15:20:29";"02.02.2022";"*1405";"OK";"-5000,00";"RUB";"-5000,00";"RUB";"";"Переводы";"";"Между своими счетами";"0,00";"0,00";"-5000,00"
"02.02.2022 15:19:47";"02.02.2022";"*1405";"OK";"35000,00";"RUB";"35000,00";"RUB";"";"Пополнения";"6012";"Перевод с карты";"0,00";"0,00";"35000,00"
"30.01.2022 22:44:11";"30.01.2022";"";"OK";"8,00";"RUB";"8,00";"RUB";"";"Бонусы";"";"Кэшбэк за обычные покупки";"0,00";"0,00";"8,00"
"30.01.2022 22:23:58";"30.01.2022";"";"OK";"88,26";"RUB";"88,26";"RUB";"";"Бонусы";"";"Проценты на остаток";"0,00";"0,00";"88,26"
"26.01.2022 12:41:47";"26.01.2022";"*1405";"OK";"-299,00";"RUB";"-299,00";"RUB";"2,00";"Кино";"7841";"Google";"2,00";"0,00";"-299,00"
"16.01.2022 18:41:56";"16.01.2022";"*1405";"OK";"-7,49";"EUR";"-671,10";"RUB";"6,00";"Онлайн-кинотеатры";"4899";"Netflix";"6,00";"0,00";"-671,10"
"13.01.2022 20:32:41";"13.01.2022";"*1405";"OK";"-25000,00";"RUB";"-25000,00";"RUB";"";"Переводы";"";"Юлия К.";"0,00";"0,00";"-25000,00"
"13.01.2022 20:31:42";"13.01.2022";"*1405";"OK";"-7500,00";"RUB";"-7500,00";"RUB";"";"Переводы";"";"Между своими счетами";"0,00";"0,00";"-7500,00"
"13.01.2022 20:30:55";"13.01.2022";"*1405";"OK";"35000,00";"RUB";"35000,00";"RUB";"";"Пополнения";"6012";"Перевод с карты";"0,00";"0,00";"35000,00"
"05.01.2022 18:12:38";"05.01.2022";"*1405";"OK";"-199,00";"RUB";"-199,00";"RUB";"";"Другое";"";"Подписка Pro";"0,00";"0,00";"-199,00"
"04.01.2022 13:46:51";"04.01.2022";"*1405";"OK";"-6000,00";"RUB";"-6000,00";"RUB";"";"Переводы";"";"Между своими счетами";"0,00";"0,00";"-6000,00"
"04.01.2022 05:43:45";"04.01.2022";"*1405";"OK";"-99,99";"USD";"-7639,24";"RUB";"";"Связь";"7372";"Discord* Nitroyearly";"0,00";"0,00";"-7639,24"
"30.12.2021 21:50:17";"30.12.2021";"";"OK";"431,00";"RUB";"431,00";"RUB";"";"Бонусы";"";"Кэшбэк за обычные покупки";"0,00";"0,00";"431,00"
"30.12.2021 21:26:47";"30.12.2021";"";"OK";"149,08";"RUB";"149,08";"RUB";"";"Бонусы";"";"Проценты на остаток";"0,00";"0,00";"149,08"
"26.12.2021 12:41:47";"26.12.2021";"*1405";"OK";"-299,00";"RUB";"-299,00";"RUB";"2,00";"Цифровые товары";"5815";"Google";"2,00";"0,00";"-299,00"
"20.12.2021 01:06:57";"20.12.2021";"*1405";"OK";"-169,00";"RUB";"-169,00";"RUB";"1,00";"Цифровые товары";"5815";"Spotify";"1,00";"0,00";"-169,00"
"15.12.2021 10:10:06";"15.12.2021";"*1405";"OK";"-3500,00";"RUB";"-3500,00";"RUB";"35,00";"Медицина";"8099";"YM *online";"35,00";"0,00";"-3500,00"
"15.12.2021 09:37:45";"16.12.2021";"*1405";"OK";"-3525,00";"RUB";"-3525,00";"RUB";"176,00";"Такси";"4121";"Яндекс Такси";"176,00";"0,00";"-3525,00"
"13.12.2021 11:17:53";"13.12.2021";"*1405";"OK";"-979,00";"RUB";"-979,00";"RUB";"9,00";"Фастфуд";"5814";"Деливери";"9,00";"0,00";"-979,00"
"12.12.2021 12:16:19";"12.12.2021";"*1405";"OK";"-14211,97";"RUB";"-14211,97";"RUB";"142,00";"Финансы";"6300";"Альфа Страхование";"142,00";"0,00";"-14211,97"
"11.12.2021 19:15:42";"11.12.2021";"*1405";"OK";"-829,00";"RUB";"-829,00";"RUB";"8,00";"Фастфуд";"5814";"Деливери";"8,00";"0,00";"-829,00"
"11.12.2021 16:00:57";"11.12.2021";"*1405";"OK";"-10000,00";"RUB";"-10000,00";"RUB";"";"Переводы";"";"Юлия К.";"0,00";"0,00";"-10000,00"
"11.12.2021 15:45:36";"12.12.2021";"*1405";"OK";"-10187,70";"RUB";"-10187,70";"RUB";"";"Турагентства";"4722";"YM *ru.trip.ru";"0,00";"0,00";"-10187,70"
"11.12.2021 14:28:33";"11.12.2021";"*1405";"OK";"50000,00";"RUB";"50000,00";"RUB";"";"Пополнения";"6012";"Перевод с карты";"0,00";"0,00";"50000,00"
"10.12.2021 15:37:38";"10.12.2021";"*1405";"OK";"-743,00";"RUB";"-743,00";"RUB";"7,00";"Рестораны";"5812";"Деливери";"7,00";"0,00";"-743,00"
"09.12.2021 13:26:16";"09.12.2021";"*1405";"OK";"-1247,00";"RUB";"-1247,00";"RUB";"12,00";"Рестораны";"5812";"Деливери";"12,00";"0,00";"-1247,00"
"07.12.2021 11:27:46";"07.12.2021";"*1405";"OK";"-25000,00";"RUB";"-25000,00";"RUB";"";"Переводы";"";"Юлия К.";"0,00";"0,00";"-25000,00"
"07.12.2021 11:27:00";"07.12.2021";"*1405";"OK";"20000,00";"RUB";"20000,00";"RUB";"";"Пополнения";"6012";"Перевод с карты";"0,00";"0,00";"20000,00"
"05.12.2021 21:09:18";"06.12.2021";"*1405";"OK";"-1264,00";"RUB";"-1264,00";"RUB";"12,00";"Рестораны";"5811";"Domino Pizza";"12,00";"0,00";"-1264,00"
"05.12.2021 18:13:07";"05.12.2021";"*1405";"OK";"-199,00";"RUB";"-199,00";"RUB";"";"Другое";"";"Подписка Pro";"0,00";"0,00";"-199,00"
"04.12.2021 14:44:33";"04.12.2021";"*1405";"OK";"8000,00";"RUB";"8000,00";"RUB";"";"Пополнения";"6012";"Пополнение YAKOVLEV VADIM Visa Direct RU";"0,00";"0,00";"8000,00"
"02.12.2021 15:09:00";"02.12.2021";"*1405";"OK";"-1204,00";"RUB";"-1204,00";"RUB";"12,00";"Рестораны";"5812";"Деливери";"12,00";"0,00";"-1204,00"
"01.12.2021 14:29:45";"03.12.2021";"*1405";"OK";"-661,00";"RUB";"-661,00";"RUB";"6,00";"Такси";"4121";"Яндекс Такси";"6,00";"0,00";"-661,00"
"01.12.2021 12:33:54";"03.12.2021";"*1405";"OK";"-994,00";"RUB";"-994,00";"RUB";"9,00";"Такси";"4121";"Яндекс Такси";"9,00";"0,00";"-994,00"
"30.11.2021 21:59:49";"30.11.2021";"";"OK";"402,00";"RUB";"402,00";"RUB";"";"Бонусы";"";"Вознаграждение за операции покупок";"0,00";"0,00";"402,00"
"30.11.2021 21:28:22";"30.11.2021";"";"OK";"100,26";"RUB";"100,26";"RUB";"";"Бонусы";"";"Проценты на остаток";"0,00";"0,00";"100,26"
"29.11.2021 13:40:40";"29.11.2021";"*1405";"OK";"-1222,00";"RUB";"-1222,00";"RUB";"12,00";"Фастфуд";"5814";"Деливери";"12,00";"0,00";"-1222,00"
"29.11.2021 13:25:35";"29.11.2021";"*1405";"OK";"-1661,00";"RUB";"-1661,00";"RUB";"16,00";"Рестораны";"5811";"Domino Pizza";"16,00";"0,00";"-1661,00"
"27.11.2021 23:37:59";"28.11.2021";"*1405";"OK";"-1000,00";"RUB";"-1000,00";"RUB";"10,00";"Книги и канцтовары";"5192";"Alexey Markov";"10,00";"0,00";"-1000,00"
"27.11.2021 23:32:28";"28.11.2021";"*1405";"OK";"-2528,00";"RUB";"-2528,00";"RUB";"25,00";"Различные товары";"5399";"Ozon.ru";"25,00";"0,00";"-2528,00"
"26.11.2021 12:41:46";"26.11.2021";"*1405";"OK";"-299,00";"RUB";"-299,00";"RUB";"2,00";"Цифровые товары";"5817";"Google";"2,00";"0,00";"-299,00"
"25.11.2021 17:57:01";"25.11.2021";"*1405";"OK";"-926,00";"RUB";"-926,00";"RUB";"9,00";"Рестораны";"5812";"Деливери";"9,00";"0,00";"-926,00"
"25.11.2021 12:36:00";"25.11.2021";"*1405";"OK";"20000,00";"RUB";"20000,00";"RUB";"";"Пополнения";"6012";"Перевод с карты";"0,00";"0,00";"20000,00"
"23.11.2021 22:23:34";"24.11.2021";"*1405";"OK";"-1125,00";"RUB";"-1125,00";"RUB";"11,00";"Рестораны";"5812";"Деливери";"11,00";"0,00";"-1125,00"
"23.11.2021 22:10:14";"24.11.2021";"*1405";"OK";"876,00";"RUB";"876,00";"RUB";"-8,00";"Рестораны";"5812";"Деливери";"-8,00";"0,00";"876,00"
"23.11.2021 21:49:19";"24.11.2021";"*1405";"OK";"-876,00";"RUB";"-876,00";"RUB";"8,00";"Рестораны";"5812";"Деливери";"8,00";"0,00";"-876,00"
"22.11.2021 20:51:37";"23.11.2021";"*1405";"OK";"-1236,00";"RUB";"-1236,00";"RUB";"12,00";"Рестораны";"5812";"Деливери";"12,00";"0,00";"-1236,00"
"22.11.2021 20:35:06";"22.11.2021";"*1405";"OK";"-1175,00";"RUB";"-1175,00";"RUB";"11,00";"Фастфуд";"5814";"Деливери";"11,00";"0,00";"-1175,00"
"20.11.2021 01:07:07";"20.11.2021";"*1405";"OK";"-169,00";"RUB";"-169,00";"RUB";"1,00";"Цифровые товары";"5815";"Spotify";"1,00";"0,00";"-169,00"
"19.11.2021 18:45:41";"19.11.2021";"*1405";"OK";"-1311,00";"RUB";"-1311,00";"RUB";"13,00";"Фастфуд";"5814";"Деливери";"13,00";"0,00";"-1311,00"
"19.11.2021 17:06:45";"19.11.2021";"*1405";"OK";"1669,00";"RUB";"1669,00";"RUB";"-16,00";"Супермаркеты";"5411";"Перекрёсток";"-16,00";"0,00";"1669,00"
"17.11.2021 14:21:51";"19.11.2021";"*1405";"OK";"-1315,00";"RUB";"-1315,00";"RUB";"13,00";"Такси";"4121";"Яндекс Такси";"13,00";"0,00";"-1315,00"
"17.11.2021 12:32:49";"18.11.2021";"*1405";"OK";"-1301,00";"RUB";"-1301,00";"RUB";"13,00";"Такси";"4121";"Яндекс Такси";"13,00";"0,00";"-1301,00"
"16.11.2021 18:32:02";"16.11.2021";"*1405";"OK";"-10060,00";"RUB";"-10060,00";"RUB";"100,00";"Супермаркеты";"5411";"Перекрёсток";"100,00";"0,00";"-10060,00"
"15.11.2021 21:47:07";"16.11.2021";"*1405";"OK";"-25000,00";"RUB";"-25000,00";"RUB";"";"Переводы";"";"Юлия К.";"0,00";"0,00";"-25000,00"
"15.11.2021 21:46:28";"16.11.2021";"*1405";"OK";"30000,00";"RUB";"30000,00";"RUB";"";"Пополнения";"6012";"Перевод с карты";"0,00";"0,00";"30000,00"
"15.11.2021 16:56:24";"15.11.2021";"*1405";"OK";"-1008,00";"RUB";"-1008,00";"RUB";"10,00";"Рестораны";"5812";"Деливери";"10,00";"0,00";"-1008,00"
"13.11.2021 19:10:17";"13.11.2021";"*1405";"OK";"2,00";"RUB";"2,00";"RUB";"";"Супермаркеты";"5411";"Деливери";"0,00";"0,00";"2,00"
"13.11.2021 18:06:54";"13.11.2021";"*1405";"OK";"-1052,00";"RUB";"-1052,00";"RUB";"10,00";"Фастфуд";"5814";"Яндекс Еда";"10,00";"0,00";"-1052,00"
"11.11.2021 16:12:53";"11.11.2021";"*1405";"OK";"-2061,00";"RUB";"-2061,00";"RUB";"20,00";"Супермаркеты";"5411";"Деливери";"20,00";"0,00";"-2061,00"
"09.11.2021 18:13:28";"09.11.2021";"*1405";"OK";"-5445,00";"RUB";"-5445,00";"RUB";"54,00";"Рестораны";"5812";"Vkusnye Sushi";"54,00";"0,00";"-5445,00"
"08.11.2021 17:15:08";"10.11.2021";"*1405";"OK";"-1096,00";"RUB";"-1096,00";"RUB";"10,00";"Такси";"4121";"Яндекс Такси";"10,00";"0,00";"-1096,00"
"08.11.2021 16:37:27";"10.11.2021";"*1405";"OK";"-150,00";"RUB";"-150,00";"RUB";"1,00";"Такси";"4121";"Яндекс Такси";"1,00";"0,00";"-150,00"
"08.11.2021 15:44:40";"10.11.2021";"*1405";"OK";"-990,00";"RUB";"-990,00";"RUB";"9,00";"Такси";"4121";"Яндекс Такси";"9,00";"0,00";"-990,00"
"08.11.2021 12:45:06";"08.11.2021";"*1405";"OK";"25000,00";"RUB";"25000,00";"RUB";"";"Пополнения";"6012";"Перевод с карты";"0,00";"0,00";"25000,00"
"07.11.2021 18:28:44";"07.11.2021";"*1405";"OK";"-1002,00";"RUB";"-1002,00";"RUB";"10,00";"Фастфуд";"5814";"Яндекс Еда";"10,00";"0,00";"-1002,00"
"07.11.2021 16:36:01";"09.11.2021";"*1405";"OK";"-891,00";"RUB";"-891,00";"RUB";"8,00";"Такси";"4121";"Яндекс Такси";"8,00";"0,00";"-891,00"
"07.11.2021 14:17:26";"07.11.2021";"*1405";"OK";"380,00";"RUB";"380,00";"RUB";"-3,00";"Фастфуд";"5814";"Яндекс Еда";"-3,00";"0,00";"380,00"
"07.11.2021 12:29:42";"09.11.2021";"*1405";"OK";"-1124,00";"RUB";"-1124,00";"RUB";"11,00";"Такси";"4121";"Яндекс Такси";"11,00";"0,00";"-1124,00"
"06.11.2021 17:42:12";"06.11.2021";"*1405";"OK";"-1152,00";"RUB";"-1152,00";"RUB";"11,00";"Фастфуд";"5814";"Яндекс Еда";"11,00";"0,00";"-1152,00"
"05.11.2021 19:02:20";"05.11.2021";"*1405";"OK";"-5000,00";"RUB";"-5000,00";"RUB";"";"Переводы";"6012";"Перевод на карту";"0,00";"0,00";"-5000,00"
"05.11.2021 19:00:23";"05.11.2021";"*1405";"OK";"5000,00";"RUB";"5000,00";"RUB";"";"Финансы";"6012";"Почта Банк";"0,00";"0,00";"5000,00"
"05.11.2021 18:13:08";"05.11.2021";"*1405";"OK";"-199,00";"RUB";"-199,00";"RUB";"";"Другое";"";"Подписка Pro";"0,00";"0,00";"-199,00"
"03.11.2021 12:16:26";"05.11.2021";"*1405";"OK";"-694,00";"RUB";"-694,00";"RUB";"6,00";"Такси";"4121";"Яндекс Такси";"6,00";"0,00";"-694,00"
"03.11.2021 11:33:06";"05.11.2021";"*1405";"OK";"-546,00";"RUB";"-546,00";"RUB";"5,00";"Такси";"4121";"Яндекс Такси";"5,00";"0,00";"-546,00"
"31.10.2021 19:20:29";"31.10.2021";"*1405";"OK";"9000,00";"RUB";"9000,00";"RUB";"";"Пополнения";"6012";"Перевод с карты";"0,00";"0,00";"9000,00"
"31.10.2021 11:30:33";"31.10.2021";"*1405";"OK";"-84,04";"RUB";"-84,04";"RUB";"";"Цифровые товары";"5816";"Google";"0,00";"0,00";"-84,04"
"31.10.2021 00:16:09";"01.11.2021";"*1405";"OK";"-891,00";"RUB";"-891,00";"RUB";"8,00";"Такси";"4121";"Яндекс Такси";"8,00";"0,00";"-891,00"
"30.10.2021 21:42:49";"30.10.2021";"";"OK";"34,00";"RUB";"34,00";"RUB";"";"Бонусы";"";"Вознаграждение за операции покупок";"0,00";"0,00";"34,00"
"30.10.2021 21:23:38";"30.10.2021";"";"OK";"54,63";"RUB";"54,63";"RUB";"";"Бонусы";"";"Проценты на остаток";"0,00";"0,00";"54,63"
"30.10.2021 15:17:39";"30.10.2021";"*1405";"OK";"-1211,00";"RUB";"-1211,00";"RUB";"12,00";"Фастфуд";"5814";"Яндекс Еда";"12,00";"0,00";"-1211,00"
"30.10.2021 07:08:47";"30.10.2021";"*1405";"OK";"-2500,00";"RUB";"-2500,00";"RUB";"";"Мобильная связь";"";"МТС Mobile для смартфона 800 +7 915 439-92-54";"0,00";"0,00";"-2500,00"
"27.10.2021 16:25:49";"29.10.2021";"*1405";"OK";"-5859,42";"RUB";"-5859,42";"RUB";"";"Турагентства";"4722";"Tutu.ru";"0,00";"0,00";"-5859,42"
"26.10.2021 14:50:53";"26.10.2021";"*1405";"OK";"-2190,00";"RUB";"-2190,00";"RUB";"21,00";"Цифровые товары";"5818";"Google";"21,00";"0,00";"-2190,00"
"26.10.2021 12:41:47";"26.10.2021";"*1405";"OK";"-199,00";"RUB";"-199,00";"RUB";"";"Связь";"7372";"Google";"0,00";"0,00";"-199,00"
"24.10.2021 23:26:40";"25.10.2021";"*1405";"OK";"-95,97";"RUB";"-95,97";"RUB";"";"Цифровые товары";"5816";"Funpay";"0,00";"0,00";"-95,97"
"20.10.2021 01:07:03";"20.10.2021";"*1405";"OK";"-169,00";"RUB";"-169,00";"RUB";"1,00";"Цифровые товары";"5815";"Spotify";"1,00";"0,00";"-169,00"
"17.10.2021 20:19:38";"17.10.2021";"*1405";"OK";"-1500,00";"RUB";"-1500,00";"RUB";"";"Мобильная связь";"";"МТС Mobile +7 915 490-68-34";"0,00";"0,00";"-1500,00"
"16.10.2021 09:58:35";"16.10.2021";"*1405";"OK";"-3000,00";"RUB";"-3000,00";"RUB";"";"Переводы";"6012";"Перевод на карту";"0,00";"0,00";"-3000,00"
"14.10.2021 12:38:10";"14.10.2021";"*1405";"OK";"15000,00";"RUB";"15000,00";"RUB";"";"Пополнения";"6012";"Пополнение YAKOVLEV VADIM Visa Direct RU";"0,00";"0,00";"15000,00"
"11.10.2021 14:12:48";"11.10.2021";"*1405";"OK";"-1100,00";"RUB";"-1100,00";"RUB";"";"Переводы";"";"Валерия П.";"0,00";"0,00";"-1100,00"
"11.10.2021 14:10:17";"11.10.2021";"*1405";"OK";"-24000,00";"RUB";"-24000,00";"RUB";"";"Переводы";"";"Юлия К.";"0,00";"0,00";"-24000,00"
"11.10.2021 14:09:04";"11.10.2021";"*1405";"OK";"25000,00";"RUB";"25000,00";"RUB";"";"Пополнения";"6012";"Перевод с карты";"0,00";"0,00";"25000,00"
"05.10.2021 18:13:30";"05.10.2021";"*1405";"OK";"-199,00";"RUB";"-199,00";"RUB";"";"Другое";"";"Подписка Pro";"0,00";"0,00";"-199,00"
"30.09.2021 22:12:03";"30.09.2021";"";"OK";"7,00";"RUB";"7,00";"RUB";"";"Бонусы";"";"Вознаграждение за операции покупок";"0,00";"0,00";"7,00"
"30.09.2021 21:48:45";"30.09.2021";"";"OK";"55,10";"RUB";"55,10";"RUB";"";"Бонусы";"";"Проценты на остаток";"0,00";"0,00";"55,10"
"26.09.2021 12:41:46";"26.09.2021";"*1405";"OK";"-199,00";"RUB";"-199,00";"RUB";"1,00";"Цифровые товары";"5817";"Google";"1,00";"0,00";"-199,00"
"25.09.2021 23:48:00";"26.09.2021";"*1405";"OK";"-526,32";"RUB";"-526,32";"RUB";"5,00";"НКО";"8398";"Donation Alerts";"5,00";"0,00";"-526,32"
"24.09.2021 23:23:36";"25.09.2021";"*1405";"OK";"-10000,00";"RUB";"-10000,00";"RUB";"";"Переводы";"6012";"Перевод на карту";"0,00";"0,00";"-10000,00"
"20.09.2021 12:14:01";"20.09.2021";"*1405";"OK";"-1340,00";"RUB";"-1340,00";"RUB";"";"Сервис";"7311";"Avito";"0,00";"0,00";"-1340,00"
"20.09.2021 01:06:59";"20.09.2021";"*1405";"OK";"-169,00";"RUB";"-169,00";"RUB";"1,00";"Цифровые товары";"5815";"Spotify";"1,00";"0,00";"-169,00"
"17.09.2021 20:05:47";"17.09.2021";"*1405";"OK";"-3118,94";"UAH";"-8550,71";"RUB";"";"НКО";"8999";"Bpaycom";"0,00";"0,00";"-8550,71"
"14.09.2021 12:42:52";"14.09.2021";"*1405";"OK";"-700,00";"RUB";"-700,00";"RUB";"";"Переводы";"";"Клиенту Тинькофф";"0,00";"0,00";"-700,00"
"11.09.2021 20:17:10";"11.09.2021";"*1405";"OK";"-28000,00";"RUB";"-28000,00";"RUB";"";"Переводы";"";"Юлия К.";"0,00";"0,00";"-28000,00"
"11.09.2021 20:13:34";"11.09.2021";"*1405";"OK";"55000,00";"RUB";"55000,00";"RUB";"";"Пополнения";"6012";"Перевод с карты";"0,00";"0,00";"55000,00"
"05.09.2021 18:12:06";"05.09.2021";"*1405";"OK";"-199,00";"RUB";"-199,00";"RUB";"";"Другое";"";"Подписка Pro";"0,00";"0,00";"-199,00"
"30.08.2021 22:23:54";"30.08.2021";"";"OK";"329,00";"RUB";"329,00";"RUB";"";"Бонусы";"";"Вознаграждение за операции покупок";"0,00";"0,00";"329,00"
"30.08.2021 22:06:33";"30.08.2021";"";"OK";"19,40";"RUB";"19,40";"RUB";"";"Бонусы";"";"Проценты на остаток";"0,00";"0,00";"19,40"
"26.08.2021 12:41:46";"26.08.2021";"*1405";"OK";"-199,00";"RUB";"-199,00";"RUB";"1,00";"Цифровые товары";"5818";"Google";"1,00";"0,00";"-199,00"
"20.08.2021 01:07:00";"20.08.2021";"*1405";"OK";"-169,00";"RUB";"-169,00";"RUB";"1,00";"Цифровые товары";"5815";"Spotify";"1,00";"0,00";"-169,00"
"11.08.2021 23:14:59";"12.08.2021";"*1405";"OK";"-1900,00";"RUB";"-1900,00";"RUB";"19,00";"Цифровые товары";"5816";"Mojang Ab";"19,00";"0,00";"-1900,00"
"11.08.2021 22:51:35";"12.08.2021";"*1405";"OK";"-241,00";"RUB";"-241,00";"RUB";"2,00";"Цифровые товары";"5816";"Steam";"2,00";"0,00";"-241,00"
"11.08.2021 22:47:19";"12.08.2021";"*1405";"OK";"-43,27";"UAH";"-120,44";"RUB";"";"НКО";"8999";"Payclick";"0,00";"0,00";"-120,44"
"11.08.2021 17:23:41";"11.08.2021";"*1405";"OK";"-7378,50";"RUB";"-7378,50";"RUB";"";"Переводы";"6012";"Перевод на карту";"0,00";"0,00";"-7378,50"
"05.08.2021 18:12:18";"05.08.2021";"*1405";"OK";"-199,00";"RUB";"-199,00";"RUB";"";"Другое";"";"Подписка Pro";"0,00";"0,00";"-199,00"
"03.08.2021 23:08:24";"04.08.2021";"*1405";"OK";"-216,77";"USD";"-16203,56";"RUB";"162,00";"Цифровые товары";"5817";"JetBrains Distribution";"162,00";"0,00";"-16203,56"
"03.08.2021 23:06:29";"04.08.2021";"*1405";"OK";"-25000,00";"RUB";"-25000,00";"RUB";"";"Переводы";"";"Юлия К.";"0,00";"0,00";"-25000,00"
"03.08.2021 23:05:49";"04.08.2021";"*1405";"OK";"45000,00";"RUB";"45000,00";"RUB";"";"Пополнения";"6012";"Перевод с карты";"0,00";"0,00";"45000,00"
"31.07.2021 09:56:43";"31.07.2021";"*1405";"OK";"-161,99";"EUR";"-14417,11";"RUB";"144,00";"Сервис";"5967";"Cybernet 866-765-3058";"144,00";"0,00";"-14417,11"
"31.07.2021 09:56:29";"31.07.2021";"*1405";"OK";"26,00";"USD";"1853,80";"RUB";"";"Переводы";"";"Между своими счетами";"0,00";"0,00";"1853,80"
"31.07.2021 09:56:09";"31.07.2021";"*1405";"OK";"5900,00";"RUB";"5900,00";"RUB";"";"Пополнения";"6012";"Перевод с карты";"0,00";"0,00";"5900,00"
"30.07.2021 22:10:22";"30.07.2021";"";"OK";"1,00";"RUB";"1,00";"RUB";"";"Бонусы";"";"Вознаграждение за операции покупок";"0,00";"0,00";"1,00"
"26.07.2021 12:41:46";"26.07.2021";"*1405";"OK";"-199,00";"RUB";"-199,00";"RUB";"1,00";"Цифровые товары";"5818";"Google";"1,00";"0,00";"-199,00"
"24.07.2021 11:53:41";"24.07.2021";"*1405";"OK";"-568,00";"UAH";"-1561,54";"RUB";"";"Связь";"7372";"Itprogram";"0,00";"0,00";"-1561,54"
"07.07.2021 16:54:23";"07.07.2021";"*1405";"OK";"-25000,00";"RUB";"-25000,00";"RUB";"";"Переводы";"";"Юлия К.";"0,00";"0,00";"-25000,00"
"07.07.2021 16:53:39";"07.07.2021";"*1405";"OK";"33000,00";"RUB";"33000,00";"RUB";"";"Пополнения";"6012";"Перевод с карты";"0,00";"0,00";"33000,00"
"05.07.2021 18:12:32";"05.07.2021";"*1405";"OK";"-199,00";"RUB";"-199,00";"RUB";"";"Другое";"";"Подписка Pro";"0,00";"0,00";"-199,00"
"30.06.2021 22:30:44";"30.06.2021";"";"OK";"1,00";"RUB";"1,00";"RUB";"";"Бонусы";"";"Вознаграждение за операции покупок";"0,00";"0,00";"1,00"
"26.06.2021 12:41:46";"26.06.2021";"*1405";"OK";"-199,00";"RUB";"-199,00";"RUB";"1,00";"Цифровые товары";"5817";"Google";"1,00";"0,00";"-199,00"
"16.06.2021 10:09:32";"16.06.2021";"*1405";"OK";"-2600,00";"RUB";"-2600,00";"RUB";"";"Переводы";"";"Валерия П.";"0,00";"0,00";"-2600,00"
"16.06.2021 10:07:50";"16.06.2021";"*1405";"OK";"-15000,00";"RUB";"-15000,00";"RUB";"";"Переводы";"";"Юлия К.";"0,00";"0,00";"-15000,00"
"16.06.2021 10:07:06";"16.06.2021";"*1405";"OK";"25000,00";"RUB";"25000,00";"RUB";"";"Пополнения";"6012";"Перевод с карты";"0,00";"0,00";"25000,00"
"10.06.2021 14:40:38";"10.06.2021";"*1405";"OK";"-2900,00";"RUB";"-2900,00";"RUB";"";"Переводы";"";"Валерия П.";"0,00";"0,00";"-2900,00"
"05.06.2021 18:12:30";"05.06.2021";"*1405";"OK";"-199,00";"RUB";"-199,00";"RUB";"";"Другое";"";"Подписка Pro";"0,00";"0,00";"-199,00"
"30.05.2021 22:20:16";"30.05.2021";"";"OK";"31,00";"RUB";"31,00";"RUB";"";"Бонусы";"";"Вознаграждение за операции покупок";"0,00";"0,00";"31,00"
"30.05.2021 21:57:31";"30.05.2021";"";"OK";"28,45";"RUB";"28,45";"RUB";"";"Бонусы";"";"Проценты на остаток";"0,00";"0,00";"28,45"
"26.05.2021 21:19:32";"27.05.2021";"*1405";"OK";"-10000,00";"RUB";"-10000,00";"RUB";"";"Переводы";"";"Андрей Б.";"0,00";"0,00";"-10000,00"
"26.05.2021 21:18:40";"27.05.2021";"*1405";"OK";"10000,00";"RUB";"10000,00";"RUB";"";"Пополнения";"6012";"Перевод с карты";"0,00";"0,00";"10000,00"
"26.05.2021 12:41:47";"26.05.2021";"*1405";"OK";"-199,00";"RUB";"-199,00";"RUB";"";"Связь";"7372";"Google";"0,00";"0,00";"-199,00"
"25.05.2021 11:50:40";"25.05.2021";"*1405";"OK";"-2000,00";"RUB";"-2000,00";"RUB";"20,00";"Различные товары";"5734";"Servispodpisok.Ru";"20,00";"0,00";"-2000,00"
"22.05.2021 20:28:02";"22.05.2021";"*1405";"OK";"-4000,00";"RUB";"-4000,00";"RUB";"";"Переводы";"6012";"Перевод на карту";"0,00";"0,00";"-4000,00"
"20.05.2021 22:53:38";"21.05.2021";"*1405";"OK";"-663,10";"RUB";"-663,10";"RUB";"6,00";"Цифровые товары";"5816";"Steam";"6,00";"0,00";"-663,10"
"17.05.2021 13:16:31";"17.05.2021";"*1405";"OK";"-3000,00";"RUB";"-3000,00";"RUB";"";"Переводы";"6012";"Перевод на карту";"0,00";"0,00";"-3000,00"
"15.05.2021 12:01:14";"15.05.2021";"*1405";"OK";"-11700,00";"RUB";"-11700,00";"RUB";"";"Переводы";"6012";"Перевод на карту";"0,00";"0,00";"-11700,00"
"15.05.2021 11:59:07";"15.05.2021";"*1405";"OK";"-1000,00";"RUB";"-1000,00";"RUB";"";"Мобильная связь";"";"МТС Mobile +7 915 490-68-34";"0,00";"0,00";"-1000,00"
"15.05.2021 11:58:48";"15.05.2021";"*1405";"OK";"-800,00";"RUB";"-800,00";"RUB";"";"Мобильная связь";"";"МТС Mobile для смартфона 800 +7 915 439-92-54";"0,00";"0,00";"-800,00"
"15.05.2021 11:58:07";"15.05.2021";"*1405";"OK";"-31000,00";"RUB";"-31000,00";"RUB";"";"Переводы";"";"Юлия К.";"0,00";"0,00";"-31000,00"
"15.05.2021 11:55:57";"15.05.2021";"*1405";"OK";"50000,00";"RUB";"50000,00";"RUB";"";"Пополнения";"6012";"Перевод с карты";"0,00";"0,00";"50000,00"
"15.05.2021 11:13:08";"15.05.2021";"*1405";"OK";"1000,00";"RUB";"1000,00";"RUB";"";"Пополнения";"6012";"Перевод с карты";"0,00";"0,00";"1000,00"
"07.05.2021 00:10:30";"07.05.2021";"*1405";"OK";"-500,00";"RUB";"-500,00";"RUB";"5,00";"Различные товары";"5734";"Servispodpisok.Ru";"5,00";"0,00";"-500,00"
"05.05.2021 18:12:30";"05.05.2021";"*1405";"OK";"-199,00";"RUB";"-199,00";"RUB";"";"Другое";"";"Подписка Pro";"0,00";"0,00";"-199,00"
"30.04.2021 22:44:07";"30.04.2021";"";"OK";"336,00";"RUB";"336,00";"RUB";"";"Бонусы";"";"Вознаграждение за операции покупок";"0,00";"0,00";"336,00"
"30.04.2021 22:18:30";"30.04.2021";"";"OK";"30,00";"RUB";"30,00";"RUB";"";"Бонусы";"";"Проценты на остаток по счету";"0,00";"0,00";"30,00"
"29.04.2021 01:14:34";"30.04.2021";"*1405";"OK";"-1432,00";"RUB";"-1432,00";"RUB";"71,00";"Транспорт";"4121";"Яндекс Такси";"71,00";"0,00";"-1432,00"
"28.04.2021 16:25:25";"28.04.2021";"*1405";"OK";"-21000,00";"RUB";"-21000,00";"RUB";"";"Переводы";"";"Юлия К.";"0,00";"0,00";"-21000,00"
"28.04.2021 14:18:38";"28.04.2021";"*1405";"OK";"-350,00";"RUB";"-350,00";"RUB";"";"Авиабилеты";"4511";"Авиакомпания Nordwind";"0,00";"0,00";"-350,00"
"27.04.2021 19:19:49";"27.04.2021";"*1405";"OK";"-5000,00";"RUB";"-5000,00";"RUB";"";"Переводы";"";"Никита Л.";"0,00";"0,00";"-5000,00"
"27.04.2021 19:18:44";"27.04.2021";"*1405";"OK";"450,00";"USD";"33525,00";"RUB";"";"Переводы";"";"Между своими счетами";"0,00";"0,00";"33525,00"
"26.04.2021 16:16:23";"26.04.2021";"*1405";"OK";"-800,00";"RUB";"-800,00";"RUB";"";"Мобильная связь";"";"МТС Mobile для смартфона 800 +7 915 439-92-54";"0,00";"0,00";"-800,00"
"26.04.2021 12:41:47";"26.04.2021";"*1405";"OK";"-199,00";"RUB";"-199,00";"RUB";"";"Связь";"7372";"Google";"0,00";"0,00";"-199,00"
"21.04.2021 22:14:55";"22.04.2021";"*1405";"OK";"-1397,00";"RUB";"-1397,00";"RUB";"13,00";"Фастфуд";"5814";"Деливери";"13,00";"0,00";"-1397,00"
"17.04.2021 13:00:49";"17.04.2021";"*1405";"OK";"-2644,00";"RUB";"-2644,00";"RUB";"26,00";"Фастфуд";"5814";"Деливери";"26,00";"0,00";"-2644,00"
"15.04.2021 16:23:36";"15.04.2021";"*1405";"OK";"-2139,00";"RUB";"-2139,00";"RUB";"21,00";"Рестораны";"5812";"Яндекс Еда";"21,00";"0,00";"-2139,00"
"13.04.2021 13:03:08";"15.04.2021";"*1405";"OK";"-110,00";"RUB";"-110,00";"RUB";"5,00";"Транспорт";"4121";"Яндекс Такси";"5,00";"0,00";"-110,00"
"13.04.2021 12:19:31";"15.04.2021";"*1405";"OK";"-691,00";"RUB";"-691,00";"RUB";"34,00";"Транспорт";"4121";"Яндекс Такси";"34,00";"0,00";"-691,00"
"13.04.2021 11:01:43";"15.04.2021";"*1405";"OK";"-60,00";"RUB";"-60,00";"RUB";"3,00";"Транспорт";"4121";"Яндекс Такси";"3,00";"0,00";"-60,00"
"13.04.2021 10:31:43";"15.04.2021";"*1405";"OK";"-809,00";"RUB";"-809,00";"RUB";"40,00";"Транспорт";"4121";"Яндекс Такси";"40,00";"0,00";"-809,00"
"12.04.2021 23:02:41";"13.04.2021";"*1405";"OK";"-599,00";"RUB";"-599,00";"RUB";"5,00";"Цифровые товары";"5816";"Steam";"5,00";"0,00";"-599,00"
"12.04.2021 19:32:24";"12.04.2021";"*1405";"OK";"-3649,00";"RUB";"-3649,00";"RUB";"36,00";"Фастфуд";"5814";"Деливери";"36,00";"0,00";"-3649,00"
"08.04.2021 16:07:45";"09.04.2021";"*1405";"OK";"-8290,00";"RUB";"-8290,00";"RUB";"82,00";"Супермаркеты";"5411";"Ozon.ru";"82,00";"0,00";"-8290,00"
"07.04.2021 22:18:27";"08.04.2021";"*1405";"OK";"-23000,00";"RUB";"-23000,00";"RUB";"";"Переводы";"";"Юлия К.";"0,00";"0,00";"-23000,00"
"07.04.2021 22:18:03";"08.04.2021";"*1405";"OK";"500,00";"USD";"37700,00";"RUB";"";"Переводы";"";"Между своими счетами";"0,00";"0,00";"37700,00"
"05.04.2021 18:12:30";"05.04.2021";"*1405";"OK";"-199,00";"RUB";"-199,00";"RUB";"";"Другое";"";"Подписка Pro";"0,00";"0,00";"-199,00"
"05.04.2021 18:03:11";"05.04.2021";"*1405";"OK";"-8500,00";"RUB";"-8500,00";"RUB";"";"Переводы";"6012";"Перевод на карту";"0,00";"0,00";"-8500,00"
"05.04.2021 17:58:11";"05.04.2021";"*1405";"OK";"200,00";"USD";"15170,00";"RUB";"";"Переводы";"";"Между своими счетами";"0,00";"0,00";"15170,00"
"03.04.2021 14:24:07";"03.04.2021";"*1405";"OK";"-61,45";"RUB";"-61,45";"RUB";"";"Переводы";"";"Перевод между счетами";"0,00";"0,00";"-61,45"
"02.04.2021 15:40:05";"02.04.2021";"*1405";"OK";"-3000,00";"RUB";"-3000,00";"RUB";"";"Переводы";"6012";"Перевод на карту";"0,00";"0,00";"-3000,00"
"31.03.2021 12:17:30";"31.03.2021";"*1405";"OK";"-8500,00";"RUB";"-8500,00";"RUB";"";"Переводы";"6012";"Перевод на карту";"0,00";"0,00";"-8500,00"
"31.03.2021 12:13:42";"31.03.2021";"*1405";"OK";"120,00";"USD";"9018,00";"RUB";"";"Переводы";"";"Между своими счетами";"0,00";"0,00";"9018,00"
"15.03.2021 12:35:23";"15.03.2021";"*1405";"OK";"-500,00";"RUB";"-500,00";"RUB";"";"Мобильная связь";"";"МТС Mobile +7 916 413-96-15";"0,00";"0,00";"-500,00"
"15.03.2021 12:27:14";"15.03.2021";"*1405";"OK";"-11700,00";"RUB";"-11700,00";"RUB";"";"Переводы";"6012";"Перевод на карту";"0,00";"0,00";"-11700,00"
"15.03.2021 12:25:50";"15.03.2021";"*1405";"OK";"-1500,00";"RUB";"-1500,00";"RUB";"";"Мобильная связь";"";"Мой телефон +7 915 490-68-34";"0,00";"0,00";"-1500,00"
"13.03.2021 23:15:24";"14.03.2021";"*1405";"OK";"-4428,83";"RUB";"-4428,83";"RUB";"";"Переводы";"";"Перевод между счетами";"0,00";"0,00";"-4428,83"
"13.03.2021 23:13:20";"14.03.2021";"*1405";"OK";"-23000,00";"RUB";"-23000,00";"RUB";"";"Переводы";"";"Юлия К.";"0,00";"0,00";"-23000,00"
"13.03.2021 23:13:03";"14.03.2021";"*1405";"OK";"600,00";"USD";"42960,00";"RUB";"";"Переводы";"";"Между своими счетами";"0,00";"0,00";"42960,00"
"11.03.2021 11:04:57";"11.03.2021";"*1405";"OK";"-2000,00";"RUB";"-2000,00";"RUB";"";"Мобильная связь";"";"МТС Mobile +7 915 439-92-54";"0,00";"0,00";"-2000,00"
"11.03.2021 11:03:53";"11.03.2021";"*1405";"OK";"50,00";"USD";"3655,00";"RUB";"";"Переводы";"";"Между своими счетами";"0,00";"0,00";"3655,00"
"06.03.2021 18:06:34";"06.03.2021";"*1405";"OK";"-2000,00";"RUB";"-2000,00";"RUB";"";"Переводы";"6012";"Перевод на карту";"0,00";"0,00";"-2000,00"
"05.03.2021 18:13:00";"05.03.2021";"*1405";"OK";"-199,00";"RUB";"-199,00";"RUB";"";"Другое";"";"Подписка Pro";"0,00";"0,00";"-199,00"
"09.02.2021 18:03:08";"09.02.2021";"*1405";"OK";"-5000,00";"RUB";"-5000,00";"RUB";"";"Переводы";"6012";"Перевод на карту";"0,00";"0,00";"-5000,00"
"08.02.2021 18:32:14";"08.02.2021";"*1405";"OK";"60,00";"RUB";"60,00";"RUB";"";"НКО";"8999";"Pp*2351code";"0,00";"0,00";"60,00"
"08.02.2021 18:32:14";"08.02.2021";"*1405";"OK";"60,00";"RUB";"60,00";"RUB";"";"НКО";"8999";"Pp*6362code";"0,00";"0,00";"60,00"
"07.02.2021 23:56:24";"08.02.2021";"*1405";"OK";"-3900,00";"RUB";"-3900,00";"RUB";"";"Переводы";"6012";"Перевод на карту";"0,00";"0,00";"-3900,00"
"07.02.2021 22:05:01";"08.02.2021";"*1405";"OK";"-20000,00";"RUB";"-20000,00";"RUB";"";"Переводы";"";"Юлия К.";"0,00";"0,00";"-20000,00"
"07.02.2021 22:03:43";"08.02.2021";"*1405";"OK";"-8710,00";"RUB";"-8710,00";"RUB";"";"Переводы";"";"Перевод между счетами";"0,00";"0,00";"-8710,00"
"07.02.2021 22:02:39";"08.02.2021";"*1405";"OK";"500,00";"USD";"36475,00";"RUB";"";"Переводы";"";"Между своими счетами";"0,00";"0,00";"36475,00"
"05.02.2021 18:12:30";"05.02.2021";"*1405";"OK";"-199,00";"RUB";"-199,00";"RUB";"";"Другое";"";"Подписка Pro";"0,00";"0,00";"-199,00"
"30.01.2021 22:10:53";"30.01.2021";"";"OK";"624,00";"RUB";"624,00";"RUB";"";"Бонусы";"";"Вознаграждение за операции покупок";"0,00";"0,00";"624,00"
"30.01.2021 21:58:58";"31.01.2021";"*1405";"OK";"-5340,00";"RUB";"-5340,00";"RUB";"";"Переводы";"6012";"Перевод на карту";"0,00";"0,00";"-5340,00"
"30.01.2021 21:57:26";"31.01.2021";"*1405";"OK";"72,00";"USD";"5335,20";"RUB";"";"Переводы";"";"Между своими счетами";"0,00";"0,00";"5335,20"
"30.01.2021 21:49:44";"30.01.2021";"";"OK";"56,18";"RUB";"56,18";"RUB";"";"Бонусы";"";"Проценты на остаток по счету";"0,00";"0,00";"56,18"
"30.01.2021 21:41:25";"";"*1405";"FAILED";"-5800,00";"RUB";"-5800,00";"RUB";"";"Переводы";"";"Перевод на карту";"0,00";"0,00";"-5800,00"
"28.01.2021 18:19:56";"30.01.2021";"*1405";"OK";"-52,00";"RUB";"-52,00";"RUB";"2,00";"Транспорт";"4121";"Яндекс Такси";"2,00";"0,00";"-52,00"
"28.01.2021 16:49:59";"30.01.2021";"*1405";"OK";"-1040,00";"RUB";"-1040,00";"RUB";"52,00";"Транспорт";"4121";"Яндекс Такси";"52,00";"0,00";"-1040,00"
"28.01.2021 14:35:49";"29.01.2021";"*1405";"OK";"-1204,00";"RUB";"-1204,00";"RUB";"60,00";"Транспорт";"4121";"Яндекс Такси";"60,00";"0,00";"-1204,00"
"28.01.2021 14:14:49";"28.01.2021";"*1405";"OK";"-2400,00";"RUB";"-2400,00";"RUB";"";"Переводы";"6012";"Перевод на карту";"0,00";"0,00";"-2400,00"
"24.01.2021 18:31:14";"24.01.2021";"*1405";"OK";"850,00";"RUB";"850,00";"RUB";"";"Финансы";"6012";"МТС Банк";"0,00";"0,00";"850,00"
"24.01.2021 18:22:24";"24.01.2021";"*1405";"OK";"1560,00";"RUB";"1560,00";"RUB";"";"Финансы";"6012";"МТС Банк";"0,00";"0,00";"1560,00"
"24.01.2021 18:17:07";"24.01.2021";"*1405";"OK";"-1000,00";"RUB";"-1000,00";"RUB";"";"Переводы";"";"Юлия К.";"0,00";"0,00";"-1000,00"
"24.01.2021 16:27:41";"24.01.2021";"*1405";"OK";"-2000,00";"RUB";"-2000,00";"RUB";"";"Мобильная связь";"";"МТС Mobile +7 915 439-92-54";"0,00";"0,00";"-2000,00"
"19.01.2021 16:48:41";"20.01.2021";"*1405";"OK";"-2313,00";"RUB";"-2313,00";"RUB";"23,00";"Супермаркеты";"5411";"Ozon.ru";"23,00";"0,00";"-2313,00"
"18.01.2021 15:42:19";"18.01.2021";"*1405";"OK";"-60,00";"RUB";"-60,00";"RUB";"";"НКО";"8999";"Pp*2351code";"0,00";"0,00";"-60,00"
"16.01.2021 17:46:10";"16.01.2021";"*1405";"OK";"-5000,00";"RUB";"-5000,00";"RUB";"";"Переводы";"";"Валерия П.";"0,00";"0,00";"-5000,00"
"16.01.2021 17:33:52";"16.01.2021";"*1405";"OK";"-3000,00";"RUB";"-3000,00";"RUB";"";"Переводы";"";"Мария С.";"0,00";"0,00";"-3000,00"
"15.01.2021 13:31:27";"17.01.2021";"*6851";"OK";"-250,00";"RUB";"-250,00";"RUB";"12,00";"Транспорт";"4121";"Яндекс Такси";"12,00";"0,00";"-250,00"
"15.01.2021 12:38:42";"17.01.2021";"*6851";"OK";"-743,00";"RUB";"-743,00";"RUB";"37,00";"Транспорт";"4121";"Яндекс Такси";"37,00";"0,00";"-743,00"
"15.01.2021 12:26:53";"15.01.2021";"*6851";"OK";"-1500,00";"RUB";"-1500,00";"RUB";"15,00";"Медицина";"8062";"AO Ipkh I K";"15,00";"0,00";"-1500,00"
"15.01.2021 10:59:48";"17.01.2021";"*6851";"OK";"-52,65";"RUB";"-52,65";"RUB";"2,00";"Транспорт";"4121";"Яндекс Такси";"2,00";"0,00";"-52,65"
"15.01.2021 09:41:40";"17.01.2021";"*6851";"OK";"-1053,00";"RUB";"-1053,00";"RUB";"52,00";"Транспорт";"4121";"Яндекс Такси";"52,00";"0,00";"-1053,00"
"13.01.2021 17:27:12";"13.01.2021";"*6851";"OK";"1468,00";"RUB";"1468,00";"RUB";"-73,00";"Фастфуд";"5814";"Деливери";"-73,00";"0,00";"1468,00"
"11.01.2021 13:01:43";"11.01.2021";"*6851";"OK";"-8132,00";"RUB";"-8132,00";"RUB";"406,00";"Фастфуд";"5814";"Деливери";"406,00";"0,00";"-8132,00"
"10.01.2021 20:21:24";"11.01.2021";"*6851";"OK";"-1052,64";"RUB";"-1052,64";"RUB";"10,00";"НКО";"8398";"Donation Alerts";"10,00";"0,00";"-1052,64"
"10.01.2021 18:35:27";"11.01.2021";"*6851";"OK";"-526,32";"RUB";"-526,32";"RUB";"5,00";"НКО";"8398";"Donation Alerts";"5,00";"0,00";"-526,32"
"10.01.2021 14:56:17";"10.01.2021";"*1405";"OK";"-6000,00";"RUB";"-6000,00";"RUB";"";"Переводы";"";"Сергей П.";"0,00";"0,00";"-6000,00"
"09.01.2021 13:40:59";"09.01.2021";"*1405";"OK";"-58000,00";"RUB";"-58000,00";"RUB";"";"Переводы";"";"Юлия К.";"0,00";"0,00";"-58000,00"
"09.01.2021 13:40:00";"09.01.2021";"*1405";"OK";"-400,00";"RUB";"-400,00";"RUB";"";"Мобильная связь";"";"МТС Mobile +7 915 439-92-54";"0,00";"0,00";"-400,00"
"06.01.2021 22:17:16";"07.01.2021";"*6851";"OK";"-1806,00";"RUB";"-1806,00";"RUB";"18,00";"Фастфуд";"5814";"Деливери";"18,00";"0,00";"-1806,00"
"06.01.2021 12:43:57";"06.01.2021";"*1405";"OK";"-17420,00";"RUB";"-17420,00";"RUB";"";"Переводы";"";"Перевод между счетами";"0,00";"0,00";"-17420,00"
"05.01.2021 21:51:13";"06.01.2021";"*6851";"OK";"1500,00";"USD";"108075,00";"RUB";"";"Пополнения";"6012";"Пополнение. WalletABU_MOBILE VISA DIRECT UA";"0,00";"0,00";"108075,00"
"05.01.2021 19:26:27";"06.01.2021";"*6851";"OK";"-315,79";"RUB";"-315,79";"RUB";"3,00";"НКО";"8398";"Donation Alerts";"3,00";"0,00";"-315,79"
"05.01.2021 17:16:43";"05.01.2021";"*6851";"OK";"-1455,00";"RUB";"-1455,00";"RUB";"";"Фото и копицентры";"5045";"Tehnocentr";"21,00";"0,00";"-1455,00"
"05.01.2021 02:06:03";"05.01.2021";"*6851";"OK";"799,00";"RUB";"799,00";"RUB";"";"Бонусы";"";"Компенсация покупки";"0,00";"0,00";"799,00"
"30.12.2020 23:16:09";"30.12.2020";"";"OK";"-99,00";"RUB";"-99,00";"RUB";"";"Услуги банка";"";"Плата за обслуживание";"0,00";"0,00";"-99,00"
"30.12.2020 23:03:58";"30.12.2020";"";"OK";"-59,00";"RUB";"-59,00";"RUB";"";"Услуги банка";"";"Плата за оповещения об операциях";"0,00";"0,00";"-59,00"
"30.12.2020 22:12:37";"30.12.2020";"";"OK";"22,94";"RUB";"22,94";"RUB";"";"Бонусы";"";"Проценты на остаток по счету";"0,00";"0,00";"22,94"
"30.12.2020 14:43:43";"30.12.2020";"*6851";"OK";"-372,00";"RUB";"-372,00";"RUB";"";"Цифровые товары";"5816";"Steam";"11,00";"0,00";"-372,00"
"30.12.2020 12:23:23";"30.12.2020";"*6851";"OK";"-1500,00";"RUB";"-1500,00";"RUB";"";"Медицина";"8062";"AO Ipkh I K";"15,00";"0,00";"-1500,00"
"29.12.2020 20:41:11";"30.12.2020";"*6851";"OK";"-842,11";"RUB";"-842,11";"RUB";"";"НКО";"8398";"Donation Alerts";"8,00";"0,00";"-842,11"
"29.12.2020 14:01:57";"29.12.2020";"*6851";"OK";"400,00";"RUB";"400,00";"RUB";"";"Пополнения";"6012";"Пополнение. Card2Card Visa Direct RU";"0,00";"0,00";"400,00"
"29.12.2020 12:29:02";"29.12.2020";"*6851";"OK";"-372,00";"RUB";"-372,00";"RUB";"";"Цифровые товары";"5816";"Steam";"11,00";"0,00";"-372,00"
"29.12.2020 12:28:28";"29.12.2020";"*6851";"OK";"-372,00";"RUB";"-372,00";"RUB";"";"Цифровые товары";"5816";"Steam";"11,00";"0,00";"-372,00"
"29.12.2020 10:05:11";"29.12.2020";"*6851";"OK";"-20,00";"EUR";"-1851,00";"RUB";"";"Цифровые товары";"5816";"Riot* Lw015wufduq1";"27,00";"0,00";"-1851,00"
"28.12.2020 13:55:10";"28.12.2020";"*6851";"OK";"-114,00";"RUB";"-114,00";"RUB";"";"Транспорт";"4111";"Московский метрополитен";"1,00";"0,00";"-114,00"
"28.12.2020 12:36:22";"28.12.2020";"*6851";"OK";"999,50";"RUB";"999,50";"RUB";"";"Бонусы";"";"Компенсация покупки";"0,00";"0,00";"999,50"
"28.12.2020 12:25:52";"28.12.2020";"*6851";"OK";"-3500,00";"RUB";"-3500,00";"RUB";"";"Медицина";"8062";"AO Ipkh I K";"35,00";"0,00";"-3500,00"
"28.12.2020 12:19:26";"28.12.2020";"*6851";"OK";"-1500,00";"RUB";"-1500,00";"RUB";"";"Медицина";"8062";"AO Ipkh I K";"15,00";"0,00";"-1500,00"
"28.12.2020 12:08:23";"28.12.2020";"*6851";"OK";"1295,24";"RUB";"1295,24";"RUB";"";"Бонусы";"";"Компенсация покупки";"0,00";"0,00";"1295,24"
"28.12.2020 11:59:00";"31.12.2020";"*6851";"OK";"-73,45";"RUB";"-73,45";"RUB";"";"Транспорт";"4121";"Яндекс Такси";"1,00";"0,00";"-73,45"
"28.12.2020 10:27:28";"31.12.2020";"*6851";"OK";"-1469,00";"RUB";"-1469,00";"RUB";"";"Транспорт";"4121";"Яндекс Такси";"22,00";"0,00";"-1469,00"
"26.12.2020 09:43:12";"26.12.2020";"*6851";"OK";"-8710,00";"RUB";"-8710,00";"RUB";"";"Переводы";"";"Перевод между счетами";"0,00";"0,00";"-8710,00"
"26.12.2020 09:40:57";"26.12.2020";"*6851";"OK";"-31000,00";"RUB";"-31000,00";"RUB";"";"Переводы";"";"Юлия К.";"0,00";"0,00";"-31000,00"
"25.12.2020 17:50:43";"27.12.2020";"*6851";"OK";"-104,30";"RUB";"-104,30";"RUB";"";"Транспорт";"4121";"Яндекс Такси";"1,00";"0,00";"-104,30"
"25.12.2020 17:45:44";"27.12.2020";"*6851";"OK";"-471,00";"RUB";"-471,00";"RUB";"";"Транспорт";"4121";"Яндекс Такси";"7,00";"0,00";"-471,00"
"25.12.2020 17:38:26";"25.12.2020";"*6851";"OK";"-2251,00";"RUB";"-2251,00";"RUB";"";"Рестораны";"5812";"Деливери";"33,00";"0,00";"-2251,00"
"25.12.2020 15:45:19";"27.12.2020";"*6851";"OK";"-1615,00";"RUB";"-1615,00";"RUB";"";"Транспорт";"4121";"Яндекс Такси";"24,00";"0,00";"-1615,00"
"25.12.2020 15:29:27";"25.12.2020";"*6851";"OK";"-1500,00";"RUB";"-1500,00";"RUB";"";"Медицина";"8062";"AO Ipkh I K";"15,00";"0,00";"-1500,00"
"25.12.2020 14:27:15";"25.12.2020";"*6851";"OK";"-1500,00";"RUB";"-1500,00";"RUB";"";"Медицина";"8062";"AO Ipkh I K";"15,00";"0,00";"-1500,00"
"25.12.2020 13:40:12";"27.12.2020";"*6851";"OK";"-86,20";"RUB";"-86,20";"RUB";"";"Транспорт";"4121";"Яндекс Такси";"1,00";"0,00";"-86,20"
"25.12.2020 13:16:46";"25.12.2020";"*6851";"OK";"-4000,00";"RUB";"-4000,00";"RUB";"";"Медицина";"8062";"AO Ipkh I K";"40,00";"0,00";"-4000,00"
"25.12.2020 13:10:12";"27.12.2020";"*6851";"OK";"-65,80";"RUB";"-65,80";"RUB";"";"Транспорт";"4121";"Яндекс Такси";"0,00";"0,00";"-65,80"
"25.12.2020 11:01:46";"27.12.2020";"*6851";"OK";"-1658,20";"RUB";"-1658,20";"RUB";"";"Транспорт";"4121";"Яндекс Такси";"24,00";"0,00";"-1658,20"
"25.12.2020 10:54:03";"25.12.2020";"*6851";"OK";"65219,65";"RUB";"65219,65";"RUB";"";"Пополнения";"";"Пополнение через ООО ""ДОЙЧЕ БАНК""";"0,00";"0,00";"65219,65"
"24.12.2020 18:50:27";"24.12.2020";"*6851";"OK";"-885,00";"RUB";"-885,00";"RUB";"";"Рестораны";"5812";"Деливери";"13,00";"0,00";"-885,00"
"23.12.2020 18:05:36";"23.12.2020";"*6851";"OK";"-1263,50";"RUB";"-1263,50";"RUB";"";"Аптеки";"5912";"Аптеки Столички";"12,00";"0,00";"-1263,50"
"23.12.2020 17:56:55";"25.12.2020";"*6851";"OK";"-83,35";"RUB";"-83,35";"RUB";"";"Транспорт";"4121";"Яндекс Такси";"1,00";"0,00";"-83,35"
"23.12.2020 16:15:39";"25.12.2020";"*6851";"OK";"-1667,00";"RUB";"-1667,00";"RUB";"";"Транспорт";"4121";"Яндекс Такси";"25,00";"0,00";"-1667,00"
"23.12.2020 15:12:49";"25.12.2020";"*6851";"OK";"-390,20";"RUB";"-390,20";"RUB";"";"Транспорт";"4121";"Яндекс Такси";"5,00";"0,00";"-390,20"
"23.12.2020 13:41:02";"25.12.2020";"*6851";"OK";"-1018,90";"RUB";"-1018,90";"RUB";"";"Транспорт";"4121";"Яндекс Такси";"15,00";"0,00";"-1018,90"
"21.12.2020 19:30:13";"21.12.2020";"*6851";"OK";"-799,00";"RUB";"-799,00";"RUB";"";"Развлечения";"7994";"Y.M";"11,00";"0,00";"-799,00"
"21.12.2020 17:45:36";"21.12.2020";"*6851";"OK";"-1295,24";"RUB";"-1295,24";"RUB";"";"Различные товары";"5732";"Чип Сервис";"19,00";"0,00";"-1295,24"
"21.12.2020 17:21:42";"21.12.2020";"*6851";"OK";"-749,50";"RUB";"-749,50";"RUB";"";"Развлечения";"7994";"Y.M";"11,00";"0,00";"-749,50"
"21.12.2020 15:23:19";"21.12.2020";"*6851";"OK";"-399,50";"RUB";"-399,50";"RUB";"";"Развлечения";"7994";"Y.M";"5,00";"0,00";"-399,50"
"21.12.2020 10:49:38";"21.12.2020";"*6851";"OK";"12694,26";"RUB";"12694,26";"RUB";"";"Пополнения";"";"Пополнение через ООО ""ДОЙЧЕ БАНК""";"0,00";"0,00";"12694,26"
"20.12.2020 11:59:09";"20.12.2020";"*6851";"OK";"-315,79";"RUB";"-315,79";"RUB";"";"НКО";"8398";"Donation Alerts";"3,00";"0,00";"-315,79"
"16.12.2020 20:13:42";"16.12.2020";"*6851";"OK";"-1999,00";"RUB";"-1999,00";"RUB";"";"Развлечения";"7994";"Y.M";"29,00";"0,00";"-1999,00"
"16.12.2020 06:31:33";"16.12.2020";"*6851";"OK";"-3308,69";"RUB";"-3308,69";"RUB";"";"Развлечения";"7994";"Y.M";"49,00";"0,00";"-3308,69"
"16.12.2020 06:28:02";"16.12.2020";"*6851";"OK";"-999,50";"RUB";"-999,50";"RUB";"";"Развлечения";"7994";"Y.M";"14,00";"0,00";"-999,50"
"16.12.2020 06:25:38";"16.12.2020";"*6851";"OK";"-749,50";"RUB";"-749,50";"RUB";"";"Развлечения";"7994";"Y.M";"11,00";"0,00";"-749,50"
"15.12.2020 05:13:43";"15.12.2020";"*6851";"OK";"-1500,00";"RUB";"-1500,00";"RUB";"";"Переводы";"";"Таисия С.";"0,00";"0,00";"-1500,00"
"14.12.2020 13:41:43";"14.12.2020";"*6851";"OK";"7894,67";"RUB";"7894,67";"RUB";"";"Пополнения";"";"Пополнение через ООО ""ДОЙЧЕ БАНК""";"0,00";"0,00";"7894,67"
"14.12.2020 11:02:55";"14.12.2020";"*6851";"OK";"-429,28";"RUB";"-429,28";"RUB";"";"Различные товары";"5732";"Чип Сервис";"6,00";"0,00";"-429,28"
"11.12.2020 14:36:44";"11.12.2020";"*6851";"OK";"-1052,64";"RUB";"-1052,64";"RUB";"";"НКО";"8398";"Donation Alerts";"10,00";"0,00";"-1052,64"
"11.12.2020 14:32:37";"11.12.2020";"*6851";"OK";"-1052,64";"RUB";"-1052,64";"RUB";"";"НКО";"8398";"Donation Alerts";"10,00";"0,00";"-1052,64"
"11.12.2020 14:23:02";"11.12.2020";"*6851";"OK";"-1052,64";"RUB";"-1052,64";"RUB";"";"НКО";"8398";"Donation Alerts";"10,00";"0,00";"-1052,64"
"10.12.2020 18:17:55";"10.12.2020";"*6851";"OK";"-1052,64";"RUB";"-1052,64";"RUB";"";"НКО";"8398";"Donation Alerts";"10,00";"0,00";"-1052,64"
"10.12.2020 18:03:43";"10.12.2020";"*6851";"OK";"-1052,64";"RUB";"-1052,64";"RUB";"";"НКО";"8398";"Donation Alerts";"10,00";"0,00";"-1052,64"
"10.12.2020 15:04:10";"10.12.2020";"*6851";"OK";"-500,00";"RUB";"-500,00";"RUB";"";"Переводы";"6012";"Перевод на карту";"0,00";"0,00";"-500,00"
"10.12.2020 08:33:21";"10.12.2020";"*6851";"OK";"-500,00";"RUB";"-500,00";"RUB";"";"Переводы";"6012";"Перевод на карту";"0,00";"0,00";"-500,00"
"07.12.2020 20:28:42";"08.12.2020";"*6851";"OK";"-736,85";"RUB";"-736,85";"RUB";"";"НКО";"8398";"Donation Alerts";"7,00";"0,00";"-736,85"
"07.12.2020 20:21:17";"07.12.2020";"*6851";"OK";"-14840,00";"RUB";"-14840,00";"RUB";"";"Переводы";"";"Перевод между счетами";"0,00";"0,00";"-14840,00"
"07.12.2020 20:18:09";"07.12.2020";"*6851";"OK";"-10000,00";"RUB";"-10000,00";"RUB";"";"Переводы";"";"Таисия С.";"0,00";"0,00";"-10000,00"
"07.12.2020 12:05:07";"07.12.2020";"*6851";"OK";"14307,97";"RUB";"14307,97";"RUB";"";"Пополнения";"";"Пополнение через ООО ""ДОЙЧЕ БАНК""";"0,00";"0,00";"14307,97"
"07.12.2020 12:01:06";"07.12.2020";"*6851";"OK";"15738,76";"RUB";"15738,76";"RUB";"";"Пополнения";"";"Пополнение через ООО ""ДОЙЧЕ БАНК""";"0,00";"0,00";"15738,76"
"06.12.2020 17:13:37";"06.12.2020";"*6851";"OK";"-300,00";"RUB";"-300,00";"RUB";"";"Переводы";"6012";"Перевод на карту";"0,00";"0,00";"-300,00"
"04.12.2020 16:04:29";"04.12.2020";"*6851";"OK";"-2500,00";"RUB";"-2500,00";"RUB";"";"Переводы";"6012";"Перевод на карту";"0,00";"0,00";"-2500,00"
"02.12.2020 23:23:27";"03.12.2020";"*6851";"OK";"1000,00";"RUB";"1000,00";"RUB";"";"Пополнения";"6012";"Пополнение. Card2Card Visa Direct RU";"0,00";"0,00";"1000,00"
"30.11.2020 23:13:37";"30.11.2020";"";"OK";"-99,00";"RUB";"-99,00";"RUB";"";"Услуги банка";"";"Плата за обслуживание";"0,00";"0,00";"-99,00"
"30.11.2020 22:56:47";"30.11.2020";"";"OK";"-59,00";"RUB";"-59,00";"RUB";"";"Услуги банка";"";"Плата за оповещения об операциях";"0,00";"0,00";"-59,00"
"30.11.2020 22:02:56";"30.11.2020";"";"OK";"58,15";"RUB";"58,15";"RUB";"";"Бонусы";"";"Проценты на остаток по счету";"0,00";"0,00";"58,15"
"28.11.2020 20:51:37";"29.11.2020";"*6851";"OK";"-2177,00";"RUB";"-2177,00";"RUB";"";"Супермаркеты";"5411";"Ozon.ru";"21,00";"0,00";"-2177,00"
"28.11.2020 13:23:01";"28.11.2020";"*6851";"OK";"3000,00";"RUB";"3000,00";"RUB";"";"Пополнения";"6012";"Пополнение. Card2Card Visa Direct RU";"0,00";"0,00";"3000,00"
"26.11.2020 23:28:59";"27.11.2020";"*6851";"OK";"-2000,00";"RUB";"-2000,00";"RUB";"";"Переводы";"";"Таисия С.";"0,00";"0,00";"-2000,00"
"25.11.2020 18:27:14";"25.11.2020";"*6851";"OK";"147,00";"RUB";"147,00";"RUB";"";"Рестораны";"5812";"Деливери";"-2,00";"0,00";"147,00"
"22.11.2020 14:19:26";"22.11.2020";"*6851";"OK";"-1723,00";"RUB";"-1723,00";"RUB";"";"Рестораны";"5812";"Деливери";"25,00";"0,00";"-1723,00"
"20.11.2020 10:50:11";"20.11.2020";"*6851";"OK";"7325,21";"RUB";"7325,21";"RUB";"";"Пополнения";"";"Пополнение через ООО ""ДОЙЧЕ БАНК""";"0,00";"0,00";"7325,21"
"19.11.2020 20:27:58";"19.11.2020";"*6851";"OK";"-1824,00";"RUB";"-1824,00";"RUB";"";"Рестораны";"5812";"Деливери";"27,00";"0,00";"-1824,00"
"19.11.2020 03:41:41";"19.11.2020";"*6851";"OK";"-7500,00";"RUB";"-7500,00";"RUB";"";"Переводы";"6012";"Перевод на карту";"0,00";"0,00";"-7500,00"
"18.11.2020 13:08:38";"19.11.2020";"*6851";"OK";"-3030,00";"RUB";"-3030,00";"RUB";"";"Финансы";"6012";"ЮMoney";"0,00";"0,00";"-3030,00"
"15.11.2020 19:43:20";"17.11.2020";"*6851";"OK";"-1096,00";"RUB";"-1096,00";"RUB";"";"Рестораны";"5812";"Деливери";"16,00";"0,00";"-1096,00"
"15.11.2020 19:28:30";"17.11.2020";"*6851";"OK";"-1610,00";"RUB";"-1610,00";"RUB";"";"Рестораны";"5812";"Деливери";"24,00";"0,00";"-1610,00"
"14.11.2020 17:41:54";"14.11.2020";"*6851";"OK";"366,00";"RUB";"366,00";"RUB";"";"Рестораны";"5812";"Деливери";"-5,00";"0,00";"366,00"
"12.11.2020 12:34:22";"12.11.2020";"*6851";"OK";"-6724,00";"RUB";"-6724,00";"RUB";"";"Рестораны";"5812";"Деливери";"100,00";"0,00";"-6724,00"
"11.11.2020 18:56:01";"12.11.2020";"*6851";"OK";"-1430,00";"RUB";"-1430,00";"RUB";"";"Рестораны";"5812";"Деливери";"21,00";"0,00";"-1430,00"
"11.11.2020 18:22:41";"11.11.2020";"*6851";"OK";"-40000,00";"RUB";"-40000,00";"RUB";"";"Переводы";"";"Юлия К.";"0,00";"0,00";"-40000,00"
"09.11.2020 13:54:49";"09.11.2020";"*6851";"OK";"-8710,00";"RUB";"-8710,00";"RUB";"";"Переводы";"";"Перевод между счетами";"0,00";"0,00";"-8710,00"
"09.11.2020 13:51:34";"09.11.2020";"*6851";"OK";"-10000,00";"RUB";"-10000,00";"RUB";"";"Переводы";"";"Таисия С.";"0,00";"0,00";"-10000,00"
"08.11.2020 18:59:21";"08.11.2020";"*6851";"OK";"-537,64";"RUB";"-537,64";"RUB";"";"НКО";"8398";"Donation Alerts";"5,00";"0,00";"-537,64"
"07.11.2020 19:42:00";"09.11.2020";"*6851";"OK";"-2188,00";"RUB";"-2188,00";"RUB";"";"Рестораны";"5812";"Деливери";"32,00";"0,00";"-2188,00"
"06.11.2020 11:25:39";"06.11.2020";"*6851";"OK";"75125,82";"RUB";"75125,82";"RUB";"";"Пополнения";"";"Пополнение через ООО ""ДОЙЧЕ БАНК""";"0,00";"0,00";"75125,82"
"04.11.2020 23:07:25";"05.11.2020";"*6851";"OK";"-315,79";"RUB";"-315,79";"RUB";"";"НКО";"8398";"Donation Alerts";"3,00";"0,00";"-315,79"
"04.11.2020 22:19:51";"05.11.2020";"*6851";"OK";"-210,53";"RUB";"-210,53";"RUB";"";"НКО";"8398";"Donation Alerts";"2,00";"0,00";"-210,53"
"04.11.2020 21:58:05";"05.11.2020";"*6851";"OK";"-210,53";"RUB";"-210,53";"RUB";"";"НКО";"8398";"Donation Alerts";"2,00";"0,00";"-210,53"
"04.11.2020 15:28:25";"05.11.2020";"*6851";"OK";"-1219,00";"RUB";"-1219,00";"RUB";"";"Рестораны";"5812";"Деливери";"18,00";"0,00";"-1219,00"
"03.11.2020 14:25:27";"04.11.2020";"*6851";"OK";"-1604,00";"RUB";"-1604,00";"RUB";"";"Рестораны";"5812";"Деливери";"24,00";"0,00";"-1604,00"
"03.11.2020 14:06:01";"04.11.2020";"*6851";"OK";"-637,00";"RUB";"-637,00";"RUB";"";"Рестораны";"5812";"Деливери";"9,00";"0,00";"-637,00"
"01.11.2020 22:02:49";"02.11.2020";"*6851";"OK";"-526,32";"RUB";"-526,32";"RUB";"";"НКО";"8398";"Donation Alerts";"5,00";"0,00";"-526,32"
"01.11.2020 20:47:34";"02.11.2020";"*6851";"OK";"-526,32";"RUB";"-526,32";"RUB";"";"НКО";"8398";"Donation Alerts";"5,00";"0,00";"-526,32"
"31.10.2020 13:24:16";"31.10.2020";"*6851";"OK";"-20000,00";"RUB";"-20000,00";"RUB";"";"Переводы";"";"Перевод между счетами";"0,00";"0,00";"-20000,00"
"31.10.2020 13:15:47";"31.10.2020";"*6851";"OK";"-5200,00";"RUB";"-5200,00";"RUB";"";"Переводы";"6012";"Перевод на карту";"0,00";"0,00";"-5200,00"
"30.10.2020 22:42:11";"30.10.2020";"";"OK";"-99,00";"RUB";"-99,00";"RUB";"";"Услуги банка";"";"Плата за обслуживание";"0,00";"0,00";"-99,00"
"30.10.2020 22:27:00";"30.10.2020";"";"OK";"-59,00";"RUB";"-59,00";"RUB";"";"Услуги банка";"";"Плата за оповещения об операциях";"0,00";"0,00";"-59,00"
"30.10.2020 21:40:39";"30.10.2020";"";"OK";"138,42";"RUB";"138,42";"RUB";"";"Бонусы";"";"Проценты на остаток по счету";"0,00";"0,00";"138,42"
"30.10.2020 20:52:42";"31.10.2020";"*6851";"OK";"-2336,85";"RUB";"-2336,85";"RUB";"";"НКО";"8398";"Donation Alerts";"23,00";"0,00";"-2336,85"
"30.10.2020 19:45:46";"02.11.2020";"*6851";"OK";"-1205,00";"RUB";"-1205,00";"RUB";"";"Рестораны";"5812";"Деливери";"18,00";"0,00";"-1205,00"
"27.10.2020 22:08:23";"29.10.2020";"*6851";"OK";"-133,00";"RUB";"-133,00";"RUB";"";"Цифровые товары";"5816";"Steam";"3,00";"0,00";"-133,00"
"27.10.2020 17:25:55";"28.10.2020";"*6851";"OK";"-2563,00";"RUB";"-2563,00";"RUB";"";"Рестораны";"5812";"Деливери";"38,00";"0,00";"-2563,00"
"25.10.2020 11:24:00";"26.10.2020";"*6851";"OK";"-4780,00";"RUB";"-4780,00";"RUB";"";"Гаджеты и техника";"5732";"Wacom-Store.Ru";"71,00";"0,00";"-4780,00"
"19.10.2020 18:48:06";"19.10.2020";"*6851";"OK";"-12377,00";"RUB";"-12377,00";"RUB";"";"Переводы";"";"Викторович Андрей";"0,00";"0,00";"-12377,00"
"18.10.2020 13:25:53";"19.10.2020";"*6851";"OK";"-1801,00";"RUB";"-1801,00";"RUB";"";"Рестораны";"5812";"Яндекс Еда";"27,00";"0,00";"-1801,00"
"15.10.2020 15:56:06";"15.10.2020";"*6851";"OK";"-20000,00";"RUB";"-20000,00";"RUB";"";"Переводы";"";"Юлия К.";"0,00";"0,00";"-20000,00"
"15.10.2020 15:44:33";"15.10.2020";"*6851";"OK";"-30000,00";"RUB";"-30000,00";"RUB";"";"Переводы";"";"Юлия К.";"0,00";"0,00";"-30000,00"
"15.10.2020 15:43:11";"15.10.2020";"*6851";"OK";"-17420,00";"RUB";"-17420,00";"RUB";"";"Переводы";"";"Перевод между счетами";"0,00";"0,00";"-17420,00"
"14.10.2020 10:42:41";"14.10.2020";"*6851";"OK";"96508,49";"RUB";"96508,49";"RUB";"";"Пополнения";"";"Пополнение через ООО ""ДОЙЧЕ БАНК""";"0,00";"0,00";"96508,49"
"09.10.2020 12:55:42";"10.10.2020";"*6851";"OK";"-480,00";"RUB";"-480,00";"RUB";"";"Связь";"4816";"YM *win10tweaker";"0,00";"0,00";"-480,00"
"30.09.2020 22:59:30";"30.09.2020";"";"OK";"-99,00";"RUB";"-99,00";"RUB";"";"Услуги банка";"";"Плата за обслуживание";"0,00";"0,00";"-99,00"
"30.09.2020 22:33:57";"30.09.2020";"";"OK";"-59,00";"RUB";"-59,00";"RUB";"";"Услуги банка";"";"Плата за оповещения об операциях";"0,00";"0,00";"-59,00"
"30.09.2020 21:44:09";"30.09.2020";"";"OK";"101,96";"RUB";"101,96";"RUB";"";"Бонусы";"";"Проценты на остаток по счету";"0,00";"0,00";"101,96"
"28.09.2020 12:14:17";"28.09.2020";"*6851";"OK";"33445,07";"RUB";"33445,07";"RUB";"";"Пополнения";"";"Пополнение через ООО ""ДОЙЧЕ БАНК""";"0,00";"0,00";"33445,07"
"23.09.2020 21:09:16";"24.09.2020";"*6851";"OK";"-6000,00";"RUB";"-6000,00";"RUB";"";"Переводы";"6012";"Перевод на карту";"0,00";"0,00";"-6000,00"
"23.09.2020 16:02:49";"25.09.2020";"*6851";"OK";"-5899,00";"RUB";"-5899,00";"RUB";"";"Рестораны";"5812";"Яндекс Еда";"88,00";"0,00";"-5899,00"
"21.09.2020 11:58:20";"21.09.2020";"*6851";"OK";"-30000,00";"RUB";"-30000,00";"RUB";"";"Переводы";"";"Юлия К.";"0,00";"0,00";"-30000,00"
"21.09.2020 10:10:46";"21.09.2020";"*6851";"OK";"-10000,00";"RUB";"-10000,00";"RUB";"";"Переводы";"6012";"Перевод на карту";"0,00";"0,00";"-10000,00"
"17.09.2020 10:41:45";"17.09.2020";"*6851";"OK";"36285,28";"RUB";"36285,28";"RUB";"";"Пополнения";"";"Пополнение через ООО ""ДОЙЧЕ БАНК""";"0,00";"0,00";"36285,28"
"13.09.2020 10:27:59";"13.09.2020";"*6851";"OK";"-1000,00";"RUB";"-1000,00";"RUB";"";"Переводы";"6012";"Перевод на карту";"0,00";"0,00";"-1000,00"
"12.09.2020 21:53:25";"14.09.2020";"*6851";"OK";"-3770,00";"RUB";"-3770,00";"RUB";"";"Рестораны";"5812";"Яндекс Еда";"56,00";"0,00";"-3770,00"
"11.09.2020 21:21:37";"14.09.2020";"*6851";"OK";"-1585,00";"RUB";"-1585,00";"RUB";"";"Рестораны";"5812";"Яндекс Еда";"23,00";"0,00";"-1585,00"
"11.09.2020 09:41:18";"13.09.2020";"*6851";"OK";"-909,00";"RUB";"-909,00";"RUB";"";"Цифровые товары";"5816";"Steam";"27,00";"0,00";"-909,00"
"09.09.2020 14:43:27";"11.09.2020";"*6851";"OK";"-1410,00";"RUB";"-1410,00";"RUB";"";"Рестораны";"5812";"Яндекс Еда";"21,00";"0,00";"-1410,00"
"09.09.2020 14:32:05";"11.09.2020";"*6851";"OK";"-1444,00";"RUB";"-1444,00";"RUB";"";"Рестораны";"5812";"Яндекс Еда";"21,00";"0,00";"-1444,00"
"09.09.2020 14:24:36";"11.09.2020";"*6851";"OK";"-804,00";"RUB";"-804,00";"RUB";"";"Рестораны";"5812";"Яндекс Еда";"12,00";"0,00";"-804,00"
"09.09.2020 11:13:59";"09.09.2020";"*6851";"OK";"-1600,00";"RUB";"-1600,00";"RUB";"";"Переводы";"";"Михаил С.";"0,00";"0,00";"-1600,00"
"07.09.2020 18:14:03";"07.09.2020";"*6851";"OK";"-22000,00";"RUB";"-22000,00";"RUB";"";"Переводы";"";"Алексей Л.";"0,00";"0,00";"-22000,00"
"01.09.2020 20:10:24";"02.09.2020";"*6851";"OK";"-3990,00";"RUB";"-3990,00";"RUB";"";"Образование";"8299";"Робокасса";"39,00";"0,00";"-3990,00"
"01.09.2020 16:56:43";"03.09.2020";"*6851";"OK";"-1959,00";"RUB";"-1959,00";"RUB";"";"Рестораны";"5812";"Яндекс Еда";"29,00";"0,00";"-1959,00"
"30.08.2020 22:35:53";"30.08.2020";"";"OK";"-99,00";"RUB";"-99,00";"RUB";"";"Услуги банка";"";"Плата за обслуживание";"0,00";"0,00";"-99,00"
"30.08.2020 22:20:05";"30.08.2020";"";"OK";"-59,00";"RUB";"-59,00";"RUB";"";"Услуги банка";"";"Плата за оповещения об операциях";"0,00";"0,00";"-59,00"
"19.08.2020 23:49:31";"20.08.2020";"*6851";"OK";"-1919,00";"RUB";"-1919,00";"RUB";"";"Финансы";"6012";"ЮMoney";"0,00";"0,00";"-1919,00"
"19.08.2020 21:14:28";"20.08.2020";"*6851";"OK";"-10500,00";"RUB";"-10500,00";"RUB";"";"Переводы";"";"Таисия С.";"0,00";"0,00";"-10500,00"
"19.08.2020 19:18:21";"20.08.2020";"*6851";"OK";"-15000,00";"RUB";"-15000,00";"RUB";"";"Финансы";"6012";"ЮMoney";"0,00";"0,00";"-15000,00"
"19.08.2020 12:31:54";"19.08.2020";"*6851";"OK";"-405,00";"RUB";"-405,00";"RUB";"";"Услуги банка";"";"Комиссия за операцию";"0,00";"0,00";"-405,00"
"19.08.2020 12:31:54";"19.08.2020";"*6851";"OK";"-27000,00";"RUB";"-27000,00";"RUB";"";"Переводы";"6012";"Перевод на карту";"0,00";"0,00";"-27000,00"
"19.08.2020 10:52:12";"19.08.2020";"*6851";"OK";"105765,84";"RUB";"105765,84";"RUB";"";"Пополнения";"";"Пополнение через ООО ""ДОЙЧЕ БАНК""";"0,00";"0,00";"105765,84"
"17.08.2020 14:13:58";"17.08.2020";"*6851";"OK";"-600,00";"RUB";"-600,00";"RUB";"";"Мобильная связь";"";"Мой телефон +7 915 490-68-34";"0,00";"0,00";"-600,00"
"17.08.2020 14:13:19";"17.08.2020";"*6851";"OK";"-45,00";"RUB";"-45,00";"RUB";"";"Услуги банка";"";"Комиссия за операцию";"0,00";"0,00";"-45,00"
"17.08.2020 14:13:19";"17.08.2020";"*6851";"OK";"-3000,00";"RUB";"-3000,00";"RUB";"";"Переводы";"6012";"Перевод на карту";"0,00";"0,00";"-3000,00"
"11.08.2020 13:15:50";"13.08.2020";"*6851";"OK";"-1481,00";"RUB";"-1481,00";"RUB";"";"Рестораны";"5812";"Яндекс Еда";"22,00";"0,00";"-1481,00"
"31.07.2020 17:40:24";"31.07.2020";"*6851";"OK";"-20000,00";"RUB";"-20000,00";"RUB";"";"Переводы";"6012";"Перевод на карту";"0,00";"0,00";"-20000,00"
"30.07.2020 22:55:43";"30.07.2020";"";"OK";"-99,00";"RUB";"-99,00";"RUB";"";"Услуги банка";"";"Плата за обслуживание";"0,00";"0,00";"-99,00"
"30.07.2020 22:34:11";"30.07.2020";"";"OK";"-59,00";"RUB";"-59,00";"RUB";"";"Услуги банка";"";"Плата за оповещения об операциях";"0,00";"0,00";"-59,00"
"30.07.2020 21:41:06";"30.07.2020";"";"OK";"40,36";"RUB";"40,36";"RUB";"";"Бонусы";"";"Проценты на остаток по счету";"0,00";"0,00";"40,36"
"24.07.2020 20:06:08";"25.07.2020";"*6851";"OK";"-9990,00";"RUB";"-9990,00";"RUB";"";"Гаджеты и техника";"5732";"Shop.Casio";"149,00";"0,00";"-9990,00"
"23.07.2020 13:55:34";"24.07.2020";"*6851";"OK";"-1190,00";"RUB";"-1190,00";"RUB";"";"НКО";"8999";"PayPal";"0,00";"0,00";"-1190,00"
"22.07.2020 23:16:07";"23.07.2020";"*6851";"OK";"-10000,00";"RUB";"-10000,00";"RUB";"";"Финансы";"6012";"ЮMoney";"0,00";"0,00";"-10000,00"
"21.07.2020 23:40:23";"21.07.2020";"";"OK";"-99,00";"RUB";"-99,00";"RUB";"";"Услуги банка";"";"Плата за обслуживание";"0,00";"0,00";"-99,00"
"21.07.2020 23:08:24";"21.07.2020";"";"OK";"-59,00";"RUB";"-59,00";"RUB";"";"Услуги банка";"";"Плата за оповещения об операциях";"0,00";"0,00";"-59,00"
"21.07.2020 10:23:35";"21.07.2020";"*6851";"OK";"55312,97";"RUB";"55312,97";"RUB";"";"Пополнения";"";"Пополнение через ООО ""ДОЙЧЕ БАНК""";"0,00";"0,00";"55312,97"
"30.04.2020 22:57:27";"30.04.2020";"";"OK";"-5,88";"RUB";"-5,88";"RUB";"";"Услуги банка";"";"Плата за обслуживание";"0,00";"0,00";"-5,88"
"30.04.2020 22:38:20";"30.04.2020";"";"OK";"-59,00";"RUB";"-59,00";"RUB";"";"Услуги банка";"";"Плата за оповещения об операциях";"0,00";"0,00";"-59,00"
"31.03.2020 19:46:53";"31.03.2020";"*6851";"OK";"-400,00";"RUB";"-400,00";"RUB";"";"Переводы";"";"Валерия П.";"0,00";"0,00";"-400,00"
"30.03.2020 22:55:04";"30.03.2020";"";"OK";"-99,00";"RUB";"-99,00";"RUB";"";"Услуги банка";"";"Плата за обслуживание";"0,00";"0,00";"-99,00"
"30.03.2020 22:34:29";"30.03.2020";"";"OK";"-59,00";"RUB";"-59,00";"RUB";"";"Услуги банка";"";"Плата за оповещения об операциях";"0,00";"0,00";"-59,00"
"28.03.2020 03:13:07";"28.03.2020";"*6851";"OK";"-30,00";"RUB";"-30,00";"RUB";"";"Услуги банка";"";"Комиссия за операцию";"0,00";"0,00";"-30,00"
"28.03.2020 03:13:07";"28.03.2020";"*6851";"OK";"-600,00";"RUB";"-600,00";"RUB";"";"Переводы";"6012";"Перевод на карту";"0,00";"0,00";"-600,00"
"24.03.2020 00:09:43";"24.03.2020";"*6851";"OK";"-52,50";"RUB";"-52,50";"RUB";"";"Услуги банка";"";"Комиссия за операцию";"0,00";"0,00";"-52,50"
"24.03.2020 00:09:43";"24.03.2020";"*6851";"OK";"-3500,00";"RUB";"-3500,00";"RUB";"";"Переводы";"6012";"Перевод на карту";"0,00";"0,00";"-3500,00"
"23.03.2020 11:39:40";"23.03.2020";"*6851";"OK";"3765,16";"RUB";"3765,16";"RUB";"";"Пополнения";"";"Пополнение через ООО ""ДОЙЧЕ БАНК""";"0,00";"0,00";"3765,16"
"22.03.2020 23:57:32";"23.03.2020";"*6851";"OK";"-344,76";"RUB";"-344,76";"RUB";"";"Гаджеты и техника";"5732";"Чип Сервис";"5,00";"0,00";"-344,76"
"22.03.2020 19:55:38";"22.03.2020";"*6851";"OK";"-2000,00";"RUB";"-2000,00";"RUB";"";"Переводы";"6012";"Перевод на карту";"0,00";"0,00";"-2000,00"
"22.03.2020 19:54:17";"22.03.2020";"*6851";"OK";"-180,00";"RUB";"-180,00";"RUB";"";"Услуги банка";"";"Комиссия за операцию";"0,00";"0,00";"-180,00"
"22.03.2020 19:54:17";"22.03.2020";"*6851";"OK";"-32000,00";"RUB";"-32000,00";"RUB";"";"Переводы";"6012";"Перевод на карту";"0,00";"0,00";"-32000,00"
"19.03.2020 23:13:32";"19.03.2020";"";"OK";"-46,29";"RUB";"-46,29";"RUB";"";"Услуги банка";"";"Плата за обслуживание";"0,00";"0,00";"-46,29"
"19.03.2020 10:42:38";"19.03.2020";"*6851";"OK";"35611,27";"RUB";"35611,27";"RUB";"";"Пополнения";"";"Пополнение через ООО ""ДОЙЧЕ БАНК""";"0,00";"0,00";"35611,27"
"29.02.2020 23:16:01";"29.02.2020";"";"OK";"-52,71";"RUB";"-52,71";"RUB";"";"Услуги банка";"";"Плата за обслуживание";"0,00";"0,00";"-52,71"
"29.02.2020 22:56:17";"29.02.2020";"";"OK";"-59,00";"RUB";"-59,00";"RUB";"";"Услуги банка";"";"Плата за оповещения об операциях";"0,00";"0,00";"-59,00"
"30.01.2020 23:27:00";"30.01.2020";"";"OK";"-99,00";"RUB";"-99,00";"RUB";"";"Услуги банка";"";"Плата за обслуживание";"0,00";"0,00";"-99,00"
"30.01.2020 23:08:46";"30.01.2020";"";"OK";"-59,00";"RUB";"-59,00";"RUB";"";"Услуги банка";"";"Плата за оповещения об операциях";"0,00";"0,00";"-59,00"
"26.01.2020 13:39:26";"28.01.2020";"*6851";"OK";"-837,82";"RUB";"-837,82";"RUB";"";"Цифровые товары";"5816";"Steam";"25,00";"0,00";"-837,82"
"26.01.2020 00:00:00";"27.01.2020";"*6851";"OK";"-846,00";"RUB";"-846,00";"RUB";"";"Цифровые товары";"5816";"Steam";"25,00";"0,00";"-846,00"
"24.01.2020 20:24:04";"25.01.2020";"*6851";"OK";"-1040,76";"RUB";"-1040,76";"RUB";"";"Наличные";"6012";"UnitPay";"0,00";"0,00";"-1040,76"
"24.01.2020 14:49:42";"24.01.2020";"*6851";"OK";"-255,00";"RUB";"-255,00";"RUB";"";"Услуги банка";"";"Комиссия за операцию";"0,00";"0,00";"-255,00"
"24.01.2020 14:49:42";"24.01.2020";"*6851";"OK";"-32000,00";"RUB";"-32000,00";"RUB";"";"Переводы";"6012";"Перевод на карту";"0,00";"0,00";"-32000,00"
"24.01.2020 14:32:01";"24.01.2020";"*6851";"OK";"-10000,00";"RUB";"-10000,00";"RUB";"";"Переводы";"6012";"Перевод на карту";"0,00";"0,00";"-10000,00"
"24.01.2020 14:29:46";"24.01.2020";"*6851";"OK";"-5000,00";"RUB";"-5000,00";"RUB";"";"Переводы";"6012";"Перевод на карту";"0,00";"0,00";"-5000,00"
"24.01.2020 12:10:35";"24.01.2020";"*6851";"OK";"46000,00";"RUB";"46000,00";"RUB";"";"Переводы";"";"Сергей Ж.";"0,00";"0,00";"46000,00"
"15.01.2020 00:00:00";"17.01.2020";"*6851";"OK";"2058,19";"RUB";"2058,19";"RUB";"";"НКО";"8699";"PayPal";"-20,00";"0,00";"2058,19"
"30.12.2019 23:19:13";"30.12.2019";"";"OK";"-99,00";"RUB";"-99,00";"RUB";"";"Услуги банка";"";"Плата за обслуживание";"0,00";"0,00";"-99,00"
"30.12.2019 23:03:21";"30.12.2019";"";"OK";"-59,00";"RUB";"-59,00";"RUB";"";"Услуги банка";"";"Плата за оповещения об операциях";"0,00";"0,00";"-59,00"
"16.12.2019 00:00:00";"18.12.2019";"*6851";"OK";"-2058,19";"RUB";"-2058,19";"RUB";"";"НКО";"8699";"PayPal";"20,00";"0,00";"-2058,19"
"30.11.2019 00:00:00";"30.11.2019";"";"OK";"-99,00";"RUB";"-99,00";"RUB";"";"Услуги банка";"";"Плата за обслуживание";"0,00";"0,00";"-99,00"
"30.11.2019 00:00:00";"30.11.2019";"";"OK";"-59,00";"RUB";"-59,00";"RUB";"";"Услуги банка";"";"Плата за оповещения об операциях";"0,00";"0,00";"-59,00"
"02.11.2019 22:10:38";"04.11.2019";"*6851";"OK";"-1052,64";"RUB";"-1052,64";"RUB";"";"Различные товары";"7278";"DonationAlerts";"10,00";"0,00";"-1052,64"
"30.10.2019 00:00:00";"30.10.2019";"";"OK";"-99,00";"RUB";"-99,00";"RUB";"";"Услуги банка";"";"Плата за обслуживание";"0,00";"0,00";"-99,00"
"30.10.2019 00:00:00";"30.10.2019";"";"OK";"-59,00";"RUB";"-59,00";"RUB";"";"Услуги банка";"";"Плата за оповещения об операциях";"0,00";"0,00";"-59,00"
"14.10.2019 19:55:12";"14.10.2019";"*6851";"OK";"4400,00";"RUB";"4400,00";"RUB";"";"Пополнения";"6012";"Пополнение. Card2Card Visa Direct RU";"0,00";"0,00";"4400,00"
"06.10.2019 15:46:54";"06.10.2019";"*6851";"OK";"-2500,00";"RUB";"-2500,00";"RUB";"";"Переводы";"6012";"Перевод на карту";"0,00";"0,00";"-2500,00"
"30.09.2019 00:00:00";"30.09.2019";"";"OK";"-99,00";"RUB";"-99,00";"RUB";"";"Услуги банка";"";"Плата за обслуживание";"0,00";"0,00";"-99,00"
"30.09.2019 00:00:00";"30.09.2019";"";"OK";"-59,00";"RUB";"-59,00";"RUB";"";"Услуги банка";"";"Плата за оповещения об операциях";"0,00";"0,00";"-59,00"
"22.09.2019 13:17:04";"24.09.2019";"*6851";"OK";"-713,52";"RUB";"-713,52";"RUB";"";"Книги и канцтовары";"5942";"Литрес";"7,00";"0,00";"-713,52"
"30.08.2019 00:00:00";"30.08.2019";"";"OK";"-99,00";"RUB";"-99,00";"RUB";"";"Услуги банка";"";"Плата за обслуживание";"0,00";"0,00";"-99,00"
"30.08.2019 00:00:00";"30.08.2019";"";"OK";"-59,00";"RUB";"-59,00";"RUB";"";"Услуги банка";"";"Плата за оповещения об операциях";"0,00";"0,00";"-59,00"
"30.07.2019 00:00:00";"30.07.2019";"";"OK";"-99,00";"RUB";"-99,00";"RUB";"";"Услуги банка";"";"Плата за обслуживание";"0,00";"0,00";"-99,00"
"30.07.2019 00:00:00";"30.07.2019";"";"OK";"-59,00";"RUB";"-59,00";"RUB";"";"Услуги банка";"";"Плата за оповещения об операциях";"0,00";"0,00";"-59,00"
"30.07.2019 00:00:00";"30.07.2019";"";"OK";"66,55";"RUB";"66,55";"RUB";"";"Бонусы";"";"Проценты на остаток по счету";"0,00";"0,00";"66,55"
"15.07.2019 16:07:32";"15.07.2019";"*6851";"OK";"-7500,00";"RUB";"-7500,00";"RUB";"";"Переводы";"6012";"Перевод на карту";"0,00";"0,00";"-7500,00"
"15.07.2019 14:24:30";"15.07.2019";"*6851";"OK";"-5000,00";"RUB";"-5000,00";"RUB";"";"Переводы";"6012";"Перевод на карту";"0,00";"0,00";"-5000,00"
"08.07.2019 00:00:00";"09.07.2019";"*6851";"OK";"-7490,00";"RUB";"-7490,00";"RUB";"";"Цифровые товары";"5817";"Google";"74,00";"0,00";"-7490,00"
"30.06.2019 00:00:00";"30.06.2019";"";"OK";"-99,00";"RUB";"-99,00";"RUB";"";"Услуги банка";"";"Плата за обслуживание";"0,00";"0,00";"-99,00"
"30.06.2019 00:00:00";"30.06.2019";"";"OK";"-59,00";"RUB";"-59,00";"RUB";"";"Услуги банка";"";"Плата за оповещения об операциях";"0,00";"0,00";"-59,00"
"30.06.2019 00:00:00";"30.06.2019";"";"OK";"210,17";"RUB";"210,17";"RUB";"";"Бонусы";"";"Проценты на остаток по счету";"0,00";"0,00";"210,17"
"28.06.2019 00:00:00";"28.06.2019";"*6851";"OK";"-90,00";"RUB";"-90,00";"RUB";"";"Услуги банка";"";"Комиссия за операцию";"0,00";"0,00";"-90,00"
"27.06.2019 17:45:17";"28.06.2019";"*6851";"OK";"-2000,00";"RUB";"-2000,00";"RUB";"";"Наличные";"6011";"Снятие в банкомате Банк ПСБ (Б2П)";"0,00";"0,00";"-2000,00"
"27.06.2019 17:44:19";"29.06.2019";"*6851";"OK";"-385,50";"RUB";"-385,50";"RUB";"";"Супермаркеты";"5411";"OOO Prod. Mag N103";"3,00";"0,00";"-385,50"
"27.06.2019 11:31:01";"29.06.2019";"*6851";"OK";"-122,50";"RUB";"-122,50";"RUB";"";"Супермаркеты";"5411";"OOO Prod. Mag N103";"1,00";"0,00";"-122,50"
"26.06.2019 21:06:19";"27.06.2019";"*6851";"OK";"-350,00";"RUB";"-350,00";"RUB";"";"Мобильная связь";"";"МТС +7 983 055-39-30";"0,00";"0,00";"-350,00"
"26.06.2019 13:12:22";"27.06.2019";"*6851";"OK";"-1600,00";"RUB";"-1600,00";"RUB";"";"Рестораны";"5812";"88005500600.Ru";"24,00";"0,00";"-1600,00"
"26.06.2019 12:53:48";"27.06.2019";"*6851";"OK";"-1007,60";"RUB";"-1007,60";"RUB";"";"Госуслуги";"9402";"Почта России";"10,00";"0,00";"-1007,60"
"26.06.2019 11:42:17";"27.06.2019";"*6851";"OK";"-780,00";"RUB";"-780,00";"RUB";"";"Госуслуги";"9402";"Почта России";"7,00";"0,00";"-780,00"
"25.06.2019 11:38:47";"27.06.2019";"*6851";"OK";"-800,00";"RUB";"-800,00";"RUB";"";"Госуслуги";"9399";"Rybinsk";"8,00";"0,00";"-800,00"
"24.06.2019 21:04:44";"26.06.2019";"*6851";"OK";"-112,50";"RUB";"-112,50";"RUB";"";"Супермаркеты";"5411";"OOO Prod. Mag N103";"1,00";"0,00";"-112,50"
"24.06.2019 12:49:52";"26.06.2019";"*6851";"OK";"-1342,03";"RUB";"-1342,03";"RUB";"";"Супермаркеты";"5411";"Karusel  Babushkina";"13,00";"0,00";"-1342,03"
"24.06.2019 12:25:22";"24.06.2019";"*6851";"OK";"18380,20";"RUB";"18380,20";"RUB";"";"Пополнения";"";"Пополнение через ООО ""ДОЙЧЕ БАНК""";"0,00";"0,00";"18380,20"
"24.06.2019 12:15:22";"24.06.2019";"*6851";"OK";"-600,00";"RUB";"-600,00";"RUB";"";"Мобильная связь";"";"Мой телефон +7 915 490-68-34";"0,00";"0,00";"-600,00"
"23.06.2019 14:40:07";"23.06.2019";"*6851";"OK";"-30,00";"RUB";"-30,00";"RUB";"";"Услуги банка";"";"Комиссия за операцию";"0,00";"0,00";"-30,00"
"23.06.2019 14:40:07";"23.06.2019";"*6851";"OK";"-300,00";"RUB";"-300,00";"RUB";"";"Переводы";"6012";"Перевод на карту";"0,00";"0,00";"-300,00"
"23.06.2019 09:45:59";"25.06.2019";"*6851";"OK";"-540,19";"RUB";"-540,19";"RUB";"";"Супермаркеты";"5411";"Karusel  Babushkina";"5,00";"0,00";"-540,19"
"21.06.2019 20:37:50";"23.06.2019";"*6851";"OK";"-292,50";"RUB";"-292,50";"RUB";"";"Супермаркеты";"5411";"OOO Prod. Mag N103";"2,00";"0,00";"-292,50"
"20.06.2019 20:59:01";"20.06.2019";"*6851";"OK";"-45,00";"RUB";"-45,00";"RUB";"";"Услуги банка";"";"Комиссия за операцию";"0,00";"0,00";"-45,00"
"20.06.2019 20:59:01";"20.06.2019";"*6851";"OK";"-3000,00";"RUB";"-3000,00";"RUB";"";"Переводы";"6012";"Перевод на карту";"0,00";"0,00";"-3000,00"
"20.06.2019 12:13:39";"22.06.2019";"*6851";"OK";"-1092,50";"RUB";"-1092,50";"RUB";"";"Супермаркеты";"5411";"OOO Prod. Mag N103";"10,00";"0,00";"-1092,50"
"20.06.2019 00:00:00";"22.06.2019";"*6851";"OK";"-6929,00";"RUB";"-6929,00";"RUB";"";"Цифровые товары";"5816";"Microsoft";"207,00";"0,00";"-6929,00"
"19.06.2019 12:49:37";"22.06.2019";"*6851";"OK";"-671,50";"RUB";"-671,50";"RUB";"";"Супермаркеты";"5411";"OOO Prod. Mag N103";"6,00";"0,00";"-671,50"
"18.06.2019 11:08:46";"21.06.2019";"*6851";"OK";"-749,00";"RUB";"-749,00";"RUB";"";"Супермаркеты";"5411";"OOO Prod. Mag N103";"7,00";"0,00";"-749,00"
"16.06.2019 13:38:28";"18.06.2019";"*6851";"OK";"-712,50";"RUB";"-712,50";"RUB";"";"Супермаркеты";"5411";"OOO Prod. Mag N103";"7,00";"0,00";"-712,50"
"16.06.2019 12:32:24";"16.06.2019";"*6851";"OK";"-60,00";"RUB";"-60,00";"RUB";"";"Услуги банка";"";"Комиссия за операцию";"0,00";"0,00";"-60,00"
"16.06.2019 12:32:24";"16.06.2019";"*6851";"OK";"-4000,00";"RUB";"-4000,00";"RUB";"";"Переводы";"6012";"Перевод на карту";"0,00";"0,00";"-4000,00"
"15.06.2019 10:46:35";"17.06.2019";"*6851";"OK";"-401,00";"RUB";"-401,00";"RUB";"";"Супермаркеты";"5411";"OOO Prod. Mag N103";"4,00";"0,00";"-401,00"
"14.06.2019 17:29:39";"16.06.2019";"*6851";"OK";"-112,50";"RUB";"-112,50";"RUB";"";"Супермаркеты";"5411";"OOO Prod. Mag N103";"1,00";"0,00";"-112,50"
"13.06.2019 09:37:05";"15.06.2019";"*6851";"OK";"-1052,00";"RUB";"-1052,00";"RUB";"";"Супермаркеты";"5411";"OOO Prod. Mag N103";"10,00";"0,00";"-1052,00"
"13.06.2019 09:27:46";"13.06.2019";"*6851";"OK";"-2000,00";"RUB";"-2000,00";"RUB";"";"Наличные";"6011";"Снятие в банкомате Банк ПСБ (Б2П)";"0,00";"0,00";"-2000,00"
"13.06.2019 00:00:00";"13.06.2019";"*6851";"OK";"-90,00";"RUB";"-90,00";"RUB";"";"Услуги банка";"";"Комиссия за операцию";"0,00";"0,00";"-90,00"
"12.06.2019 14:19:03";"14.06.2019";"*6851";"OK";"-98,40";"RUB";"-98,40";"RUB";"";"Аптеки";"5912";"Аптека Линия Здоровья";"0,00";"0,00";"-98,40"
"12.06.2019 13:03:23";"12.06.2019";"*6851";"OK";"-30,00";"RUB";"-30,00";"RUB";"";"Услуги банка";"";"Комиссия за операцию";"0,00";"0,00";"-30,00"
"12.06.2019 13:03:23";"12.06.2019";"*6851";"OK";"-2000,00";"RUB";"-2000,00";"RUB";"";"Переводы";"6012";"Перевод на карту";"0,00";"0,00";"-2000,00"
"12.06.2019 13:02:42";"13.06.2019";"*6851";"OK";"-650,00";"RUB";"-650,00";"RUB";"";"Связь";"4816";"Atelrybinsk";"0,00";"0,00";"-650,00"
"12.06.2019 10:27:18";"14.06.2019";"*6851";"OK";"-29,50";"RUB";"-29,50";"RUB";"";"Аптеки";"5912";"Aptechnyj Punkt";"0,00";"0,00";"-29,50"
"12.06.2019 10:23:48";"14.06.2019";"*6851";"OK";"-725,50";"RUB";"-725,50";"RUB";"";"Супермаркеты";"5411";"OOO Prod. Mag N103";"7,00";"0,00";"-725,50"
"11.06.2019 17:23:37";"13.06.2019";"*6851";"OK";"-1330,00";"RUB";"-1330,00";"RUB";"";"Рестораны";"5812";"88005500600.Ru";"19,00";"0,00";"-1330,00"
"11.06.2019 16:43:49";"11.06.2019";"*6851";"OK";"-30,00";"RUB";"-30,00";"RUB";"";"Услуги банка";"";"Комиссия за операцию";"0,00";"0,00";"-30,00"
"11.06.2019 16:43:49";"11.06.2019";"*6851";"OK";"-800,00";"RUB";"-800,00";"RUB";"";"Переводы";"6012";"Перевод на карту";"0,00";"0,00";"-800,00"
"10.06.2019 16:41:25";"12.06.2019";"*6851";"OK";"-245,50";"RUB";"-245,50";"RUB";"";"Супермаркеты";"5411";"OOO Prod. Mag N103";"2,00";"0,00";"-245,50"
"09.06.2019 10:28:01";"11.06.2019";"*6851";"OK";"-760,50";"RUB";"-760,50";"RUB";"";"Супермаркеты";"5411";"OOO Prod. Mag N103";"7,00";"0,00";"-760,50"
"07.06.2019 20:39:22";"09.06.2019";"*6851";"OK";"-117,50";"RUB";"-117,50";"RUB";"";"Супермаркеты";"5411";"OOO Prod. Mag N103";"1,00";"0,00";"-117,50"
"07.06.2019 14:11:18";"08.06.2019";"*6851";"OK";"-1962,00";"RUB";"-1962,00";"RUB";"";"Рестораны";"5812";"Zavodvezet";"29,00";"0,00";"-1962,00"
"06.06.2019 15:23:10";"08.06.2019";"*6851";"OK";"-800,00";"RUB";"-800,00";"RUB";"";"Медицина";"8099";"Omikron-Tomograd";"8,00";"0,00";"-800,00"
"05.06.2019 19:39:50";"07.06.2019";"*6851";"OK";"-1355,50";"RUB";"-1355,50";"RUB";"";"Супермаркеты";"5411";"OOO Prod. Mag N103";"13,00";"0,00";"-1355,50"
"04.06.2019 20:12:47";"06.06.2019";"*6851";"OK";"-1197,50";"RUB";"-1197,50";"RUB";"";"Супермаркеты";"5411";"OOO Prod. Mag N103";"11,00";"0,00";"-1197,50"
"04.06.2019 12:54:32";"04.06.2019";"*6851";"OK";"-5000,00";"RUB";"-5000,00";"RUB";"";"Переводы";"6012";"Перевод на карту";"0,00";"0,00";"-5000,00"
"03.06.2019 22:31:57";"04.06.2019";"*6851";"OK";"-15000,00";"RUB";"-15000,00";"RUB";"";"Переводы";"6012";"Перевод на карту";"0,00";"0,00";"-15000,00"
"03.06.2019 13:20:16";"05.06.2019";"*6851";"OK";"-862,50";"RUB";"-862,50";"RUB";"";"Супермаркеты";"5411";"OOO Prod. Mag N103";"8,00";"0,00";"-862,50"
"02.06.2019 14:28:11";"03.06.2019";"*6851";"OK";"-1240,00";"RUB";"-1240,00";"RUB";"";"Рестораны";"5812";"88005500600.Ru";"18,00";"0,00";"-1240,00"
"01.06.2019 20:11:14";"03.06.2019";"*6851";"OK";"-580,50";"RUB";"-580,50";"RUB";"";"Супермаркеты";"5411";"OOO Prod. Mag N103";"5,00";"0,00";"-580,50"
"01.06.2019 10:46:06";"03.06.2019";"*6851";"OK";"-429,50";"RUB";"-429,50";"RUB";"";"Супермаркеты";"5411";"OOO Prod. Mag N103";"4,00";"0,00";"-429,50"
"30.05.2019 21:44:54";"01.06.2019";"*6851";"OK";"-660,50";"RUB";"-660,50";"RUB";"";"Супермаркеты";"5411";"OOO Prod. Mag N103";"6,00";"0,00";"-660,50"
"30.05.2019 13:06:47";"01.06.2019";"*6851";"OK";"-3760,00";"RUB";"-3760,00";"RUB";"";"Одежда и обувь";"5094";"Ostrovok Sokrovishh";"37,00";"0,00";"-3760,00"
"30.05.2019 12:56:30";"01.06.2019";"*6851";"OK";"-154,00";"RUB";"-154,00";"RUB";"";"Книги и канцтовары";"5942";"Читай-город";"1,00";"0,00";"-154,00"
"30.05.2019 12:54:32";"01.06.2019";"*6851";"OK";"-1485,00";"RUB";"-1485,00";"RUB";"";"Книги и канцтовары";"5942";"Читай-город";"14,00";"0,00";"-1485,00"
"30.05.2019 00:00:00";"30.05.2019";"";"OK";"-99,00";"RUB";"-99,00";"RUB";"";"Услуги банка";"";"Плата за обслуживание";"0,00";"0,00";"-99,00"
"30.05.2019 00:00:00";"30.05.2019";"";"OK";"-59,00";"RUB";"-59,00";"RUB";"";"Услуги банка";"";"Плата за оповещения об операциях";"0,00";"0,00";"-59,00"
"30.05.2019 00:00:00";"30.05.2019";"";"OK";"279,39";"RUB";"279,39";"RUB";"";"Бонусы";"";"Проценты на остаток по счету";"0,00";"0,00";"279,39"
"28.05.2019 21:32:22";"30.05.2019";"*6851";"OK";"-1182,00";"RUB";"-1182,00";"RUB";"";"Супермаркеты";"5411";"OOO Prod. Mag N103";"11,00";"0,00";"-1182,00"
"28.05.2019 12:22:01";"29.05.2019";"*6851";"OK";"-610,00";"RUB";"-610,00";"RUB";"";"Рестораны";"5812";"Tarelochka. Dostavka";"9,00";"0,00";"-610,00"
"28.05.2019 11:53:18";"29.05.2019";"*6851";"OK";"-3500,00";"RUB";"-3500,00";"RUB";"";"Госуслуги";"9311";"Госуслуги";"35,00";"0,00";"-3500,00"
"27.05.2019 19:51:34";"29.05.2019";"*6851";"OK";"-127,50";"RUB";"-127,50";"RUB";"";"Супермаркеты";"5411";"OOO Prod. Mag N103";"1,00";"0,00";"-127,50"
"27.05.2019 19:46:23";"29.05.2019";"*6851";"OK";"-143,00";"RUB";"-143,00";"RUB";"";"Аптеки";"5912";"Аптека Линия Здоровья";"1,00";"0,00";"-143,00"
"27.05.2019 18:23:46";"29.05.2019";"*6851";"OK";"-1600,00";"RUB";"-1600,00";"RUB";"";"Другое";"4812";"Яндекс Диск";"0,00";"0,00";"-1600,00"
"26.05.2019 17:11:29";"28.05.2019";"*6851";"OK";"-634,50";"RUB";"-634,50";"RUB";"";"Супермаркеты";"5411";"OOO Prod. Mag N103";"6,00";"0,00";"-634,50"
"25.05.2019 16:53:05";"27.05.2019";"*6851";"OK";"-749,00";"RUB";"-749,00";"RUB";"";"Супермаркеты";"5411";"OOO Prod. Mag N103";"7,00";"0,00";"-749,00"
"25.05.2019 14:07:50";"27.05.2019";"*6851";"OK";"-1750,00";"RUB";"-1750,00";"RUB";"";"Медицина";"8099";"Centr Diagnostiki";"17,00";"0,00";"-1750,00"
"25.05.2019 12:00:03";"26.05.2019";"*6851";"OK";"-620,00";"RUB";"-620,00";"RUB";"";"Рестораны";"5812";"Tarelochka. Dostavka";"9,00";"0,00";"-620,00"
"24.05.2019 13:00:07";"25.05.2019";"*6851";"OK";"-975,00";"RUB";"-975,00";"RUB";"";"Рестораны";"5812";"Tarelochka. Dostavka";"14,00";"0,00";"-975,00"
"24.05.2019 09:28:29";"26.05.2019";"*6851";"OK";"-85,50";"RUB";"-85,50";"RUB";"";"Супермаркеты";"5411";"OOO Prod. Mag N103";"0,00";"0,00";"-85,50"
"23.05.2019 12:01:51";"25.05.2019";"*6851";"OK";"-342,00";"RUB";"-342,00";"RUB";"";"Супермаркеты";"5411";"OOO Prod. Mag N103";"3,00";"0,00";"-342,00"
"23.05.2019 11:52:32";"25.05.2019";"*6851";"OK";"-150,00";"RUB";"-150,00";"RUB";"";"Аптеки";"5912";"Aptechnyj Punkt";"1,00";"0,00";"-150,00"
"22.05.2019 16:15:04";"24.05.2019";"*6851";"OK";"-762,00";"RUB";"-762,00";"RUB";"";"Рестораны";"5812";"Tarelochka. Dostavka";"11,00";"0,00";"-762,00"
"21.05.2019 14:48:08";"23.05.2019";"*6851";"OK";"-233,50";"RUB";"-233,50";"RUB";"";"Аптеки";"5912";"Aptechnyj Punkt";"2,00";"0,00";"-233,50"
"21.05.2019 11:51:39";"21.05.2019";"*6851";"OK";"-2000,00";"RUB";"-2000,00";"RUB";"";"Наличные";"6011";"Снятие в банкомате Банк ПСБ (Б2П)";"0,00";"0,00";"-2000,00"
"21.05.2019 10:15:03";"21.05.2019";"*6851";"OK";"75519,40";"RUB";"75519,40";"RUB";"";"Пополнения";"";"Пополнение через ООО ""ДОЙЧЕ БАНК""";"0,00";"0,00";"75519,40"
"21.05.2019 00:00:00";"21.05.2019";"*6851";"OK";"-90,00";"RUB";"-90,00";"RUB";"";"Услуги банка";"";"Комиссия за операцию";"0,00";"0,00";"-90,00"
"20.05.2019 21:15:30";"22.05.2019";"*6851";"OK";"-740,00";"RUB";"-740,00";"RUB";"";"Рестораны";"5812";"88005500600.Ru";"11,00";"0,00";"-740,00"
"19.05.2019 18:24:42";"21.05.2019";"*6851";"OK";"-524,00";"RUB";"-524,00";"RUB";"";"Рестораны";"5812";"Tarelochka. Dostavka";"7,00";"0,00";"-524,00"
"19.05.2019 13:00:47";"20.05.2019";"*6851";"OK";"-596,70";"RUB";"-596,70";"RUB";"";"Аптеки";"5912";"Аптека Линия Здоровья";"5,00";"0,00";"-596,70"
"18.05.2019 12:05:28";"19.05.2019";"*6851";"OK";"-908,00";"RUB";"-908,00";"RUB";"";"Рестораны";"5812";"Tarelochka. Dostavka";"13,00";"0,00";"-908,00"
"17.05.2019 19:39:41";"19.05.2019";"*6851";"OK";"-303,40";"RUB";"-303,40";"RUB";"";"Супермаркеты";"5411";"Магнит";"3,00";"0,00";"-303,40"
"17.05.2019 11:53:14";"17.05.2019";"*6851";"OK";"-2000,00";"RUB";"-2000,00";"RUB";"";"Наличные";"6011";"Снятие в банкомате Сбербанк";"0,00";"0,00";"-2000,00"
"17.05.2019 00:00:00";"17.05.2019";"*6851";"OK";"-90,00";"RUB";"-90,00";"RUB";"";"Услуги банка";"";"Комиссия за операцию";"0,00";"0,00";"-90,00"
"16.05.2019 16:05:20";"18.05.2019";"*6851";"OK";"-704,00";"RUB";"-704,00";"RUB";"";"Рестораны";"5812";"Tarelochka. Dostavka";"10,00";"0,00";"-704,00"
"15.05.2019 15:47:58";"17.05.2019";"*6851";"OK";"-1381,00";"RUB";"-1381,00";"RUB";"";"Аптеки";"5912";"Аптека Линия Здоровья";"13,00";"0,00";"-1381,00"
"15.05.2019 11:58:21";"16.05.2019";"*6851";"OK";"-710,00";"RUB";"-710,00";"RUB";"";"Рестораны";"5812";"Tarelochka. Dostavka";"10,00";"0,00";"-710,00"
"14.05.2019 13:33:49";"16.05.2019";"*6851";"OK";"-3600,00";"RUB";"-3600,00";"RUB";"";"Отели";"7011";"OOO Parnas";"36,00";"0,00";"-3600,00"
"14.05.2019 13:33:15";"16.05.2019";"*6851";"OK";"-1250,00";"RUB";"-1250,00";"RUB";"";"Отели";"7011";"OOO Parnas";"12,00";"0,00";"-1250,00"
"14.05.2019 11:36:33";"14.05.2019";"*6851";"OK";"-30,00";"RUB";"-30,00";"RUB";"";"Услуги банка";"";"Комиссия за операцию";"0,00";"0,00";"-30,00"
"14.05.2019 11:36:33";"14.05.2019";"*6851";"OK";"-1000,00";"RUB";"-1000,00";"RUB";"";"Переводы";"6012";"Перевод на карту";"0,00";"0,00";"-1000,00"
"13.05.2019 19:53:32";"15.05.2019";"*6851";"OK";"-1975,00";"RUB";"-1975,00";"RUB";"";"Рестораны";"5812";"88005500600.Ru";"29,00";"0,00";"-1975,00"
"13.05.2019 19:30:39";"13.05.2019";"*6851";"OK";"-90,00";"RUB";"-90,00";"RUB";"";"Услуги банка";"";"Комиссия за операцию";"0,00";"0,00";"-90,00"
"13.05.2019 19:30:39";"13.05.2019";"*6851";"OK";"-7000,00";"RUB";"-7000,00";"RUB";"";"Переводы";"6012";"Перевод на карту";"0,00";"0,00";"-7000,00"
"12.05.2019 21:28:06";"14.05.2019";"*6851";"OK";"-577,50";"RUB";"-577,50";"RUB";"";"Супермаркеты";"5411";"OOO Prod. Mag N103";"5,00";"0,00";"-577,50"
"12.05.2019 20:26:02";"13.05.2019";"*6851";"OK";"-650,00";"RUB";"-650,00";"RUB";"";"Связь";"4816";"Atelrybinsk";"0,00";"0,00";"-650,00"
"12.05.2019 16:19:05";"13.05.2019";"*6851";"OK";"-607,00";"RUB";"-607,00";"RUB";"";"Рестораны";"5812";"Tarelochka. Dostavka";"9,00";"0,00";"-607,00"
"11.05.2019 21:39:44";"13.05.2019";"*6851";"OK";"-476,00";"RUB";"-476,00";"RUB";"";"Фастфуд";"5814";"McDonald's";"7,00";"0,00";"-476,00"
"11.05.2019 16:20:27";"13.05.2019";"*6851";"OK";"-523,00";"RUB";"-523,00";"RUB";"";"Рестораны";"5812";"Tarelochka. Dostavka";"7,00";"0,00";"-523,00"
"10.05.2019 14:02:46";"12.05.2019";"*6851";"OK";"-260,00";"RUB";"-260,00";"RUB";"";"Фастфуд";"5814";"Girabar";"3,00";"0,00";"-260,00"
"10.05.2019 13:30:56";"11.05.2019";"*6851";"OK";"-2000,00";"RUB";"-2000,00";"RUB";"";"Медицина";"8099";"Lor-Centr";"20,00";"0,00";"-2000,00"
"08.05.2019 00:00:00";"10.05.2019";"*6851";"OK";"-530,00";"RUB";"-530,00";"RUB";"";"Фастфуд";"5814";"Girabar";"7,00";"0,00";"-530,00"
"06.05.2019 19:51:36";"08.05.2019";"*6851";"OK";"-260,00";"RUB";"-260,00";"RUB";"";"Фастфуд";"5814";"Girabar";"3,00";"0,00";"-260,00"
"05.05.2019 13:05:46";"07.05.2019";"*6851";"OK";"-1208,91";"RUB";"-1208,91";"RUB";"";"Супермаркеты";"5411";"Karusel  Babushkina";"12,00";"0,00";"-1208,91"
"04.05.2019 16:12:55";"06.05.2019";"*6851";"OK";"-498,00";"RUB";"-498,00";"RUB";"";"Рестораны";"5812";"Tarelochka. Dostavka";"7,00";"0,00";"-498,00"
"03.05.2019 23:11:45";"04.05.2019";"*6851";"OK";"-1000,00";"RUB";"-1000,00";"RUB";"";"Мобильная связь";"";"Мой телефон +7 915 490-68-34";"0,00";"0,00";"-1000,00"
"03.05.2019 23:09:48";"04.05.2019";"*6851";"OK";"-1000,00";"RUB";"-1000,00";"RUB";"";"Мобильная связь";"";"Мой телефон +7 915 490-68-34";"0,00";"0,00";"-1000,00"
"02.05.2019 21:47:28";"04.05.2019";"*6851";"OK";"-1160,00";"RUB";"-1160,00";"RUB";"";"Рестораны";"5812";"88005500600.Ru";"17,00";"0,00";"-1160,00"
"02.05.2019 12:21:53";"04.05.2019";"*6851";"OK";"-247,50";"RUB";"-247,50";"RUB";"";"Супермаркеты";"5411";"OOO Prod. Mag N103";"2,00";"0,00";"-247,50"
"02.05.2019 12:04:59";"02.05.2019";"*6851";"OK";"-6000,00";"RUB";"-6000,00";"RUB";"";"Переводы";"6012";"Перевод на карту";"0,00";"0,00";"-6000,00"
"02.05.2019 11:59:52";"02.05.2019";"*6851";"OK";"-13000,00";"RUB";"-13000,00";"RUB";"";"Переводы";"6012";"Перевод на карту";"0,00";"0,00";"-13000,00"
"30.04.2019 15:39:08";"03.05.2019";"*6851";"OK";"-2048,89";"RUB";"-2048,89";"RUB";"";"Супермаркеты";"5411";"Karusel  Babushkina";"20,00";"0,00";"-2048,89"
"30.04.2019 00:00:00";"30.04.2019";"";"OK";"-59,00";"RUB";"-59,00";"RUB";"";"Услуги банка";"";"Плата за оповещения об операциях";"0,00";"0,00";"-59,00"
"30.04.2019 00:00:00";"30.04.2019";"";"OK";"285,12";"RUB";"285,12";"RUB";"";"Бонусы";"";"Проценты на остаток по счету";"0,00";"0,00";"285,12"
"29.04.2019 12:07:49";"01.05.2019";"*6851";"OK";"-449,00";"RUB";"-449,00";"RUB";"";"Супермаркеты";"5411";"OOO Prod. Mag N103";"4,00";"0,00";"-449,00"
"29.04.2019 11:06:03";"29.04.2019";"*6851";"OK";"37557,53";"RUB";"37557,53";"RUB";"";"Пополнения";"";"Пополнение через ООО ""ДОЙЧЕ БАНК""";"0,00";"0,00";"37557,53"
"28.04.2019 12:32:01";"30.04.2019";"*6851";"OK";"-380,00";"RUB";"-380,00";"RUB";"";"Фастфуд";"5814";"Girabar";"5,00";"0,00";"-380,00"
"27.04.2019 20:03:38";"27.04.2019";"*6851";"OK";"-2000,00";"RUB";"-2000,00";"RUB";"";"Переводы";"6012";"Перевод на карту";"0,00";"0,00";"-2000,00"
"26.04.2019 12:32:34";"28.04.2019";"*6851";"OK";"-282,50";"RUB";"-282,50";"RUB";"";"Супермаркеты";"5411";"OOO Prod. Mag N103";"2,00";"0,00";"-282,50"
"26.04.2019 12:11:03";"27.04.2019";"*6851";"OK";"-1320,00";"RUB";"-1320,00";"RUB";"";"Рестораны";"5812";"88005500600.Ru";"19,00";"0,00";"-1320,00"
"24.04.2019 16:08:01";"26.04.2019";"*6851";"OK";"-580,00";"RUB";"-580,00";"RUB";"";"Рестораны";"5812";"Tarelochka. Dostavka";"8,00";"0,00";"-580,00"
"23.04.2019 15:31:41";"25.04.2019";"*6851";"OK";"-269,50";"RUB";"-269,50";"RUB";"";"Супермаркеты";"5411";"OOO Prod. Mag N103";"2,00";"0,00";"-269,50"
"22.04.2019 20:32:13";"23.04.2019";"*6851";"OK";"-1460,00";"RUB";"-1460,00";"RUB";"";"Рестораны";"5812";"88005500600.Ru";"21,00";"0,00";"-1460,00"
"21.04.2019 13:03:05";"23.04.2019";"*6851";"OK";"-2525,63";"RUB";"-2525,63";"RUB";"";"Супермаркеты";"5411";"Karusel  Babushkina";"25,00";"0,00";"-2525,63"
"19.04.2019 11:33:10";"21.04.2019";"*6851";"OK";"-1550,00";"RUB";"-1550,00";"RUB";"";"Рестораны";"5812";"88005500600.Ru";"23,00";"0,00";"-1550,00"
"17.04.2019 22:05:33";"20.04.2019";"*6851";"OK";"-1230,00";"RUB";"-1230,00";"RUB";"";"Рестораны";"5812";"88005500600.Ru";"18,00";"0,00";"-1230,00"
"15.04.2019 18:49:47";"18.04.2019";"*6851";"OK";"-580,00";"RUB";"-580,00";"RUB";"";"Рестораны";"5812";"88005500600.Ru";"8,00";"0,00";"-580,00"
"14.04.2019 16:17:14";"17.04.2019";"*6851";"OK";"-972,50";"RUB";"-972,50";"RUB";"";"Супермаркеты";"5411";"OOO Prod. Mag N103";"9,00";"0,00";"-972,50"
"13.04.2019 14:50:31";"15.04.2019";"*6851";"OK";"-1410,00";"RUB";"-1410,00";"RUB";"";"Рестораны";"5812";"88005500600.Ru";"21,00";"0,00";"-1410,00"
"12.04.2019 20:20:35";"15.04.2019";"*6851";"OK";"-930,00";"RUB";"-930,00";"RUB";"";"Рестораны";"5812";"88005500600.Ru";"13,00";"0,00";"-930,00"
"11.04.2019 16:46:54";"13.04.2019";"*6851";"OK";"-1250,00";"RUB";"-1250,00";"RUB";"";"Рестораны";"5812";"88005500600.Ru";"18,00";"0,00";"-1250,00"
"09.04.2019 15:21:57";"11.04.2019";"*6851";"OK";"-367,50";"RUB";"-367,50";"RUB";"";"Супермаркеты";"5411";"OOO Prod. Mag N103";"3,00";"0,00";"-367,50"
"07.04.2019 21:08:18";"10.04.2019";"*6851";"OK";"-1330,00";"RUB";"-1330,00";"RUB";"";"Рестораны";"5812";"88005500600.Ru";"19,00";"0,00";"-1330,00"
"07.04.2019 12:48:24";"10.04.2019";"*6851";"OK";"-650,00";"RUB";"-650,00";"RUB";"";"Связь";"4816";"Atelrybinsk";"0,00";"0,00";"-650,00"
"07.04.2019 00:14:59";"08.04.2019";"*6851";"OK";"-800,00";"RUB";"-800,00";"RUB";"";"Рестораны";"5812";"88005500600.Ru";"12,00";"0,00";"-800,00"
"06.04.2019 11:01:50";"07.04.2019";"*6851";"OK";"-545,00";"RUB";"-545,00";"RUB";"";"Рестораны";"5812";"Tarelochka. Dostavka";"8,00";"0,00";"-545,00"
"05.04.2019 17:20:46";"07.04.2019";"*6851";"OK";"-910,00";"RUB";"-910,00";"RUB";"";"Рестораны";"5812";"88005500600.Ru";"13,00";"0,00";"-910,00"
"05.04.2019 11:27:27";"06.04.2019";"*6851";"OK";"-710,00";"RUB";"-710,00";"RUB";"";"Рестораны";"5812";"Tarelochka. Dostavka";"10,00";"0,00";"-710,00"
"04.04.2019 21:47:45";"05.04.2019";"*6851";"OK";"-6000,00";"RUB";"-6000,00";"RUB";"";"Переводы";"6012";"Перевод на карту";"0,00";"0,00";"-6000,00"
"03.04.2019 21:43:27";"05.04.2019";"*6851";"OK";"-15147,00";"RUB";"-15147,00";"RUB";"";"Наличные";"6012";"Qiwi";"0,00";"0,00";"-15147,00"
"03.04.2019 21:18:48";"05.04.2019";"*6851";"OK";"-153,00";"RUB";"-153,00";"RUB";"";"Наличные";"6012";"Qiwi";"0,00";"0,00";"-153,00"
"03.04.2019 15:06:25";"04.04.2019";"*6851";"OK";"-550,00";"RUB";"-550,00";"RUB";"";"Рестораны";"5812";"Tarelochka. Dostavka";"8,00";"0,00";"-550,00"
"01.04.2019 13:18:26";"02.04.2019";"*6851";"OK";"-990,00";"RUB";"-990,00";"RUB";"";"Рестораны";"5812";"Tarelochka. Dostavka";"14,00";"0,00";"-990,00"
"31.03.2019 12:10:34";"01.04.2019";"*6851";"OK";"-540,00";"RUB";"-540,00";"RUB";"";"Рестораны";"5812";"Tarelochka. Dostavka";"8,00";"0,00";"-540,00"
"30.03.2019 22:26:43";"31.03.2019";"*6851";"OK";"-400,00";"RUB";"-400,00";"RUB";"";"Переводы";"6012";"Перевод на карту";"0,00";"0,00";"-400,00"
"30.03.2019 15:45:26";"01.04.2019";"*6851";"OK";"-515,00";"RUB";"-515,00";"RUB";"";"Рестораны";"5812";"Tarelochka. Dostavka";"7,00";"0,00";"-515,00"
"30.03.2019 10:21:21";"30.03.2019";"*6851";"OK";"-1200,00";"RUB";"-1200,00";"RUB";"";"Переводы";"6012";"Перевод на карту";"0,00";"0,00";"-1200,00"
"30.03.2019 00:00:00";"30.03.2019";"";"OK";"-99,00";"RUB";"-99,00";"RUB";"";"Услуги банка";"";"Плата за обслуживание";"0,00";"0,00";"-99,00"
"30.03.2019 00:00:00";"30.03.2019";"";"OK";"-59,00";"RUB";"-59,00";"RUB";"";"Услуги банка";"";"Плата за оповещения об операциях";"0,00";"0,00";"-59,00"
"30.03.2019 00:00:00";"30.03.2019";"";"OK";"94,86";"RUB";"94,86";"RUB";"";"Бонусы";"";"Проценты на остаток по счету";"0,00";"0,00";"94,86"
"28.03.2019 10:12:56";"28.03.2019";"*6851";"OK";"74764,64";"RUB";"74764,64";"RUB";"";"Пополнения";"";"Пополнение через ООО ""ДОЙЧЕ БАНК""";"0,00";"0,00";"74764,64"
"27.03.2019 14:25:53";"29.03.2019";"*6851";"OK";"-933,00";"RUB";"-933,00";"RUB";"";"Супермаркеты";"5411";"OOO Prod. Mag N103";"9,00";"0,00";"-933,00"
"19.03.2019 00:00:00";"20.03.2019";"*6851";"OK";"-10102,09";"RUB";"-10102,09";"RUB";"";"Наличные";"6012";"Wu.Com";"0,00";"0,00";"-10102,09"
"19.03.2019 00:00:00";"20.03.2019";"*6851";"OK";"-997,52";"RUB";"-997,52";"RUB";"";"Супермаркеты";"5411";"Karusel  Babushkina";"9,00";"0,00";"-997,52"
"17.03.2019 00:00:00";"19.03.2019";"*6851";"OK";"-1091,95";"RUB";"-1091,95";"RUB";"";"Супермаркеты";"5411";"Karusel  Babushkina";"10,00";"0,00";"-1091,95"
"16.03.2019 00:00:00";"18.03.2019";"*6851";"OK";"-1665,00";"RUB";"-1665,00";"RUB";"";"Супермаркеты";"5411";"OOO Prod. Mag N103";"16,00";"0,00";"-1665,00"
"13.03.2019 22:47:27";"15.03.2019";"*6851";"OK";"-324,00";"RUB";"-324,00";"RUB";"";"Различные товары";"7278";"Realtycalendar";"3,00";"0,00";"-324,00"
"13.03.2019 11:11:12";"15.03.2019";"*6851";"OK";"-1409,00";"RUB";"-1409,00";"RUB";"";"Супермаркеты";"5411";"OOO Prod. Mag N103";"14,00";"0,00";"-1409,00"
"13.03.2019 11:01:15";"15.03.2019";"*6851";"OK";"-262,50";"RUB";"-262,50";"RUB";"";"Аптеки";"5912";"Aptechnyj Punkt";"2,00";"0,00";"-262,50"
"13.03.2019 10:14:27";"13.03.2019";"*6851";"OK";"25676,74";"RUB";"25676,74";"RUB";"";"Пополнения";"";"Пополнение через ООО ""ДОЙЧЕ БАНК""";"0,00";"0,00";"25676,74"
"12.03.2019 15:54:32";"14.03.2019";"*6851";"OK";"-650,00";"RUB";"-650,00";"RUB";"";"Связь";"4816";"Atelrybinsk";"0,00";"0,00";"-650,00"
"11.03.2019 19:12:06";"13.03.2019";"*6851";"OK";"-740,00";"RUB";"-740,00";"RUB";"";"Рестораны";"5812";"88005500600.Ru";"11,00";"0,00";"-740,00"
"11.03.2019 18:59:18";"11.03.2019";"*6851";"OK";"-10000,00";"RUB";"-10000,00";"RUB";"";"Переводы";"6012";"Перевод на карту";"0,00";"0,00";"-10000,00"
"11.03.2019 18:54:48";"11.03.2019";"*6851";"OK";"-1000,00";"RUB";"-1000,00";"RUB";"";"Мобильная связь";"";"Мой телефон +7 915 490-68-34";"0,00";"0,00";"-1000,00"
"11.03.2019 14:40:33";"12.03.2019";"*6851";"OK";"-993,00";"RUB";"-993,00";"RUB";"";"Супермаркеты";"5411";"OOO Prod. Mag N103";"9,00";"0,00";"-993,00"
"10.03.2019 21:30:15";"12.03.2019";"*6851";"OK";"-399,50";"RUB";"-399,50";"RUB";"";"Супермаркеты";"5411";"OOO Prod. Mag N103";"3,00";"0,00";"-399,50"
"10.03.2019 00:52:27";"11.03.2019";"*6851";"OK";"-1270,00";"RUB";"-1270,00";"RUB";"";"Рестораны";"5812";"88005500600.Ru";"25,00";"0,00";"-1270,00"
"09.03.2019 22:05:44";"10.03.2019";"*6851";"OK";"-6500,00";"RUB";"-6500,00";"RUB";"";"Переводы";"6012";"Перевод на карту";"0,00";"0,00";"-6500,00"
"07.03.2019 17:43:06";"11.03.2019";"*6851";"OK";"-788,50";"RUB";"-788,50";"RUB";"";"Супермаркеты";"5411";"OOO Prod. Mag N103";"7,00";"0,00";"-788,50"
"06.03.2019 19:00:34";"09.03.2019";"*6851";"OK";"-1255,00";"RUB";"-1255,00";"RUB";"";"Супермаркеты";"5411";"OOO Prod. Mag N103";"12,00";"0,00";"-1255,00"
"05.03.2019 10:47:22";"05.03.2019";"*6851";"OK";"21741,96";"RUB";"21741,96";"RUB";"";"Пополнения";"";"Пополнение через ООО ""ДОЙЧЕ БАНК""";"0,00";"0,00";"21741,96"
"28.02.2019 00:00:00";"28.02.2019";"";"OK";"-99,00";"RUB";"-99,00";"RUB";"";"Услуги банка";"";"Плата за обслуживание";"0,00";"0,00";"-99,00"
"28.02.2019 00:00:00";"28.02.2019";"";"OK";"-59,00";"RUB";"-59,00";"RUB";"";"Услуги банка";"";"Плата за оповещения об операциях";"0,00";"0,00";"-59,00"
"28.02.2019 00:00:00";"28.02.2019";"";"OK";"66,00";"RUB";"66,00";"RUB";"";"Бонусы";"";"Проценты на остаток по счету";"0,00";"0,00";"66,00"
"26.02.2019 18:03:23";"28.02.2019";"*6851";"OK";"-1150,00";"RUB";"-1150,00";"RUB";"";"Рестораны";"5812";"88005500600.Ru";"23,00";"0,00";"-1150,00"
"26.02.2019 17:59:30";"28.02.2019";"*6851";"OK";"-650,00";"RUB";"-650,00";"RUB";"";"Связь";"4816";"Atelrybinsk";"0,00";"0,00";"-650,00"
"24.02.2019 19:08:56";"26.02.2019";"*6851";"OK";"-1262,00";"RUB";"-1262,00";"RUB";"";"Супермаркеты";"5411";"OOO Prod. Mag N103";"12,00";"0,00";"-1262,00"
"23.02.2019 19:24:15";"23.02.2019";"*6851";"OK";"-360,00";"RUB";"-360,00";"RUB";"";"Мобильная связь";"";"Yota +7 996 697-46-59";"0,00";"0,00";"-360,00"
"23.02.2019 13:06:36";"24.02.2019";"*6851";"OK";"-1260,00";"RUB";"-1260,00";"RUB";"";"Рестораны";"5812";"88005500600.Ru";"25,00";"0,00";"-1260,00"
"21.02.2019 18:27:18";"21.02.2019";"*6851";"OK";"-200,00";"RUB";"-200,00";"RUB";"";"Переводы";"6012";"Перевод на карту";"0,00";"0,00";"-200,00"
"18.02.2019 15:53:51";"20.02.2019";"*6851";"OK";"-1100,00";"RUB";"-1100,00";"RUB";"";"Рестораны";"5812";"88005500600.Ru";"22,00";"0,00";"-1100,00"
"16.02.2019 16:00:05";"18.02.2019";"*6851";"OK";"-789,70";"RUB";"-789,70";"RUB";"";"Фастфуд";"5814";"Бургер Кинг";"15,00";"0,00";"-789,70"
"16.02.2019 15:53:34";"18.02.2019";"*6851";"OK";"-1250,00";"RUB";"-1250,00";"RUB";"";"Книги и канцтовары";"5942";"Читай-город";"12,00";"0,00";"-1250,00"
"16.02.2019 02:17:32";"16.02.2019";"*6851";"OK";"-531,92";"RUB";"-531,92";"RUB";"";"НКО";"8398";"Donation Alerts";"5,00";"0,00";"-531,92"
"15.02.2019 21:32:05";"17.02.2019";"*6851";"OK";"-785,50";"RUB";"-785,50";"RUB";"";"Супермаркеты";"5411";"OOO Prod. Mag N103";"7,00";"0,00";"-785,50"
"14.02.2019 17:37:16";"16.02.2019";"*6851";"OK";"-1416,42";"RUB";"-1416,42";"RUB";"";"Супермаркеты";"5411";"Karusel  Babushkina";"14,00";"0,00";"-1416,42"
"12.02.2019 17:44:46";"14.02.2019";"*6851";"OK";"-1334,16";"RUB";"-1334,16";"RUB";"";"Супермаркеты";"5411";"Karusel  Babushkina";"13,00";"0,00";"-1334,16"
"11.02.2019 19:32:15";"13.02.2019";"*6851";"OK";"-965,00";"RUB";"-965,00";"RUB";"";"Супермаркеты";"5411";"OOO Prod. Mag N103";"9,00";"0,00";"-965,00"
"08.02.2019 23:07:54";"10.02.2019";"*6851";"OK";"-1670,00";"RUB";"-1670,00";"RUB";"";"Рестораны";"5812";"88005500600.Ru";"33,00";"0,00";"-1670,00"
"07.02.2019 15:10:48";"09.02.2019";"*6851";"OK";"-560,50";"RUB";"-560,50";"RUB";"";"Супермаркеты";"5411";"OOO Prod. Mag N103";"5,00";"0,00";"-560,50"
"06.02.2019 13:17:24";"08.02.2019";"*6851";"OK";"-1491,50";"RUB";"-1491,50";"RUB";"";"Супермаркеты";"5411";"OOO Prod. Mag N103";"14,00";"0,00";"-1491,50"
"05.02.2019 19:44:56";"07.02.2019";"*6851";"OK";"-704,00";"RUB";"-704,00";"RUB";"";"Супермаркеты";"5411";"OOO Prod. Mag N103";"7,00";"0,00";"-704,00"
"03.02.2019 19:51:24";"05.02.2019";"*6851";"OK";"-1137,50";"RUB";"-1137,50";"RUB";"";"Супермаркеты";"5411";"OOO Prod. Mag N103";"11,00";"0,00";"-1137,50"
"03.02.2019 17:28:48";"05.02.2019";"*6851";"OK";"-3197,00";"RUB";"-3197,00";"RUB";"";"Красота";"5977";"Подружка";"31,00";"0,00";"-3197,00"
"03.02.2019 15:48:28";"05.02.2019";"*6851";"OK";"-700,00";"RUB";"-700,00";"RUB";"";"Связь";"4816";"Atelrybinsk";"0,00";"0,00";"-700,00"
"01.02.2019 20:28:03";"03.02.2019";"*6851";"OK";"-748,50";"RUB";"-748,50";"RUB";"";"Супермаркеты";"5411";"OOO Prod. Mag N103";"7,00";"0,00";"-748,50"
"31.01.2019 11:57:11";"31.01.2019";"*6851";"OK";"-6000,00";"RUB";"-6000,00";"RUB";"";"Переводы";"6012";"Перевод на карту";"0,00";"0,00";"-6000,00"
"31.01.2019 11:29:59";"02.02.2019";"*6851";"OK";"-604,50";"RUB";"-604,50";"RUB";"";"Супермаркеты";"5411";"OOO Prod. Mag N103";"6,00";"0,00";"-604,50"
"31.01.2019 11:12:20";"31.01.2019";"*6851";"OK";"31974,69";"RUB";"31974,69";"RUB";"";"Пополнения";"";"Пополнение через ООО ""ДОЙЧЕ БАНК""";"0,00";"0,00";"31974,69"
"30.01.2019 19:25:02";"01.02.2019";"*6851";"OK";"-500,50";"RUB";"-500,50";"RUB";"";"Супермаркеты";"5411";"OOO Prod. Mag N103";"5,00";"0,00";"-500,50"
"30.01.2019 17:16:32";"01.02.2019";"*6851";"OK";"-462,00";"RUB";"-462,00";"RUB";"";"Супермаркеты";"5411";"OOO Prod. Mag N103";"4,00";"0,00";"-462,00"
"30.01.2019 00:00:00";"30.01.2019";"";"OK";"-99,00";"RUB";"-99,00";"RUB";"";"Услуги банка";"";"Плата за обслуживание";"0,00";"0,00";"-99,00"
"30.01.2019 00:00:00";"30.01.2019";"";"OK";"-59,00";"RUB";"-59,00";"RUB";"";"Услуги банка";"";"Плата за оповещения об операциях";"0,00";"0,00";"-59,00"
"30.01.2019 00:00:00";"30.01.2019";"";"OK";"5,05";"RUB";"5,05";"RUB";"";"Бонусы";"";"Проценты на остаток по счету";"0,00";"0,00";"5,05"
"22.01.2019 14:58:39";"23.01.2019";"*6851";"OK";"-920,00";"RUB";"-920,00";"RUB";"";"Рестораны";"5812";"88005500600.Ru";"18,00";"0,00";"-920,00"
"21.01.2019 12:58:01";"21.01.2019";"*6851";"OK";"-6000,00";"RUB";"-6000,00";"RUB";"";"Переводы";"6012";"Перевод на карту";"0,00";"0,00";"-6000,00"
"21.01.2019 12:29:28";"22.01.2019";"*6851";"OK";"-800,06";"RUB";"-800,06";"RUB";"";"Госуслуги";"9311";"Payu_Payservice.Ippay";"8,00";"0,00";"-800,06"
"21.01.2019 11:26:21";"21.01.2019";"*6851";"OK";"9021,50";"RUB";"9021,50";"RUB";"";"Пополнения";"";"Пополнение через ООО ""ДОЙЧЕ БАНК""";"0,00";"0,00";"9021,50"
"21.01.2019 00:00:00";"22.01.2019";"*6851";"OK";"-5,00";"USD";"-339,50";"RUB";"";"Книги и канцтовары";"5192";"Sergey Ivanov";"3,00";"0,00";"-339,50"
"10.01.2019 11:44:40";"10.01.2019";"*6851";"OK";"0,20";"RUB";"0,20";"RUB";"";"Пополнения";"";"Пополнение через ООО ""ДОЙЧЕ БАНК""";"0,00";"0,00";"0,20"
"10.01.2019 11:44:40";"10.01.2019";"*6851";"OK";"0,09";"RUB";"0,09";"RUB";"";"Пополнения";"";"Пополнение через ООО ""ДОЙЧЕ БАНК""";"0,00";"0,00";"0,09"
"09.01.2019 14:43:20";"09.01.2019";"*6851";"OK";"0,19";"RUB";"0,19";"RUB";"";"Пополнения";"";"Пополнение через ООО ""ДОЙЧЕ БАНК""";"0,00";"0,00";"0,19"
"09.01.2019 14:43:20";"09.01.2019";"*6851";"OK";"0,01";"RUB";"0,01";"RUB";"";"Пополнения";"";"Пополнение через ООО ""ДОЙЧЕ БАНК""";"0,00";"0,00";"0,01"
"30.12.2018 05:40:07";"03.01.2019";"*6851";"OK";"-115,56";"RUB";"-115,56";"RUB";"";"Развлечения";"7994";"Steam";"5,00";"0,00";"-115,56"
"30.12.2018 00:00:00";"30.12.2018";"";"OK";"-99,00";"RUB";"-99,00";"RUB";"";"Услуги банка";"";"Плата за обслуживание";"0,00";"0,00";"-99,00"
"30.12.2018 00:00:00";"30.12.2018";"";"OK";"-59,00";"RUB";"-59,00";"RUB";"";"Услуги банка";"";"Плата за оповещения об операциях";"0,00";"0,00";"-59,00"
"30.12.2018 00:00:00";"30.12.2018";"";"OK";"9,34";"RUB";"9,34";"RUB";"";"Бонусы";"";"Проценты на остаток по счету";"0,00";"0,00";"9,34"
"07.12.2018 14:57:54";"07.12.2018";"*6851";"OK";"-1210,00";"RUB";"-1210,00";"RUB";"";"Фастфуд";"5814";"Додо Пицца";"24,00";"0,00";"-1210,00"
"06.12.2018 14:38:45";"07.12.2018";"*6851";"OK";"-920,00";"RUB";"-920,00";"RUB";"";"Рестораны";"5812";"88005500600.Ru";"18,00";"0,00";"-920,00"
"04.12.2018 17:01:27";"04.12.2018";"*6851";"OK";"-1545,00";"RUB";"-1545,00";"RUB";"";"Фастфуд";"5814";"Додо Пицца";"30,00";"0,00";"-1545,00"
"03.12.2018 12:28:09";"04.12.2018";"*6851";"OK";"-1160,00";"RUB";"-1160,00";"RUB";"";"Рестораны";"5812";"88005500600.Ru";"23,00";"0,00";"-1160,00"
"02.12.2018 22:40:42";"04.12.2018";"*6851";"OK";"-725,00";"RUB";"-725,00";"RUB";"";"Рестораны";"5812";"88005500600.Ru";"14,00";"0,00";"-725,00"
"01.12.2018 17:28:18";"01.12.2018";"*6851";"OK";"-1260,00";"RUB";"-1260,00";"RUB";"";"Фастфуд";"5814";"Додо Пицца";"25,00";"0,00";"-1260,00"
"30.11.2018 16:25:43";"30.11.2018";"*6851";"OK";"-770,00";"RUB";"-770,00";"RUB";"";"Фастфуд";"5814";"Додо Пицца";"15,00";"0,00";"-770,00"
"30.11.2018 00:00:00";"30.11.2018";"";"OK";"-59,00";"RUB";"-59,00";"RUB";"";"Услуги банка";"";"Плата за оповещения об операциях";"0,00";"0,00";"-59,00"
"30.11.2018 00:00:00";"30.11.2018";"";"OK";"44,56";"RUB";"44,56";"RUB";"";"Бонусы";"";"Проценты на остаток по счету";"0,00";"0,00";"44,56"
"29.11.2018 20:09:47";"01.12.2018";"*6851";"OK";"-960,00";"RUB";"-960,00";"RUB";"";"Рестораны";"5812";"88005500600.Ru";"19,00";"0,00";"-960,00"
"25.11.2018 15:17:46";"26.11.2018";"*6851";"OK";"-1520,00";"RUB";"-1520,00";"RUB";"";"Рестораны";"5812";"88005500600.Ru";"30,00";"0,00";"-1520,00"
"22.11.2018 18:44:12";"24.11.2018";"*6851";"OK";"-2315,00";"RUB";"-2315,00";"RUB";"";"Рестораны";"5812";"88005500600.Ru";"46,00";"0,00";"-2315,00"
"19.11.2018 20:58:02";"20.11.2018";"*6851";"OK";"-1510,00";"RUB";"-1510,00";"RUB";"";"Фастфуд";"5814";"Додо Пицца";"30,00";"0,00";"-1510,00"
"17.11.2018 13:37:14";"18.11.2018";"*6851";"OK";"-1364,89";"RUB";"-1364,89";"RUB";"";"НКО";"8999";"PayPal";"0,00";"0,00";"-1364,89"
"17.11.2018 10:50:18";"18.11.2018";"*6851";"OK";"-60,00";"RUB";"-60,00";"RUB";"";"НКО";"8999";"Pp*1673code";"0,00";"0,00";"-60,00"
"17.11.2018 00:00:00";"18.11.2018";"*6851";"OK";"60,00";"RUB";"60,00";"RUB";"";"НКО";"8999";"Pp*1673code";"0,00";"0,00";"60,00"
"16.11.2018 17:59:03";"18.11.2018";"*6851";"OK";"-1290,00";"RUB";"-1290,00";"RUB";"";"Рестораны";"5812";"88005500600.Ru";"25,00";"0,00";"-1290,00"
"13.11.2018 07:21:41";"14.11.2018";"*6851";"OK";"-300,00";"RUB";"-300,00";"RUB";"";"Отели";"7011";"OOO Parnas";"3,00";"0,00";"-300,00"
"12.11.2018 10:27:03";"13.11.2018";"*6851";"OK";"-840,00";"RUB";"-840,00";"RUB";"";"Рестораны";"5812";"88005500600.Ru";"16,00";"0,00";"-840,00"
"12.11.2018 09:38:40";"14.11.2018";"*6851";"OK";"-1427,45";"RUB";"-1427,45";"RUB";"";"Супермаркеты";"5411";"Karusel  Babushkina";"14,00";"0,00";"-1427,45"
"11.11.2018 03:15:36";"11.11.2018";"*6851";"OK";"-3,27";"RUB";"-3,27";"RUB";"";"Переводы";"";"Федеральная Налоговая Служба";"0,00";"0,00";"-3,27"
"11.11.2018 03:06:00";"11.11.2018";"*6851";"OK";"20000,00";"RUB";"20000,00";"RUB";"";"Пополнения";"6012";"Перевод с карты";"0,00";"0,00";"20000,00"
